DateTime,depth_m,18kHz_Sv,38kHz_Sv,code
2016-07-25_21:27:30.00,114.0,-97.54,-100.17,2
2016-07-25_21:27:30.00,116.0,-84.12,-86.73,2
2016-07-25_21:27:30.00,118.0,-91.95,-93.78,2
2016-07-25_21:27:30.00,120.0,-96.09,-97.17,2
2016-07-25_21:27:30.00,122.0,-90.82,-95.34,1
2016-07-25_21:27:30.00,124.0,-95.53,-95.79,2
2016-07-25_21:27:30.00,126.0,-96.92,-89.44,3
2016-07-25_21:27:30.00,128.0,-103.86,-93.63,3
2016-07-25_21:27:30.00,130.0,-96.13,-92.46,3
2016-07-25_21:27:30.00,132.0,-93.15,-96.38,1
2016-07-25_21:27:30.00,134.0,-94.08,-103.42,1
2016-07-25_21:27:30.00,136.0,-85.08,-85.26,2
2016-07-25_21:27:30.00,138.0,-90.88,-89.4,2
2016-07-25_21:27:30.00,140.0,-88.41,-91.31,2
2016-07-25_21:27:30.00,142.0,-92.29,-92.55,2
2016-07-25_21:27:30.00,144.0,-102.28,-110.87,1
2016-07-25_21:27:30.00,146.0,-93.73,-88.16,3
2016-07-25_21:27:30.00,148.0,-88.74,-90.37,2
2016-07-25_21:27:30.00,150.0,-90.22,-88.14,2
2016-07-25_21:27:30.00,152.0,-94.78,-103.5,1
2016-07-25_21:27:30.00,154.0,-105.1,-111.92,1
2016-07-25_21:27:30.00,156.0,-94.75,-105.39,1
2016-07-25_21:27:30.00,158.0,-94.47,-97.37,2
2016-07-25_21:27:30.00,160.0,-86.61,-92.73,1
2016-07-25_21:27:30.00,162.0,-101.77,-111.54,1
2016-07-25_21:27:30.00,164.0,-103.52,-107.14,1
2016-07-25_21:27:30.00,166.0,-101.2,-102.51,2
2016-07-25_21:27:30.00,168.0,-100.93,-92.87,3
2016-07-25_21:27:30.00,170.0,-101.4,-89.65,3
2016-07-25_21:27:30.00,172.0,-86.46,-92.85,1
2016-07-25_21:27:30.00,174.0,-87.43,-86.77,2
2016-07-25_21:27:30.00,176.0,-94.02,-91.73,2
2016-07-25_21:27:30.00,178.0,-91.55,-87.64,3
2016-07-25_21:27:30.00,180.0,-96.98,-92.94,3
2016-07-25_21:27:30.00,182.0,-93.39,-88.88,3
2016-07-25_21:27:30.00,184.0,-78.83,-85.76,1
2016-07-25_21:27:30.00,186.0,-84.65,-86.79,2
2016-07-25_21:27:30.00,188.0,-78.96,-81.89,2
2016-07-25_21:27:30.00,190.0,-78.24,-79.51,2
2016-07-25_21:27:30.00,192.0,-82.7,-85.88,1
2016-07-25_21:27:30.00,194.0,-90.16,-90.74,2
2016-07-25_21:27:30.00,196.0,-80.84,-101.38,1
2016-07-25_21:27:30.00,198.0,-95.31,-90.09,3
2016-07-25_21:27:30.00,200.0,-89.23,-85.28,3
2016-07-25_21:27:30.00,202.0,-95.91,-85.48,3
2016-07-25_21:27:30.00,204.0,-101.62,-91.27,3
2016-07-25_21:27:30.00,206.0,-90.37,-94.16,1
2016-07-25_21:27:30.00,208.0,-84.84,-90.37,1
2016-07-25_21:27:30.00,210.0,-98.29,-88.78,3
2016-07-25_21:27:30.00,212.0,-94.93,-84.27,3
2016-07-25_21:27:30.00,214.0,-80.28,-89.58,1
2016-07-25_21:27:30.00,216.0,-88.97,-87.47,2
2016-07-25_21:27:30.00,218.0,-96.47,-89.24,3
2016-07-25_21:27:30.00,220.0,-89.41,-94.82,1
2016-07-25_21:27:30.00,222.0,-98.71,-105.99,1
2016-07-25_21:27:30.00,224.0,-97.13,-93.85,3
2016-07-25_21:27:30.00,226.0,-97.8,-96.6,2
2016-07-25_21:27:30.00,228.0,-91.52,-97.92,1
2016-07-25_21:27:30.00,230.0,-83.95,-83.04,2
2016-07-25_21:27:30.00,232.0,-86.29,-85.38,2
2016-07-25_21:27:30.00,234.0,-87.54,-91.43,1
2016-07-25_21:27:30.00,236.0,-90.33,-94.65,1
2016-07-25_21:27:30.00,238.0,-94.15,-93.6,2
2016-07-25_21:27:30.00,240.0,-87.05,-88.74,2
2016-07-25_21:27:30.00,242.0,-84.06,-94.04,1
2016-07-25_21:27:30.00,244.0,-96.28,-95.03,2
2016-07-25_21:27:30.00,246.0,-86.51,-85.85,2
2016-07-25_21:27:30.00,248.0,-83.73,-92.77,1
2016-07-25_21:27:30.00,250.0,-91.36,-93.56,2
2016-07-25_21:27:30.00,252.0,-86.8,-90.29,1
2016-07-25_21:27:30.00,254.0,-90.25,-91.6,2
2016-07-25_21:27:30.00,256.0,-87.77,-93.86,1
2016-07-25_21:27:30.00,258.0,-97.35,-103.86,1
2016-07-25_21:27:30.00,260.0,-87.87,-89.5,2
2016-07-25_21:27:30.00,262.0,-88.92,-90.78,2
2016-07-25_21:27:30.00,264.0,-86.59,-90.28,1
2016-07-25_21:27:30.00,266.0,-87.37,-90.72,1
2016-07-25_21:27:30.00,268.0,-89.42,-90.05,2
2016-07-25_21:27:30.00,270.0,-89.55,-86.88,2
2016-07-25_21:27:30.00,272.0,-90.06,-87.2,2
2016-07-25_21:27:30.00,274.0,-90.38,-107.97,1
2016-07-25_21:27:30.00,276.0,-93.77,-102.22,1
2016-07-25_21:27:30.00,278.0,-86.27,-87.63,2
2016-07-25_21:27:30.00,280.0,-88.39,-91.49,1
2016-07-25_21:27:30.00,282.0,-89.94,-94.21,1
2016-07-25_21:27:30.00,284.0,-87.86,-101.21,1
2016-07-25_21:27:30.00,286.0,-83.61,-85.97,2
2016-07-25_21:27:30.00,288.0,-84.34,-90.62,1
2016-07-25_21:27:30.00,290.0,-84.05,-94.2,1
2016-07-25_21:27:30.00,292.0,-84.24,-93.68,1
2016-07-25_21:27:30.00,294.0,-83.27,-85.57,2
2016-07-25_21:27:30.00,296.0,-83.2,-90.78,1
2016-07-25_21:27:30.00,298.0,-82.52,-89.49,1
2016-07-25_21:27:30.00,300.0,-92.52,-97.3,1
2016-07-25_21:27:30.00,302.0,-82.87,-85.73,2
2016-07-25_21:27:30.00,304.0,-87.12,-83.25,3
2016-07-25_21:27:30.00,306.0,-84.33,-83.37,2
2016-07-25_21:27:30.00,308.0,-83.23,-82.85,2
2016-07-25_21:27:30.00,310.0,-81.29,-83.92,2
2016-07-25_21:27:30.00,312.0,-77.17,-81.26,1
2016-07-25_21:27:30.00,314.0,-78.29,-86.68,1
2016-07-25_21:27:30.00,316.0,-76.36,-84.22,1
2016-07-25_21:27:30.00,318.0,-78.54,-84.78,1
2016-07-25_21:27:30.00,320.0,-78.06,-74.29,3
2016-07-25_21:27:30.00,322.0,-74.44,-79.91,1
2016-07-25_21:27:30.00,324.0,-72.36,-79.67,1
2016-07-25_21:27:30.00,326.0,-73.75,-79.32,1
2016-07-25_21:27:30.00,328.0,-68.49,-80.67,1
2016-07-25_21:27:30.00,330.0,-68.24,-81.88,1
2016-07-25_21:27:30.00,332.0,-69.5,-80.11,1
2016-07-25_21:27:30.00,334.0,-64.49,-75.22,1
2016-07-25_21:27:30.00,336.0,-63.36,-69.02,1
2016-07-25_21:27:30.00,338.0,-61.11,-72.97,1
2016-07-25_21:27:30.00,340.0,-68.07,-78.49,1
2016-07-25_21:27:30.00,342.0,-65.24,-77.49,1
2016-07-25_21:27:30.00,344.0,-64.44,-76.56,1
2016-07-25_21:27:30.00,346.0,-62.34,-75.34,1
2016-07-25_21:27:30.00,348.0,-61.81,-78.54,1
2016-07-25_21:27:30.00,350.0,-67.4,-75.21,1
2016-07-25_21:27:30.00,352.0,-62.77,-76.07,1
2016-07-25_21:27:30.00,354.0,-68.33,-76.59,1
2016-07-25_21:27:30.00,356.0,-65.11,-73.13,1
2016-07-25_21:27:30.00,358.0,-76.66,-75.47,2
2016-07-25_21:27:30.00,360.0,-66.54,-73.84,1
2016-07-25_21:27:30.00,362.0,-66.56,-72.85,1
2016-07-25_21:27:30.00,364.0,-66.55,-73.48,1
2016-07-25_21:27:30.00,366.0,-70.53,-73.08,2
2016-07-25_21:27:30.00,368.0,-67.57,-73.69,1
2016-07-25_21:27:30.00,370.0,-66.5,-69.97,1
2016-07-25_21:27:30.00,372.0,-67.43,-76.2,1
2016-07-25_21:27:30.00,374.0,-65.95,-72.35,1
2016-07-25_21:27:30.00,376.0,-63.89,-72.88,1
2016-07-25_21:27:30.00,378.0,-63.36,-70.31,1
2016-07-25_21:27:30.00,380.0,-71.36,-72.13,2
2016-07-25_21:27:30.00,382.0,-65.45,-73.91,1
2016-07-25_21:27:30.00,384.0,-66.48,-78.4,1
2016-07-25_21:27:30.00,386.0,-66.06,-79.16,1
2016-07-25_21:27:30.00,388.0,-68.89,-77.27,1
2016-07-25_21:27:30.00,390.0,-66.22,-75.92,1
2016-07-25_21:27:40.00,260.0,-92.13,-96.56,1
2016-07-25_21:27:40.00,262.0,-84.85,-87.9,1
2016-07-25_21:27:40.00,264.0,-80.76,-89.61,1
2016-07-25_21:27:40.00,266.0,-83.86,-91.96,1
2016-07-25_21:27:40.00,268.0,-88.57,-93.15,1
2016-07-25_21:27:40.00,270.0,-86.2,-97.59,1
2016-07-25_21:27:40.00,272.0,-86.33,-97.39,1
2016-07-25_21:27:40.00,274.0,-91.38,-102.58,1
2016-07-25_21:27:40.00,276.0,-83.99,-87.62,1
2016-07-25_21:27:40.00,278.0,-93.5,-105.27,1
2016-07-25_21:27:40.00,280.0,-85.94,-89.86,1
2016-07-25_21:27:40.00,282.0,-90.33,-95.66,1
2016-07-25_21:27:40.00,284.0,-87.86,-96.46,1
2016-07-25_21:27:40.00,286.0,-93.37,-111.16,1
2016-07-25_21:27:40.00,288.0,-82.56,-89.35,1
2016-07-25_21:27:40.00,290.0,-85.18,-94.94,1
2016-07-25_21:27:40.00,292.0,-85.79,-95.71,1
2016-07-25_21:27:40.00,294.0,-87.49,-101.96,1
2016-07-25_21:27:40.00,296.0,-81.01,-90.65,1
2016-07-25_21:27:40.00,298.0,-80.38,-85.32,1
2016-07-25_21:27:40.00,300.0,-78.47,-85.61,1
2016-07-25_21:27:40.00,302.0,-79.87,-90.73,1
2016-07-25_21:27:40.00,304.0,-84.63,-88.78,1
2016-07-25_21:27:40.00,306.0,-78.06,-80.59,2
2016-07-25_21:27:40.00,308.0,-80.43,-84.74,1
2016-07-25_21:27:40.00,310.0,-80.11,-88.1,1
2016-07-25_21:27:40.00,312.0,-78.65,-84.86,1
2016-07-25_21:27:40.00,314.0,-76.5,-85.97,1
2016-07-25_21:27:40.00,316.0,-77.18,-83.53,1
2016-07-25_21:27:40.00,318.0,-78.38,-81.36,2
2016-07-25_21:27:40.00,320.0,-76.34,-85.89,1
2016-07-25_21:27:40.00,322.0,-72.39,-83.49,1
2016-07-25_21:27:40.00,324.0,-72.88,-81.15,1
2016-07-25_21:27:40.00,326.0,-78.48,-79.77,2
2016-07-25_21:27:40.00,328.0,-69.7,-75.68,1
2016-07-25_21:27:40.00,330.0,-69.17,-76.01,1
2016-07-25_21:27:40.00,332.0,-66.24,-76.47,1
2016-07-25_21:27:40.00,334.0,-68.36,-73.76,1
2016-07-25_21:27:40.00,336.0,-64.88,-78.77,1
2016-07-25_21:27:40.00,338.0,-62.53,-79.68,1
2016-07-25_21:27:40.00,340.0,-65.2,-78.26,1
2016-07-25_21:27:40.00,342.0,-63.8,-75.59,1
2016-07-25_21:27:40.00,344.0,-61.9,-77.31,1
2016-07-25_21:27:40.00,346.0,-66.37,-70.04,1
2016-07-25_21:27:40.00,348.0,-62.25,-76.26,1
2016-07-25_21:27:40.00,350.0,-64.19,-73.6,1
2016-07-25_21:27:40.00,352.0,-63.79,-73.58,1
2016-07-25_21:27:40.00,354.0,-67.66,-79.24,1
2016-07-25_21:27:40.00,356.0,-67.53,-74.11,1
2016-07-25_21:27:40.00,358.0,-68.93,-70.05,2
2016-07-25_21:27:40.00,360.0,-67.03,-75.08,1
2016-07-25_21:27:40.00,362.0,-66.96,-72.32,1
2016-07-25_21:27:40.00,364.0,-67.41,-74.36,1
2016-07-25_21:27:40.00,366.0,-66.56,-71.28,1
2016-07-25_21:27:40.00,368.0,-67.18,-73.54,1
2016-07-25_21:27:40.00,370.0,-66.43,-72.41,1
2016-07-25_21:27:40.00,372.0,-68.09,-69.94,2
2016-07-25_21:27:40.00,374.0,-67.29,-68.77,2
2016-07-25_21:27:40.00,376.0,-69.32,-70.85,2
2016-07-25_21:27:40.00,378.0,-70.21,-73.62,1
2016-07-25_21:27:40.00,380.0,-68.41,-71.65,1
2016-07-25_21:27:40.00,382.0,-67.0,-75.1,1
2016-07-25_21:27:40.00,384.0,-66.98,-75.1,1
2016-07-25_21:27:40.00,386.0,-68.59,-77.27,1
2016-07-25_21:27:40.00,388.0,-67.16,-73.75,1
2016-07-25_21:27:40.00,390.0,-64.03,-74.51,1
2016-07-25_21:27:40.00,392.0,-70.4,-73.82,1
2016-07-25_21:27:40.00,394.0,-70.11,-71.22,2
2016-07-25_21:27:40.00,396.0,-63.67,-73.12,1
2016-07-25_21:27:40.00,398.0,-67.76,-72.37,1
2016-07-25_21:27:40.00,400.0,-75.6,-70.41,3
2016-07-25_21:27:40.00,402.0,-69.76,-74.56,1
2016-07-25_21:27:40.00,404.0,-71.54,-73.81,2
2016-07-25_21:27:40.00,406.0,-66.82,-77.18,1
2016-07-25_21:27:40.00,408.0,-72.12,-81.9,1
2016-07-25_21:27:40.00,410.0,-77.12,-80.85,1
2016-07-25_21:27:40.00,412.0,-74.89,-80.79,1
2016-07-25_21:27:40.00,414.0,-78.37,-76.29,2
2016-07-25_21:27:40.00,416.0,-73.78,-79.64,1
2016-07-25_21:27:40.00,418.0,-76.09,-74.0,2
2016-07-25_21:27:40.00,420.0,-74.71,-75.75,2
2016-07-25_21:27:40.00,422.0,-77.18,-76.32,2
2016-07-25_21:27:40.00,424.0,-76.35,-75.02,2
2016-07-25_21:27:40.00,426.0,-73.06,-78.3,1
2016-07-25_21:27:40.00,428.0,-74.97,-78.85,1
2016-07-25_21:27:40.00,430.0,-71.05,-77.1,1
2016-07-25_21:27:40.00,432.0,-73.74,-77.45,1
2016-07-25_21:27:40.00,434.0,-73.65,-75.08,2
2016-07-25_21:27:40.00,436.0,-73.9,-74.43,2
2016-07-25_21:27:40.00,438.0,-77.54,-75.46,2
2016-07-25_21:27:40.00,440.0,-73.53,-75.56,2
2016-07-25_21:27:40.00,442.0,-72.93,-72.76,2
2016-07-25_21:27:40.00,444.0,-70.98,-74.23,1
2016-07-25_21:27:50.00,260.0,-93.83,-97.16,1
2016-07-25_21:27:50.00,262.0,-84.36,-88.06,1
2016-07-25_21:27:50.00,264.0,-84.3,-87.75,1
2016-07-25_21:27:50.00,266.0,-88.09,-94.41,1
2016-07-25_21:27:50.00,268.0,-88.63,-86.0,2
2016-07-25_21:27:50.00,270.0,-78.24,-89.74,1
2016-07-25_21:27:50.00,272.0,-85.82,-96.06,1
2016-07-25_21:27:50.00,274.0,-81.61,-88.93,1
2016-07-25_21:27:50.00,276.0,-85.14,-95.74,1
2016-07-25_21:27:50.00,278.0,-89.83,-106.81,1
2016-07-25_21:27:50.00,280.0,-89.09,-92.78,1
2016-07-25_21:27:50.00,282.0,-85.87,-90.07,1
2016-07-25_21:27:50.00,284.0,-82.82,-84.84,2
2016-07-25_21:27:50.00,286.0,-86.39,-96.34,1
2016-07-25_21:27:50.00,288.0,-78.53,-90.28,1
2016-07-25_21:27:50.00,290.0,-86.21,-94.2,1
2016-07-25_21:27:50.00,292.0,-86.44,-97.24,1
2016-07-25_21:27:50.00,294.0,-87.9,-96.72,1
2016-07-25_21:27:50.00,296.0,-83.46,-86.16,2
2016-07-25_21:27:50.00,298.0,-83.39,-88.44,1
2016-07-25_21:27:50.00,300.0,-81.14,-86.35,1
2016-07-25_21:27:50.00,302.0,-82.1,-81.71,2
2016-07-25_21:27:50.00,304.0,-82.57,-81.89,2
2016-07-25_21:27:50.00,306.0,-83.0,-92.78,1
2016-07-25_21:27:50.00,308.0,-77.91,-82.09,1
2016-07-25_21:27:50.00,310.0,-79.12,-79.9,2
2016-07-25_21:27:50.00,312.0,-79.24,-82.2,2
2016-07-25_21:27:50.00,314.0,-78.31,-82.76,1
2016-07-25_21:27:50.00,316.0,-77.94,-80.28,2
2016-07-25_21:27:50.00,318.0,-78.15,-86.66,1
2016-07-25_21:27:50.00,320.0,-78.29,-76.4,2
2016-07-25_21:27:50.00,322.0,-76.51,-79.69,1
2016-07-25_21:27:50.00,324.0,-75.68,-80.83,1
2016-07-25_21:27:50.00,326.0,-71.84,-76.64,1
2016-07-25_21:27:50.00,328.0,-73.96,-82.45,1
2016-07-25_21:27:50.00,330.0,-71.15,-75.1,1
2016-07-25_21:27:50.00,332.0,-67.08,-74.36,1
2016-07-25_21:27:50.00,334.0,-65.72,-77.26,1
2016-07-25_21:27:50.00,336.0,-63.32,-74.32,1
2016-07-25_21:27:50.00,338.0,-64.75,-72.73,1
2016-07-25_21:27:50.00,340.0,-67.78,-72.97,1
2016-07-25_21:27:50.00,342.0,-69.0,-73.03,1
2016-07-25_21:27:50.00,344.0,-66.93,-74.79,1
2016-07-25_21:27:50.00,346.0,-66.93,-78.37,1
2016-07-25_21:27:50.00,348.0,-65.25,-74.14,1
2016-07-25_21:27:50.00,350.0,-66.16,-74.21,1
2016-07-25_21:27:50.00,352.0,-62.15,-77.25,1
2016-07-25_21:27:50.00,354.0,-66.61,-76.0,1
2016-07-25_21:27:50.00,356.0,-67.5,-74.84,1
2016-07-25_21:27:50.00,358.0,-69.42,-69.51,2
2016-07-25_21:27:50.00,360.0,-65.0,-68.55,1
2016-07-25_21:27:50.00,362.0,-66.37,-71.44,1
2016-07-25_21:27:50.00,364.0,-63.34,-72.42,1
2016-07-25_21:27:50.00,366.0,-66.8,-74.22,1
2016-07-25_21:27:50.00,368.0,-64.57,-75.8,1
2016-07-25_21:27:50.00,370.0,-66.54,-67.39,2
2016-07-25_21:27:50.00,372.0,-65.4,-73.08,1
2016-07-25_21:27:50.00,374.0,-69.61,-74.94,1
2016-07-25_21:27:50.00,376.0,-67.72,-75.18,1
2016-07-25_21:27:50.00,378.0,-67.17,-72.95,1
2016-07-25_21:27:50.00,380.0,-64.39,-72.8,1
2016-07-25_21:27:50.00,382.0,-66.41,-73.94,1
2016-07-25_21:27:50.00,384.0,-64.49,-76.05,1
2016-07-25_21:27:50.00,386.0,-64.82,-76.53,1
2016-07-25_21:27:50.00,388.0,-68.61,-74.42,1
2016-07-25_21:27:50.00,390.0,-70.74,-73.17,2
2016-07-25_21:27:50.00,392.0,-69.99,-75.62,1
2016-07-25_21:27:50.00,394.0,-67.96,-74.03,1
2016-07-25_21:27:50.00,396.0,-71.63,-75.3,1
2016-07-25_21:27:50.00,398.0,-67.99,-76.57,1
2016-07-25_21:27:50.00,400.0,-70.9,-74.7,1
2016-07-25_21:27:50.00,402.0,-72.13,-76.08,1
2016-07-25_21:27:50.00,404.0,-68.29,-72.65,1
2016-07-25_21:27:50.00,406.0,-69.62,-69.43,2
2016-07-25_21:27:50.00,408.0,-72.97,-74.01,2
2016-07-25_21:27:50.00,410.0,-74.35,-79.68,1
2016-07-25_21:27:50.00,412.0,-77.9,-81.37,1
2016-07-25_21:27:50.00,414.0,-77.17,-77.11,2
2016-07-25_21:27:50.00,416.0,-77.01,-80.76,1
2016-07-25_21:27:50.00,418.0,-76.95,-78.62,2
2016-07-25_21:27:50.00,420.0,-71.0,-77.07,1
2016-07-25_21:27:50.00,422.0,-74.09,-74.61,2
2016-07-25_21:27:50.00,424.0,-70.99,-79.68,1
2016-07-25_21:27:50.00,426.0,-70.87,-77.28,1
2016-07-25_21:27:50.00,428.0,-74.63,-77.53,2
2016-07-25_21:27:50.00,430.0,-71.1,-78.15,1
2016-07-25_21:27:50.00,432.0,-72.57,-77.23,1
2016-07-25_21:27:50.00,434.0,-76.85,-79.68,2
2016-07-25_21:27:50.00,436.0,-76.05,-75.89,2
2016-07-25_21:27:50.00,438.0,-71.99,-76.56,1
2016-07-25_21:27:50.00,440.0,-69.5,-75.61,1
2016-07-25_21:27:50.00,442.0,-70.89,-72.63,2
2016-07-25_21:27:50.00,444.0,-74.2,-74.35,2
2016-07-25_21:28:00.00,260.0,-88.48,-90.64,2
2016-07-25_21:28:00.00,262.0,-90.61,-95.22,1
2016-07-25_21:28:00.00,264.0,-86.03,-87.96,2
2016-07-25_21:28:00.00,266.0,-89.28,-95.38,1
2016-07-25_21:28:00.00,268.0,-85.82,-89.25,1
2016-07-25_21:28:00.00,270.0,-87.23,-91.76,1
2016-07-25_21:28:00.00,272.0,-82.95,-92.24,1
2016-07-25_21:28:00.00,274.0,-86.91,-91.92,1
2016-07-25_21:28:00.00,276.0,-82.4,-91.08,1
2016-07-25_21:28:00.00,278.0,-86.47,-97.56,1
2016-07-25_21:28:00.00,280.0,-90.58,-98.59,1
2016-07-25_21:28:00.00,282.0,-82.04,-87.22,1
2016-07-25_21:28:00.00,284.0,-81.49,-86.81,1
2016-07-25_21:28:00.00,286.0,-82.15,-85.38,1
2016-07-25_21:28:00.00,288.0,-84.82,-86.59,2
2016-07-25_21:28:00.00,290.0,-84.45,-84.19,2
2016-07-25_21:28:00.00,292.0,-87.97,-87.26,2
2016-07-25_21:28:00.00,294.0,-85.68,-89.5,1
2016-07-25_21:28:00.00,296.0,-85.61,-88.68,1
2016-07-25_21:28:00.00,298.0,-80.21,-85.06,1
2016-07-25_21:28:00.00,300.0,-85.29,-85.22,2
2016-07-25_21:28:00.00,302.0,-84.23,-85.28,2
2016-07-25_21:28:00.00,304.0,-85.94,-84.44,2
2016-07-25_21:28:00.00,306.0,-81.95,-86.11,1
2016-07-25_21:28:00.00,308.0,-78.17,-85.38,1
2016-07-25_21:28:00.00,310.0,-80.3,-85.49,1
2016-07-25_21:28:00.00,312.0,-78.3,-87.38,1
2016-07-25_21:28:00.00,314.0,-78.22,-86.29,1
2016-07-25_21:28:00.00,316.0,-76.66,-79.28,2
2016-07-25_21:28:00.00,318.0,-78.14,-82.18,1
2016-07-25_21:28:00.00,320.0,-75.0,-81.75,1
2016-07-25_21:28:00.00,322.0,-77.12,-80.77,1
2016-07-25_21:28:00.00,324.0,-74.9,-81.81,1
2016-07-25_21:28:00.00,326.0,-72.03,-77.83,1
2016-07-25_21:28:00.00,328.0,-71.69,-77.62,1
2016-07-25_21:28:00.00,330.0,-69.76,-75.01,1
2016-07-25_21:28:00.00,332.0,-66.04,-73.87,1
2016-07-25_21:28:00.00,334.0,-66.28,-77.56,1
2016-07-25_21:28:00.00,336.0,-62.26,-74.2,1
2016-07-25_21:28:00.00,338.0,-62.58,-75.44,1
2016-07-25_21:28:00.00,340.0,-68.07,-75.13,1
2016-07-25_21:28:00.00,342.0,-65.38,-76.29,1
2016-07-25_21:28:00.00,344.0,-66.44,-75.63,1
2016-07-25_21:28:00.00,346.0,-65.59,-73.6,1
2016-07-25_21:28:00.00,348.0,-66.09,-74.06,1
2016-07-25_21:28:00.00,350.0,-65.93,-72.54,1
2016-07-25_21:28:00.00,352.0,-65.85,-75.7,1
2016-07-25_21:28:00.00,354.0,-65.31,-75.05,1
2016-07-25_21:28:00.00,356.0,-65.58,-71.61,1
2016-07-25_21:28:00.00,358.0,-64.8,-73.42,1
2016-07-25_21:28:00.00,360.0,-67.39,-74.7,1
2016-07-25_21:28:00.00,362.0,-64.91,-74.12,1
2016-07-25_21:28:00.00,364.0,-67.29,-73.39,1
2016-07-25_21:28:00.00,366.0,-66.08,-69.63,1
2016-07-25_21:28:00.00,368.0,-68.37,-71.41,1
2016-07-25_21:28:00.00,370.0,-66.05,-72.19,1
2016-07-25_21:28:00.00,372.0,-67.92,-71.7,1
2016-07-25_21:28:00.00,374.0,-70.12,-74.17,1
2016-07-25_21:28:00.00,376.0,-68.52,-73.62,1
2016-07-25_21:28:00.00,378.0,-68.37,-71.85,1
2016-07-25_21:28:00.00,380.0,-67.8,-74.92,1
2016-07-25_21:28:00.00,382.0,-69.82,-74.74,1
2016-07-25_21:28:00.00,384.0,-69.39,-74.09,1
2016-07-25_21:28:00.00,386.0,-66.99,-75.02,1
2016-07-25_21:28:00.00,388.0,-68.56,-74.18,1
2016-07-25_21:28:00.00,390.0,-69.74,-74.55,1
2016-07-25_21:28:00.00,392.0,-69.12,-74.63,1
2016-07-25_21:28:00.00,394.0,-72.27,-72.92,2
2016-07-25_21:28:00.00,396.0,-65.17,-76.52,1
2016-07-25_21:28:00.00,398.0,-67.83,-73.67,1
2016-07-25_21:28:00.00,400.0,-68.9,-76.22,1
2016-07-25_21:28:00.00,402.0,-70.54,-74.9,1
2016-07-25_21:28:00.00,404.0,-70.52,-76.57,1
2016-07-25_21:28:00.00,406.0,-69.99,-72.32,2
2016-07-25_21:28:00.00,408.0,-77.69,-77.67,2
2016-07-25_21:28:00.00,410.0,-75.41,-80.42,1
2016-07-25_21:28:00.00,412.0,-75.63,-78.28,2
2016-07-25_21:28:00.00,414.0,-76.13,-77.96,2
2016-07-25_21:28:00.00,416.0,-74.79,-78.08,1
2016-07-25_21:28:00.00,418.0,-75.47,-74.31,2
2016-07-25_21:28:00.00,420.0,-74.8,-74.1,2
2016-07-25_21:28:00.00,422.0,-74.81,-80.53,1
2016-07-25_21:28:00.00,424.0,-75.49,-76.36,2
2016-07-25_21:28:00.00,426.0,-75.41,-75.68,2
2016-07-25_21:28:00.00,428.0,-73.01,-75.55,2
2016-07-25_21:28:00.00,430.0,-76.31,-80.99,1
2016-07-25_21:28:00.00,432.0,-74.31,-80.89,1
2016-07-25_21:28:00.00,434.0,-72.32,-78.13,1
2016-07-25_21:28:00.00,436.0,-74.32,-80.48,1
2016-07-25_21:28:00.00,438.0,-71.28,-75.09,1
2016-07-25_21:28:00.00,440.0,-71.25,-71.67,2
2016-07-25_21:28:00.00,442.0,-70.84,-72.25,2
2016-07-25_21:28:00.00,444.0,-70.02,-73.46,1
2016-07-25_21:28:10.00,388.0,-70.47,-73.18,2
2016-07-25_21:28:10.00,390.0,-66.99,-74.32,1
2016-07-25_21:28:10.00,392.0,-65.56,-70.06,1
2016-07-25_21:28:10.00,394.0,-66.96,-78.8,1
2016-07-25_21:28:10.00,396.0,-70.49,-69.51,2
2016-07-25_21:28:10.00,398.0,-71.98,-77.21,1
2016-07-25_21:28:10.00,400.0,-69.07,-71.45,2
2016-07-25_21:28:10.00,402.0,-68.86,-74.21,1
2016-07-25_21:28:10.00,404.0,-67.43,-75.31,1
2016-07-25_21:28:10.00,406.0,-67.96,-81.29,1
2016-07-25_21:28:10.00,408.0,-76.3,-81.65,1
2016-07-25_21:28:10.00,410.0,-75.99,-78.17,2
2016-07-25_21:28:10.00,412.0,-76.11,-78.38,2
2016-07-25_21:28:10.00,414.0,-78.91,-80.26,2
2016-07-25_21:28:10.00,416.0,-77.27,-77.58,2
2016-07-25_21:28:10.00,418.0,-71.38,-80.96,1
2016-07-25_21:28:10.00,420.0,-73.59,-76.45,2
2016-07-25_21:28:10.00,422.0,-80.21,-78.88,2
2016-07-25_21:28:10.00,424.0,-78.59,-75.76,2
2016-07-25_21:28:10.00,426.0,-77.09,-80.87,1
2016-07-25_21:28:10.00,428.0,-76.02,-74.63,2
2016-07-25_21:28:10.00,430.0,-76.7,-77.56,2
2016-07-25_21:28:10.00,432.0,-73.49,-79.55,1
2016-07-25_21:28:10.00,434.0,-71.99,-82.65,1
2016-07-25_21:28:10.00,436.0,-73.15,-74.46,2
2016-07-25_21:28:10.00,438.0,-72.87,-76.72,1
2016-07-25_21:28:10.00,440.0,-73.34,-82.99,1
2016-07-25_21:28:10.00,442.0,-75.49,-80.57,1
2016-07-25_21:28:10.00,444.0,-77.15,-79.02,2
2016-07-25_21:28:10.00,446.0,-66.99,-70.55,1
2016-07-25_21:28:10.00,448.0,-70.01,-75.58,1
2016-07-25_21:28:10.00,450.0,-67.5,-74.01,1
2016-07-25_21:28:10.00,452.0,-76.44,-72.9,3
2016-07-25_21:28:10.00,454.0,-67.17,-74.39,1
2016-07-25_21:28:10.00,456.0,-70.65,-78.64,1
2016-07-25_21:28:10.00,458.0,-71.06,-77.34,1
2016-07-25_21:28:10.00,460.0,-75.28,-76.25,2
2016-07-25_21:28:10.00,462.0,-67.66,-74.36,1
2016-07-25_21:28:10.00,464.0,-78.04,-76.17,2
2016-07-25_21:28:10.00,466.0,-76.08,-74.18,2
2016-07-25_21:28:10.00,468.0,-72.95,-76.3,1
2016-07-25_21:28:10.00,470.0,-72.11,-73.55,2
2016-07-25_21:28:10.00,472.0,-73.67,-74.21,2
2016-07-25_21:28:10.00,474.0,-72.14,-72.35,2
2016-07-25_21:28:10.00,476.0,-73.64,-75.55,2
2016-07-25_21:28:10.00,478.0,-76.77,-80.8,1
2016-07-25_21:28:10.00,480.0,-72.27,-73.8,2
2016-07-25_21:28:10.00,482.0,-79.13,-79.17,2
2016-07-25_21:28:10.00,484.0,-78.3,-75.28,3
2016-07-25_21:28:10.00,486.0,-75.83,-75.94,2
2016-07-25_21:28:10.00,488.0,-75.78,-73.84,2
2016-07-25_21:28:10.00,490.0,-79.07,-75.09,3
2016-07-25_21:28:10.00,492.0,-74.33,-73.29,2
2016-07-25_21:28:10.00,494.0,-66.82,-73.52,1
2016-07-25_21:28:10.00,496.0,-74.82,-75.89,2
2016-07-25_21:28:10.00,498.0,-77.93,-69.72,3
2016-07-25_21:28:10.00,500.0,-74.45,-73.4,2
2016-07-25_21:28:20.00,432.0,-77.63,-77.22,2
2016-07-25_21:28:20.00,434.0,-70.22,-76.15,1
2016-07-25_21:28:20.00,436.0,-74.89,-76.92,2
2016-07-25_21:28:20.00,438.0,-72.44,-80.89,1
2016-07-25_21:28:20.00,440.0,-75.07,-79.55,1
2016-07-25_21:28:20.00,442.0,-76.32,-83.24,1
2016-07-25_21:28:20.00,444.0,-69.07,-73.28,1
2016-07-25_21:28:20.00,446.0,-69.52,-72.36,2
2016-07-25_21:28:20.00,448.0,-72.43,-69.25,3
2016-07-25_21:28:20.00,450.0,-69.98,-73.3,1
2016-07-25_21:28:20.00,452.0,-71.08,-75.11,1
2016-07-25_21:28:20.00,454.0,-73.7,-72.51,2
2016-07-25_21:28:20.00,456.0,-70.0,-74.12,1
2016-07-25_21:28:20.00,458.0,-70.08,-77.75,1
2016-07-25_21:28:20.00,460.0,-69.96,-74.59,1
2016-07-25_21:28:20.00,462.0,-69.07,-78.59,1
2016-07-25_21:28:20.00,464.0,-72.6,-71.59,2
2016-07-25_21:28:20.00,466.0,-73.22,-72.3,2
2016-07-25_21:28:20.00,468.0,-68.36,-69.53,2
2016-07-25_21:28:20.00,470.0,-72.81,-76.64,1
2016-07-25_21:28:20.00,472.0,-71.0,-75.35,1
2016-07-25_21:28:20.00,474.0,-71.62,-78.28,1
2016-07-25_21:28:20.00,476.0,-76.06,-75.1,2
2016-07-25_21:28:20.00,478.0,-71.45,-73.9,2
2016-07-25_21:28:20.00,480.0,-74.11,-74.72,2
2016-07-25_21:28:20.00,482.0,-71.95,-75.35,1
2016-07-25_21:28:20.00,484.0,-78.83,-75.63,3
2016-07-25_21:28:20.00,486.0,-72.32,-73.28,2
2016-07-25_21:28:20.00,488.0,-74.52,-75.57,2
2016-07-25_21:28:20.00,490.0,-70.98,-71.24,2
2016-07-25_21:28:20.00,492.0,-75.44,-71.63,3
2016-07-25_21:28:20.00,494.0,-75.58,-68.13,3
2016-07-25_21:28:20.00,496.0,-73.84,-74.8,2
2016-07-25_21:28:20.00,498.0,-78.44,-72.63,3
2016-07-25_21:28:20.00,500.0,-75.74,-72.18,3
2016-07-25_21:28:20.00,502.0,-74.63,-68.33,3
2016-07-25_21:28:20.00,504.0,-74.47,-69.38,3
2016-07-25_21:28:20.00,506.0,-78.99,-77.91,2
2016-07-25_21:28:20.00,508.0,-74.95,-73.41,2
2016-07-25_21:28:20.00,510.0,-71.58,-71.9,2
2016-07-25_21:28:20.00,512.0,-71.88,-78.01,1
2016-07-25_21:28:20.00,514.0,-78.79,-74.61,3
2016-07-25_21:28:20.00,516.0,-81.25,-74.16,3
2016-07-25_21:28:20.00,518.0,-78.02,-78.94,2
2016-07-25_21:28:20.00,520.0,-77.44,-77.7,2
2016-07-25_21:28:20.00,522.0,-78.44,-76.18,2
2016-07-25_21:28:20.00,524.0,-80.55,-80.48,2
2016-07-25_21:28:30.00,458.0,-71.83,-76.08,1
2016-07-25_21:28:30.00,460.0,-75.16,-74.08,2
2016-07-25_21:28:30.00,462.0,-72.65,-72.46,2
2016-07-25_21:28:30.00,464.0,-72.93,-74.66,2
2016-07-25_21:28:30.00,466.0,-74.14,-77.75,1
2016-07-25_21:28:30.00,468.0,-71.75,-70.92,2
2016-07-25_21:28:30.00,470.0,-68.87,-70.23,2
2016-07-25_21:28:30.00,472.0,-71.22,-75.7,1
2016-07-25_21:28:30.00,474.0,-72.6,-72.23,2
2016-07-25_21:28:30.00,476.0,-70.02,-77.22,1
2016-07-25_21:28:30.00,478.0,-73.81,-77.35,1
2016-07-25_21:28:30.00,480.0,-74.12,-72.69,2
2016-07-25_21:28:30.00,482.0,-74.98,-71.66,3
2016-07-25_21:28:30.00,484.0,-72.29,-71.14,2
2016-07-25_21:28:30.00,486.0,-72.33,-73.94,2
2016-07-25_21:28:30.00,488.0,-73.86,-73.09,2
2016-07-25_21:28:30.00,490.0,-75.52,-75.31,2
2016-07-25_21:28:30.00,492.0,-70.61,-77.86,1
2016-07-25_21:28:30.00,494.0,-72.68,-75.37,2
2016-07-25_21:28:30.00,496.0,-80.09,-74.95,3
2016-07-25_21:28:30.00,498.0,-76.69,-76.32,2
2016-07-25_21:28:30.00,500.0,-77.76,-77.53,2
2016-07-25_21:28:30.00,502.0,-71.32,-70.91,2
2016-07-25_21:28:30.00,504.0,-75.7,-72.55,3
2016-07-25_21:28:30.00,506.0,-75.8,-75.61,2
2016-07-25_21:28:30.00,508.0,-75.56,-70.52,3
2016-07-25_21:28:30.00,510.0,-73.76,-74.39,2
2016-07-25_21:28:30.00,512.0,-74.21,-79.16,1
2016-07-25_21:28:30.00,514.0,-77.26,-78.42,2
2016-07-25_21:28:30.00,516.0,-78.28,-77.22,2
2016-07-25_21:28:30.00,518.0,-74.37,-76.24,2
2016-07-25_21:28:30.00,520.0,-82.3,-74.38,3
2016-07-25_21:28:30.00,522.0,-75.24,-77.6,2
2016-07-25_21:28:30.00,524.0,-79.34,-75.6,3
2016-07-25_21:28:30.00,526.0,-82.61,-75.38,3
2016-07-25_21:28:30.00,528.0,-77.75,-71.97,3
2016-07-25_21:28:30.00,530.0,-78.62,-74.19,3
2016-07-25_21:28:30.00,532.0,-80.88,-75.51,3
2016-07-25_21:28:30.00,534.0,-86.07,-71.74,3
2016-07-25_21:28:30.00,536.0,-82.33,-72.67,3
2016-07-25_21:28:30.00,538.0,-79.32,-69.66,3
2016-07-25_21:28:30.00,540.0,-83.85,-74.99,3
2016-07-25_21:28:40.00,486.0,-72.05,-73.07,2
2016-07-25_21:28:40.00,488.0,-72.82,-78.86,1
2016-07-25_21:28:40.00,490.0,-75.25,-73.94,2
2016-07-25_21:28:40.00,492.0,-72.61,-75.12,2
2016-07-25_21:28:40.00,494.0,-73.03,-70.7,2
2016-07-25_21:28:40.00,496.0,-74.96,-73.48,2
2016-07-25_21:28:40.00,498.0,-76.22,-76.02,2
2016-07-25_21:28:40.00,500.0,-74.73,-74.29,2
2016-07-25_21:28:40.00,502.0,-75.38,-76.23,2
2016-07-25_21:28:40.00,504.0,-75.72,-77.69,2
2016-07-25_21:28:40.00,506.0,-77.69,-77.51,2
2016-07-25_21:28:40.00,508.0,-73.78,-75.15,2
2016-07-25_21:28:40.00,510.0,-71.96,-79.21,1
2016-07-25_21:28:40.00,512.0,-77.1,-78.13,2
2016-07-25_21:28:40.00,514.0,-75.03,-76.49,2
2016-07-25_21:28:40.00,516.0,-78.92,-76.48,2
2016-07-25_21:28:40.00,518.0,-74.88,-74.41,2
2016-07-25_21:28:40.00,520.0,-76.49,-75.56,2
2016-07-25_21:28:40.00,522.0,-81.02,-79.69,2
2016-07-25_21:28:40.00,524.0,-78.4,-76.53,2
2016-07-25_21:28:40.00,526.0,-77.12,-75.47,2
2016-07-25_21:28:40.00,528.0,-79.84,-75.4,3
2016-07-25_21:28:40.00,530.0,-80.55,-73.38,3
2016-07-25_21:28:40.00,532.0,-78.09,-73.57,3
2016-07-25_21:28:40.00,534.0,-78.25,-72.04,3
2016-07-25_21:28:40.00,536.0,-80.05,-74.89,3
2016-07-25_21:28:40.00,538.0,-81.34,-70.53,3
2016-07-25_21:28:40.00,540.0,-82.56,-74.04,3
2016-07-25_21:28:40.00,542.0,-80.97,-72.03,3
2016-07-25_21:28:40.00,544.0,-85.25,-70.33,3
2016-07-25_21:28:40.00,546.0,-79.46,-68.87,3
2016-07-25_21:28:40.00,548.0,-78.64,-73.23,3
2016-07-25_21:28:40.00,550.0,-80.92,-71.4,3
2016-07-25_21:28:40.00,552.0,-81.84,-72.29,3
2016-07-25_21:28:40.00,554.0,-79.24,-70.33,3
2016-07-25_21:28:40.00,556.0,-79.77,-70.15,3
2016-07-25_21:28:40.00,558.0,-83.62,-68.66,3
2016-07-25_21:28:40.00,560.0,-81.15,-72.17,3
2016-07-25_21:28:40.00,562.0,-83.23,-71.98,3
2016-07-25_21:28:50.00,510.0,-74.67,-77.66,2
2016-07-25_21:28:50.00,512.0,-78.02,-76.01,2
2016-07-25_21:28:50.00,514.0,-74.78,-72.88,2
2016-07-25_21:28:50.00,516.0,-78.6,-79.55,2
2016-07-25_21:28:50.00,518.0,-84.26,-75.25,3
2016-07-25_21:28:50.00,520.0,-77.93,-83.16,1
2016-07-25_21:28:50.00,522.0,-75.25,-78.73,1
2016-07-25_21:28:50.00,524.0,-81.48,-78.25,3
2016-07-25_21:28:50.00,526.0,-82.78,-77.92,3
2016-07-25_21:28:50.00,528.0,-84.37,-72.17,3
2016-07-25_21:28:50.00,530.0,-74.07,-76.2,2
2016-07-25_21:28:50.00,532.0,-80.86,-78.18,2
2016-07-25_21:28:50.00,534.0,-77.07,-72.46,3
2016-07-25_21:28:50.00,536.0,-82.3,-71.19,3
2016-07-25_21:28:50.00,538.0,-82.08,-72.5,3
2016-07-25_21:28:50.00,540.0,-82.64,-68.17,3
2016-07-25_21:28:50.00,542.0,-80.53,-74.25,3
2016-07-25_21:28:50.00,544.0,-87.03,-71.55,3
2016-07-25_21:28:50.00,546.0,-82.59,-77.38,3
2016-07-25_21:28:50.00,548.0,-78.1,-71.12,3
2016-07-25_21:28:50.00,550.0,-81.91,-73.05,3
2016-07-25_21:28:50.00,552.0,-80.01,-68.18,3
2016-07-25_21:28:50.00,554.0,-82.03,-72.21,3
2016-07-25_21:28:50.00,556.0,-83.56,-65.87,3
2016-07-25_21:28:50.00,558.0,-79.11,-67.48,3
2016-07-25_21:28:50.00,560.0,-78.8,-71.85,3
2016-07-25_21:28:50.00,562.0,-84.81,-68.82,3
2016-07-25_21:28:50.00,564.0,-86.6,-72.19,3
2016-07-25_21:28:50.00,566.0,-84.92,-69.02,3
2016-07-25_21:28:50.00,568.0,-82.09,-75.71,3
2016-07-25_21:28:50.00,570.0,-84.36,-68.72,3
2016-07-25_21:28:50.00,572.0,-81.27,-76.35,3
2016-07-25_21:28:50.00,574.0,-83.26,-72.2,3
2016-07-25_21:28:50.00,576.0,-79.99,-74.13,3
2016-07-25_21:28:50.00,578.0,-81.46,-76.7,3
2016-07-25_21:28:50.00,580.0,-80.54,-73.76,3
2016-07-25_21:29:00.00,530.0,-78.62,-72.59,3
2016-07-25_21:29:00.00,532.0,-82.39,-74.46,3
2016-07-25_21:29:00.00,534.0,-83.75,-71.62,3
2016-07-25_21:29:00.00,536.0,-82.48,-73.03,3
2016-07-25_21:29:00.00,538.0,-86.59,-74.48,3
2016-07-25_21:29:00.00,540.0,-79.81,-68.85,3
2016-07-25_21:29:00.00,542.0,-86.04,-72.88,3
2016-07-25_21:29:00.00,544.0,-84.17,-73.23,3
2016-07-25_21:29:00.00,546.0,-84.49,-70.89,3
2016-07-25_21:29:00.00,548.0,-78.58,-68.94,3
2016-07-25_21:29:00.00,550.0,-80.04,-65.97,3
2016-07-25_21:29:00.00,552.0,-79.54,-68.95,3
2016-07-25_21:29:00.00,554.0,-80.87,-71.91,3
2016-07-25_21:29:00.00,556.0,-80.03,-70.46,3
2016-07-25_21:29:00.00,558.0,-81.63,-69.97,3
2016-07-25_21:29:00.00,560.0,-81.49,-68.33,3
2016-07-25_21:29:00.00,562.0,-80.53,-72.1,3
2016-07-25_21:29:00.00,564.0,-77.23,-71.04,3
2016-07-25_21:29:00.00,566.0,-78.81,-70.92,3
2016-07-25_21:29:00.00,568.0,-80.31,-75.97,3
2016-07-25_21:29:00.00,570.0,-79.93,-72.25,3
2016-07-25_21:29:00.00,572.0,-79.69,-75.86,3
2016-07-25_21:29:00.00,574.0,-77.22,-69.6,3
2016-07-25_21:29:00.00,576.0,-74.96,-73.41,2
2016-07-25_21:29:00.00,578.0,-77.91,-74.7,3
2016-07-25_21:29:00.00,580.0,-87.48,-76.14,3
2016-07-25_21:29:00.00,582.0,-83.28,-70.6,3
2016-07-25_21:29:00.00,584.0,-81.52,-72.14,3
2016-07-25_21:29:00.00,586.0,-82.26,-70.66,3
2016-07-25_21:29:00.00,588.0,-86.67,-78.67,3
2016-07-25_21:29:00.00,590.0,-80.32,-79.02,2
2016-07-25_21:29:00.00,592.0,-82.32,-78.7,3
2016-07-25_21:29:00.00,594.0,-80.85,-77.32,3
2016-07-25_21:29:00.00,596.0,-90.88,-77.06,3
2016-07-25_21:29:10.00,536.0,-83.25,-73.06,3
2016-07-25_21:29:10.00,538.0,-80.07,-73.54,3
2016-07-25_21:29:10.00,540.0,-80.86,-68.4,3
2016-07-25_21:29:10.00,542.0,-80.09,-69.79,3
2016-07-25_21:29:10.00,544.0,-79.93,-72.03,3
2016-07-25_21:29:10.00,546.0,-78.22,-68.03,3
2016-07-25_21:29:10.00,548.0,-80.32,-70.83,3
2016-07-25_21:29:10.00,550.0,-77.92,-72.7,3
2016-07-25_21:29:10.00,552.0,-78.46,-64.82,3
2016-07-25_21:29:10.00,554.0,-82.01,-68.54,3
2016-07-25_21:29:10.00,556.0,-82.68,-68.69,3
2016-07-25_21:29:10.00,558.0,-80.98,-67.38,3
2016-07-25_21:29:10.00,560.0,-85.11,-69.03,3
2016-07-25_21:29:10.00,562.0,-75.36,-72.27,3
2016-07-25_21:29:10.00,564.0,-79.52,-71.13,3
2016-07-25_21:29:10.00,566.0,-81.92,-74.38,3
2016-07-25_21:29:10.00,568.0,-83.97,-69.31,3
2016-07-25_21:29:10.00,570.0,-80.39,-73.45,3
2016-07-25_21:29:10.00,572.0,-80.36,-73.71,3
2016-07-25_21:29:10.00,574.0,-75.18,-72.82,2
2016-07-25_21:29:10.00,576.0,-74.42,-77.2,2
2016-07-25_21:29:10.00,578.0,-80.29,-78.87,2
2016-07-25_21:29:10.00,580.0,-77.95,-73.22,3
2016-07-25_21:29:10.00,582.0,-80.41,-77.99,2
2016-07-25_21:29:10.00,584.0,-79.84,-73.62,3
2016-07-25_21:29:10.00,586.0,-88.67,-73.2,3
2016-07-25_21:29:10.00,588.0,-80.93,-71.12,3
2016-07-25_21:29:10.00,590.0,-83.59,-70.26,3
2016-07-25_21:29:10.00,592.0,-83.29,-79.38,3
2016-07-25_21:29:10.00,594.0,-82.74,-76.47,3
2016-07-25_21:29:10.00,596.0,-80.65,-78.69,2
2016-07-25_21:29:10.00,598.0,-79.79,-80.05,2
2016-07-25_21:29:10.00,600.0,-84.45,-77.95,3
2016-07-25_21:29:20.00,540.0,-79.81,-70.32,3
2016-07-25_21:29:20.00,542.0,-80.17,-71.56,3
2016-07-25_21:29:20.00,544.0,-80.41,-70.04,3
2016-07-25_21:29:20.00,546.0,-77.74,-69.99,3
2016-07-25_21:29:20.00,548.0,-78.55,-70.52,3
2016-07-25_21:29:20.00,550.0,-81.04,-70.33,3
2016-07-25_21:29:20.00,552.0,-80.54,-72.5,3
2016-07-25_21:29:20.00,554.0,-82.59,-69.9,3
2016-07-25_21:29:20.00,556.0,-83.4,-68.85,3
2016-07-25_21:29:20.00,558.0,-85.11,-70.88,3
2016-07-25_21:29:20.00,560.0,-83.68,-74.16,3
2016-07-25_21:29:20.00,562.0,-82.41,-71.57,3
2016-07-25_21:29:20.00,564.0,-82.75,-72.56,3
2016-07-25_21:29:20.00,566.0,-81.27,-71.16,3
2016-07-25_21:29:20.00,568.0,-79.41,-73.12,3
2016-07-25_21:29:20.00,570.0,-82.26,-75.48,3
2016-07-25_21:29:20.00,572.0,-84.05,-74.3,3
2016-07-25_21:29:20.00,574.0,-81.79,-73.01,3
2016-07-25_21:29:20.00,576.0,-77.15,-73.95,3
2016-07-25_21:29:20.00,578.0,-79.04,-75.59,3
2016-07-25_21:29:20.00,580.0,-80.79,-80.13,2
2016-07-25_21:29:20.00,582.0,-76.83,-75.53,2
2016-07-25_21:29:20.00,584.0,-80.48,-74.8,3
2016-07-25_21:29:20.00,586.0,-77.8,-74.01,3
2016-07-25_21:29:20.00,588.0,-80.47,-75.21,3
2016-07-25_21:29:20.00,590.0,-80.43,-77.08,3
2016-07-25_21:29:20.00,592.0,-83.54,-79.96,3
2016-07-25_21:29:20.00,594.0,-82.4,-74.46,3
2016-07-25_21:29:20.00,596.0,-83.56,-76.7,3
2016-07-25_21:29:20.00,598.0,-81.9,-80.7,2
2016-07-25_21:29:20.00,600.0,-79.87,-75.59,3
2016-07-25_21:29:20.00,602.0,-81.84,-75.51,3
2016-07-25_21:29:20.00,604.0,-82.58,-75.21,3
2016-07-25_21:29:20.00,606.0,-81.03,-76.48,3
2016-07-25_21:29:30.00,544.0,-79.79,-73.83,3
2016-07-25_21:29:30.00,546.0,-80.75,-66.32,3
2016-07-25_21:29:30.00,548.0,-79.15,-71.18,3
2016-07-25_21:29:30.00,550.0,-83.59,-70.16,3
2016-07-25_21:29:30.00,552.0,-83.37,-69.44,3
2016-07-25_21:29:30.00,554.0,-85.61,-73.84,3
2016-07-25_21:29:30.00,556.0,-80.61,-69.85,3
2016-07-25_21:29:30.00,558.0,-84.45,-74.0,3
2016-07-25_21:29:30.00,560.0,-78.28,-70.5,3
2016-07-25_21:29:30.00,562.0,-77.85,-68.58,3
2016-07-25_21:29:30.00,564.0,-81.06,-70.09,3
2016-07-25_21:29:30.00,566.0,-81.62,-70.68,3
2016-07-25_21:29:30.00,568.0,-80.18,-76.22,3
2016-07-25_21:29:30.00,570.0,-78.08,-75.34,2
2016-07-25_21:29:30.00,572.0,-83.13,-74.23,3
2016-07-25_21:29:30.00,574.0,-79.9,-68.53,3
2016-07-25_21:29:30.00,576.0,-82.7,-75.18,3
2016-07-25_21:29:30.00,578.0,-82.39,-75.18,3
2016-07-25_21:29:30.00,580.0,-84.69,-75.88,3
2016-07-25_21:29:30.00,582.0,-81.79,-74.42,3
2016-07-25_21:29:30.00,584.0,-78.66,-76.28,2
2016-07-25_21:29:30.00,586.0,-79.87,-77.33,2
2016-07-25_21:29:30.00,588.0,-80.76,-75.26,3
2016-07-25_21:29:30.00,590.0,-82.74,-81.51,2
2016-07-25_21:29:30.00,592.0,-84.59,-76.67,3
2016-07-25_21:29:30.00,594.0,-80.55,-72.79,3
2016-07-25_21:29:30.00,596.0,-82.98,-74.9,3
2016-07-25_21:29:30.00,598.0,-86.88,-79.65,3
2016-07-25_21:29:30.00,600.0,-83.87,-77.38,3
2016-07-25_21:29:30.00,602.0,-83.07,-80.41,2
2016-07-25_21:29:30.00,604.0,-84.39,-74.72,3
2016-07-25_21:29:30.00,606.0,-80.97,-74.92,3
2016-07-25_21:29:30.00,608.0,-82.35,-74.19,3
2016-07-25_21:29:30.00,610.0,-75.16,-76.63,2
2016-07-25_21:29:40.00,546.0,-81.28,-70.31,3
2016-07-25_21:29:40.00,548.0,-79.68,-70.53,3
2016-07-25_21:29:40.00,550.0,-81.47,-66.53,3
2016-07-25_21:29:40.00,552.0,-81.41,-69.62,3
2016-07-25_21:29:40.00,554.0,-78.38,-69.15,3
2016-07-25_21:29:40.00,556.0,-80.91,-70.46,3
2016-07-25_21:29:40.00,558.0,-88.22,-72.0,3
2016-07-25_21:29:40.00,560.0,-83.93,-72.02,3
2016-07-25_21:29:40.00,562.0,-82.61,-72.8,3
2016-07-25_21:29:40.00,564.0,-78.14,-69.61,3
2016-07-25_21:29:40.00,566.0,-85.88,-71.13,3
2016-07-25_21:29:40.00,568.0,-82.53,-74.16,3
2016-07-25_21:29:40.00,570.0,-78.38,-76.72,2
2016-07-25_21:29:40.00,572.0,-83.08,-71.03,3
2016-07-25_21:29:40.00,574.0,-81.14,-75.78,3
2016-07-25_21:29:40.00,576.0,-87.37,-74.37,3
2016-07-25_21:29:40.00,578.0,-80.61,-75.91,3
2016-07-25_21:29:40.00,580.0,-77.92,-73.72,3
2016-07-25_21:29:40.00,582.0,-78.95,-76.94,2
2016-07-25_21:29:40.00,584.0,-77.62,-76.29,2
2016-07-25_21:29:40.00,586.0,-83.34,-79.57,3
2016-07-25_21:29:40.00,588.0,-78.58,-74.59,3
2016-07-25_21:29:40.00,590.0,-78.37,-74.43,3
2016-07-25_21:29:40.00,592.0,-84.13,-79.7,3
2016-07-25_21:29:40.00,594.0,-83.39,-77.01,3
2016-07-25_21:29:40.00,596.0,-83.84,-77.19,3
2016-07-25_21:29:40.00,598.0,-81.08,-77.13,3
2016-07-25_21:29:40.00,600.0,-88.52,-78.3,3
2016-07-25_21:29:40.00,602.0,-82.94,-77.33,3
2016-07-25_21:29:40.00,604.0,-82.91,-76.6,3
2016-07-25_21:29:40.00,606.0,-83.19,-72.99,3
2016-07-25_21:29:40.00,608.0,-85.25,-74.85,3
2016-07-25_21:29:40.00,610.0,-79.51,-75.55,3
2016-07-25_21:29:50.00,552.0,-78.6,-68.25,3
2016-07-25_21:29:50.00,554.0,-78.91,-69.46,3
2016-07-25_21:29:50.00,556.0,-78.32,-75.78,2
2016-07-25_21:29:50.00,558.0,-79.27,-72.88,3
2016-07-25_21:29:50.00,560.0,-81.64,-72.59,3
2016-07-25_21:29:50.00,562.0,-78.45,-69.12,3
2016-07-25_21:29:50.00,564.0,-81.07,-73.39,3
2016-07-25_21:29:50.00,566.0,-87.49,-73.8,3
2016-07-25_21:29:50.00,568.0,-78.61,-70.61,3
2016-07-25_21:29:50.00,570.0,-80.37,-68.42,3
2016-07-25_21:29:50.00,572.0,-82.61,-72.93,3
2016-07-25_21:29:50.00,574.0,-79.61,-75.71,3
2016-07-25_21:29:50.00,576.0,-80.49,-72.42,3
2016-07-25_21:29:50.00,578.0,-83.85,-78.89,3
2016-07-25_21:29:50.00,580.0,-81.85,-74.26,3
2016-07-25_21:29:50.00,582.0,-81.62,-78.58,3
2016-07-25_21:29:50.00,584.0,-79.56,-76.62,2
2016-07-25_21:29:50.00,586.0,-82.12,-74.39,3
2016-07-25_21:29:50.00,588.0,-81.29,-72.18,3
2016-07-25_21:29:50.00,590.0,-77.62,-74.76,2
2016-07-25_21:29:50.00,592.0,-87.01,-73.52,3
2016-07-25_21:29:50.00,594.0,-84.58,-75.17,3
2016-07-25_21:29:50.00,596.0,-80.78,-79.31,2
2016-07-25_21:29:50.00,598.0,-85.4,-74.96,3
2016-07-25_21:29:50.00,600.0,-85.52,-77.9,3
2016-07-25_21:29:50.00,602.0,-79.99,-75.14,3
2016-07-25_21:29:50.00,604.0,-81.49,-77.12,3
2016-07-25_21:29:50.00,606.0,-84.47,-75.78,3
2016-07-25_21:29:50.00,608.0,-83.39,-72.26,3
2016-07-25_21:29:50.00,610.0,-78.13,-74.34,3
2016-07-25_21:29:50.00,612.0,-76.49,-80.66,1
2016-07-25_21:29:50.00,614.0,-79.14,-74.48,3
2016-07-25_21:30:00.00,554.0,-82.03,-71.14,3
2016-07-25_21:30:00.00,556.0,-82.68,-72.26,3
2016-07-25_21:30:00.00,558.0,-84.38,-67.0,3
2016-07-25_21:30:00.00,560.0,-80.96,-73.58,3
2016-07-25_21:30:00.00,562.0,-86.62,-73.1,3
2016-07-25_21:30:00.00,564.0,-83.06,-70.95,3
2016-07-25_21:30:00.00,566.0,-81.13,-72.49,3
2016-07-25_21:30:00.00,568.0,-79.69,-71.31,3
2016-07-25_21:30:00.00,570.0,-79.03,-71.84,3
2016-07-25_21:30:00.00,572.0,-79.83,-73.18,3
2016-07-25_21:30:00.00,574.0,-80.64,-73.88,3
2016-07-25_21:30:00.00,576.0,-81.42,-72.77,3
2016-07-25_21:30:00.00,578.0,-78.99,-74.9,3
2016-07-25_21:30:00.00,580.0,-80.41,-73.34,3
2016-07-25_21:30:00.00,582.0,-83.03,-76.63,3
2016-07-25_21:30:00.00,584.0,-81.44,-80.28,2
2016-07-25_21:30:00.00,586.0,-78.18,-76.56,2
2016-07-25_21:30:00.00,588.0,-80.36,-73.95,3
2016-07-25_21:30:00.00,590.0,-75.83,-75.21,2
2016-07-25_21:30:00.00,592.0,-80.04,-73.29,3
2016-07-25_21:30:00.00,594.0,-79.45,-76.8,2
2016-07-25_21:30:00.00,596.0,-84.27,-74.98,3
2016-07-25_21:30:00.00,598.0,-81.0,-75.1,3
2016-07-25_21:30:00.00,600.0,-83.47,-76.79,3
2016-07-25_21:30:00.00,602.0,-83.89,-77.62,3
2016-07-25_21:30:00.00,604.0,-84.83,-76.52,3
2016-07-25_21:30:00.00,606.0,-80.73,-78.34,2
2016-07-25_21:30:00.00,608.0,-79.06,-73.48,3
2016-07-25_21:30:00.00,610.0,-78.25,-72.35,3
2016-07-25_21:30:00.00,612.0,-76.78,-75.22,2
2016-07-25_21:30:00.00,614.0,-79.13,-72.83,3
2016-07-25_21:30:00.00,616.0,-78.77,-74.94,3
2016-07-25_21:30:00.00,618.0,-79.07,-78.94,2
2016-07-25_21:30:00.00,620.0,-83.81,-79.68,3
2016-07-25_21:30:10.00,560.0,-82.3,-69.48,3
2016-07-25_21:30:10.00,562.0,-83.29,-71.4,3
2016-07-25_21:30:10.00,564.0,-83.53,-72.1,3
2016-07-25_21:30:10.00,566.0,-82.1,-72.07,3
2016-07-25_21:30:10.00,568.0,-81.6,-69.19,3
2016-07-25_21:30:10.00,570.0,-80.3,-71.81,3
2016-07-25_21:30:10.00,572.0,-78.77,-68.54,3
2016-07-25_21:30:10.00,574.0,-81.77,-73.6,3
2016-07-25_21:30:10.00,576.0,-79.52,-72.67,3
2016-07-25_21:30:10.00,578.0,-79.86,-77.41,2
2016-07-25_21:30:10.00,580.0,-84.83,-72.45,3
2016-07-25_21:30:10.00,582.0,-80.47,-73.19,3
2016-07-25_21:30:10.00,584.0,-80.79,-80.15,2
2016-07-25_21:30:10.00,586.0,-83.89,-75.17,3
2016-07-25_21:30:10.00,588.0,-81.85,-73.65,3
2016-07-25_21:30:10.00,590.0,-80.0,-73.29,3
2016-07-25_21:30:10.00,592.0,-83.95,-73.92,3
2016-07-25_21:30:10.00,594.0,-81.15,-76.19,3
2016-07-25_21:30:10.00,596.0,-83.62,-76.0,3
2016-07-25_21:30:10.00,598.0,-84.76,-73.45,3
2016-07-25_21:30:10.00,600.0,-84.63,-81.86,2
2016-07-25_21:30:10.00,602.0,-83.83,-75.4,3
2016-07-25_21:30:10.00,604.0,-89.92,-83.17,3
2016-07-25_21:30:10.00,606.0,-80.38,-81.71,2
2016-07-25_21:30:10.00,608.0,-80.65,-77.16,3
2016-07-25_21:30:10.00,610.0,-79.39,-73.81,3
2016-07-25_21:30:10.00,612.0,-86.17,-74.45,3
2016-07-25_21:30:10.00,614.0,-82.27,-77.26,3
2016-07-25_21:30:10.00,616.0,-80.01,-76.78,3
2016-07-25_21:30:10.00,618.0,-77.34,-76.58,2
2016-07-25_21:30:10.00,620.0,-87.09,-77.77,3
2016-07-25_21:30:10.00,622.0,-83.05,-77.97,3
2016-07-25_21:30:10.00,624.0,-85.79,-80.45,3
2016-07-25_21:30:10.00,626.0,-83.23,-82.1,2
2016-07-25_21:30:10.00,628.0,-81.0,-78.39,2
2016-07-25_21:30:20.00,576.0,-81.23,-72.52,3
2016-07-25_21:30:20.00,578.0,-83.37,-72.97,3
2016-07-25_21:30:20.00,580.0,-80.67,-78.69,2
2016-07-25_21:30:20.00,582.0,-83.97,-71.84,3
2016-07-25_21:30:20.00,584.0,-81.57,-78.3,3
2016-07-25_21:30:20.00,586.0,-78.56,-75.74,2
2016-07-25_21:30:20.00,588.0,-81.91,-72.33,3
2016-07-25_21:30:20.00,590.0,-88.36,-73.82,3
2016-07-25_21:30:20.00,592.0,-80.55,-71.1,3
2016-07-25_21:30:20.00,594.0,-87.81,-77.64,3
2016-07-25_21:30:20.00,596.0,-87.55,-75.39,3
2016-07-25_21:30:20.00,598.0,-82.73,-83.09,2
2016-07-25_21:30:20.00,600.0,-86.26,-73.76,3
2016-07-25_21:30:20.00,602.0,-83.23,-75.91,3
2016-07-25_21:30:20.00,604.0,-84.41,-75.81,3
2016-07-25_21:30:20.00,606.0,-80.62,-74.91,3
2016-07-25_21:30:20.00,608.0,-79.39,-77.32,2
2016-07-25_21:30:20.00,610.0,-79.13,-75.88,3
2016-07-25_21:30:20.00,612.0,-78.06,-71.6,3
2016-07-25_21:30:20.00,614.0,-75.26,-76.59,2
2016-07-25_21:30:20.00,616.0,-74.1,-77.58,1
2016-07-25_21:30:20.00,618.0,-86.32,-81.29,3
2016-07-25_21:30:20.00,620.0,-80.34,-77.71,2
2016-07-25_21:30:20.00,622.0,-85.54,-79.23,3
2016-07-25_21:30:20.00,624.0,-84.38,-83.55,2
2016-07-25_21:30:20.00,626.0,-81.57,-81.74,2
2016-07-25_21:30:20.00,628.0,-86.22,-78.67,3
2016-07-25_21:30:20.00,630.0,-84.13,-84.94,2
2016-07-25_21:30:20.00,632.0,-87.26,-79.78,3
2016-07-25_21:30:20.00,634.0,-78.85,-83.41,1
2016-07-25_21:30:20.00,636.0,-83.5,-81.09,2
2016-07-25_21:30:20.00,638.0,-85.28,-79.14,3
2016-07-25_21:30:20.00,640.0,-82.81,-77.45,3
2016-07-25_21:30:20.00,642.0,-75.95,-85.74,1
2016-07-25_21:30:30.00,594.0,-84.78,-76.59,3
2016-07-25_21:30:30.00,596.0,-84.85,-79.24,3
2016-07-25_21:30:30.00,598.0,-84.62,-82.62,2
2016-07-25_21:30:30.00,600.0,-81.56,-76.24,3
2016-07-25_21:30:30.00,602.0,-79.83,-79.16,2
2016-07-25_21:30:30.00,604.0,-87.57,-79.39,3
2016-07-25_21:30:30.00,606.0,-80.79,-70.87,3
2016-07-25_21:30:30.00,608.0,-82.89,-71.48,3
2016-07-25_21:30:30.00,610.0,-78.85,-77.34,2
2016-07-25_21:30:30.00,612.0,-78.46,-76.94,2
2016-07-25_21:30:30.00,614.0,-82.8,-76.95,3
2016-07-25_21:30:30.00,616.0,-79.42,-81.85,2
2016-07-25_21:30:30.00,618.0,-83.77,-80.82,2
2016-07-25_21:30:30.00,620.0,-88.89,-78.76,3
2016-07-25_21:30:30.00,622.0,-85.07,-80.02,3
2016-07-25_21:30:30.00,624.0,-90.59,-82.75,3
2016-07-25_21:30:30.00,626.0,-89.09,-80.63,3
2016-07-25_21:30:30.00,628.0,-83.46,-80.05,3
2016-07-25_21:30:30.00,630.0,-83.47,-79.01,3
2016-07-25_21:30:30.00,632.0,-78.98,-78.74,2
2016-07-25_21:30:30.00,634.0,-79.54,-77.83,2
2016-07-25_21:30:30.00,636.0,-84.07,-80.49,3
2016-07-25_21:30:30.00,638.0,-84.45,-79.86,3
2016-07-25_21:30:30.00,640.0,-80.12,-81.2,2
2016-07-25_21:30:30.00,642.0,-73.78,-78.09,1
2016-07-25_21:30:30.00,644.0,-75.7,-86.66,1
2016-07-25_21:30:30.00,646.0,-73.6,-83.58,1
2016-07-25_21:30:30.00,648.0,-76.02,-79.93,1
2016-07-25_21:30:30.00,650.0,-80.24,-84.45,1
2016-07-25_21:30:30.00,652.0,-85.6,-84.55,2
2016-07-25_21:30:30.00,654.0,-80.47,-81.75,2
2016-07-25_21:30:30.00,656.0,-77.78,-87.93,1
2016-07-25_21:30:30.00,658.0,-84.25,-78.27,3
2016-07-25_21:30:30.00,660.0,-85.14,-81.49,3
2016-07-25_21:30:40.00,626.0,-83.08,-81.77,2
2016-07-25_21:30:40.00,628.0,-83.72,-81.68,2
2016-07-25_21:30:40.00,630.0,-84.22,-78.73,3
2016-07-25_21:30:40.00,632.0,-85.75,-82.75,3
2016-07-25_21:30:40.00,634.0,-81.46,-82.27,2
2016-07-25_21:30:40.00,636.0,-84.72,-80.49,3
2016-07-25_21:30:40.00,638.0,-80.21,-84.67,1
2016-07-25_21:30:40.00,640.0,-76.2,-80.35,1
2016-07-25_21:30:40.00,642.0,-74.34,-83.02,1
2016-07-25_21:30:40.00,644.0,-73.63,-78.24,1
2016-07-25_21:30:40.00,646.0,-76.7,-82.47,1
2016-07-25_21:30:40.00,648.0,-79.04,-80.2,2
2016-07-25_21:30:40.00,650.0,-81.08,-82.54,2
2016-07-25_21:30:40.00,652.0,-83.31,-81.77,2
2016-07-25_21:30:40.00,654.0,-82.51,-83.21,2
2016-07-25_21:30:40.00,656.0,-86.26,-84.19,2
2016-07-25_21:30:40.00,658.0,-83.84,-80.1,3
2016-07-25_21:30:40.00,660.0,-83.2,-83.62,2
2016-07-25_21:30:40.00,662.0,-84.26,-84.42,2
2016-07-25_21:30:40.00,664.0,-82.15,-82.77,2
2016-07-25_21:30:40.00,666.0,-83.98,-80.38,3
2016-07-25_21:30:40.00,668.0,-81.69,-78.14,3
2016-07-25_21:30:40.00,670.0,-77.29,-75.47,2
2016-07-25_21:30:40.00,672.0,-79.77,-75.06,3
2016-07-25_21:30:40.00,674.0,-81.77,-79.76,2
2016-07-25_21:30:40.00,676.0,-77.5,-76.45,2
2016-07-25_21:30:40.00,678.0,-76.83,-78.43,2
2016-07-25_21:30:40.00,680.0,-81.77,-82.08,2
2016-07-25_21:30:40.00,682.0,-79.22,-82.62,1
2016-07-25_21:30:40.00,684.0,-79.08,-81.21,2
2016-07-25_21:30:40.00,686.0,-82.32,-80.82,2
2016-07-25_21:30:50.00,640.0,-80.1,-80.97,2
2016-07-25_21:30:50.00,642.0,-80.27,-84.34,1
2016-07-25_21:30:50.00,644.0,-77.8,-81.65,1
2016-07-25_21:30:50.00,646.0,-84.69,-82.95,2
2016-07-25_21:30:50.00,648.0,-84.02,-83.57,2
2016-07-25_21:30:50.00,650.0,-88.08,-82.94,3
2016-07-25_21:30:50.00,652.0,-83.86,-80.21,3
2016-07-25_21:30:50.00,654.0,-79.09,-83.78,1
2016-07-25_21:30:50.00,656.0,-78.85,-78.02,2
2016-07-25_21:30:50.00,658.0,-79.42,-79.51,2
2016-07-25_21:30:50.00,660.0,-83.04,-85.02,2
2016-07-25_21:30:50.00,662.0,-80.52,-80.02,2
2016-07-25_21:30:50.00,664.0,-81.18,-79.48,2
2016-07-25_21:30:50.00,666.0,-81.68,-75.95,3
2016-07-25_21:30:50.00,668.0,-81.49,-76.81,3
2016-07-25_21:30:50.00,670.0,-81.35,-85.93,1
2016-07-25_21:30:50.00,672.0,-78.4,-78.99,2
2016-07-25_21:30:50.00,674.0,-79.04,-81.2,2
2016-07-25_21:30:50.00,676.0,-82.58,-82.0,2
2016-07-25_21:30:50.00,678.0,-84.65,-78.85,3
2016-07-25_21:30:50.00,680.0,-76.34,-77.47,2
2016-07-25_21:30:50.00,682.0,-78.2,-82.1,1
2016-07-25_21:30:50.00,684.0,-83.35,-84.57,2
2016-07-25_21:30:50.00,686.0,-79.79,-85.33,1
2016-07-25_21:30:50.00,688.0,-80.22,-80.82,2
2016-07-25_21:30:50.00,690.0,-80.45,-81.54,2
2016-07-25_21:30:50.00,692.0,-81.85,-84.66,2
2016-07-25_21:30:50.00,694.0,-84.09,-82.96,2
2016-07-25_21:30:50.00,696.0,-79.47,-81.62,2
2016-07-25_21:30:50.00,698.0,-80.29,-81.04,2
2016-07-25_21:30:50.00,700.0,-81.75,-78.86,2
2016-07-25_21:30:50.00,702.0,-82.98,-78.25,3
2016-07-25_21:31:00.00,658.0,-79.82,-84.82,1
2016-07-25_21:31:00.00,660.0,-79.08,-81.8,2
2016-07-25_21:31:00.00,662.0,-86.27,-86.37,2
2016-07-25_21:31:00.00,664.0,-80.89,-78.21,2
2016-07-25_21:31:00.00,666.0,-81.3,-82.85,2
2016-07-25_21:31:00.00,668.0,-80.6,-78.04,2
2016-07-25_21:31:00.00,670.0,-80.35,-77.62,2
2016-07-25_21:31:00.00,672.0,-81.98,-81.44,2
2016-07-25_21:31:00.00,674.0,-83.3,-81.82,2
2016-07-25_21:31:00.00,676.0,-80.95,-83.06,2
2016-07-25_21:31:00.00,678.0,-80.81,-81.65,2
2016-07-25_21:31:00.00,680.0,-80.77,-78.59,2
2016-07-25_21:31:00.00,682.0,-78.67,-82.88,1
2016-07-25_21:31:00.00,684.0,-77.88,-84.04,1
2016-07-25_21:31:00.00,686.0,-76.4,-81.75,1
2016-07-25_21:31:00.00,688.0,-81.46,-86.25,1
2016-07-25_21:31:00.00,690.0,-79.83,-86.22,1
2016-07-25_21:31:00.00,692.0,-79.78,-83.48,1
2016-07-25_21:31:00.00,694.0,-81.23,-79.72,2
2016-07-25_21:31:00.00,696.0,-82.95,-83.23,2
2016-07-25_21:31:00.00,698.0,-81.38,-81.41,2
2016-07-25_21:31:00.00,700.0,-81.65,-78.42,3
2016-07-25_21:31:00.00,702.0,-77.83,-78.35,2
2016-07-25_21:31:00.00,704.0,-78.57,-77.17,2
2016-07-25_21:31:00.00,706.0,-84.67,-84.19,2
2016-07-25_21:31:00.00,708.0,-78.12,-84.61,1
2016-07-25_21:31:00.00,710.0,-80.25,-81.56,2
2016-07-25_21:31:00.00,712.0,-76.26,-81.41,1
2016-07-25_21:31:00.00,714.0,-80.26,-86.06,1
2016-07-25_21:31:00.00,716.0,-74.9,-84.07,1
2016-07-25_21:31:00.00,718.0,-78.58,-81.73,1
2016-07-25_21:31:00.00,720.0,-74.48,-82.77,1
2016-07-25_21:31:10.00,668.0,-83.45,-78.79,3
2016-07-25_21:31:10.00,670.0,-86.12,-83.2,2
2016-07-25_21:31:10.00,672.0,-84.04,-77.73,3
2016-07-25_21:31:10.00,674.0,-80.03,-82.63,2
2016-07-25_21:31:10.00,676.0,-81.69,-77.81,3
2016-07-25_21:31:10.00,678.0,-79.27,-81.82,2
2016-07-25_21:31:10.00,680.0,-78.68,-80.64,2
2016-07-25_21:31:10.00,682.0,-82.86,-79.64,3
2016-07-25_21:31:10.00,684.0,-81.4,-85.38,1
2016-07-25_21:31:10.00,686.0,-77.08,-80.61,1
2016-07-25_21:31:10.00,688.0,-82.46,-85.06,2
2016-07-25_21:31:10.00,690.0,-76.31,-81.86,1
2016-07-25_21:31:10.00,692.0,-78.96,-82.61,1
2016-07-25_21:31:10.00,694.0,-81.33,-84.83,1
2016-07-25_21:31:10.00,696.0,-81.57,-83.97,2
2016-07-25_21:31:10.00,698.0,-84.11,-80.76,3
2016-07-25_21:31:10.00,700.0,-80.89,-83.37,2
2016-07-25_21:31:10.00,702.0,-81.62,-82.3,2
2016-07-25_21:31:10.00,704.0,-77.85,-80.85,1
2016-07-25_21:31:10.00,706.0,-77.95,-81.98,1
2016-07-25_21:31:10.00,708.0,-84.79,-84.02,2
2016-07-25_21:31:10.00,710.0,-82.6,-80.19,2
2016-07-25_21:31:10.00,712.0,-78.07,-84.28,1
2016-07-25_21:31:10.00,714.0,-77.51,-80.67,1
2016-07-25_21:31:10.00,716.0,-78.24,-77.88,2
2016-07-25_21:31:10.00,718.0,-76.29,-81.58,1
2016-07-25_21:31:10.00,720.0,-81.06,-80.61,2
2016-07-25_21:31:10.00,722.0,-75.18,-79.27,1
2016-07-25_21:31:10.00,724.0,-75.12,-82.51,1
2016-07-25_21:31:10.00,726.0,-77.54,-77.16,2
2016-07-25_21:31:10.00,728.0,-73.01,-80.58,1
2016-07-25_21:31:20.00,672.0,-83.39,-79.95,3
2016-07-25_21:31:20.00,674.0,-78.87,-81.04,2
2016-07-25_21:31:20.00,676.0,-81.0,-81.82,2
2016-07-25_21:31:20.00,678.0,-79.7,-83.0,1
2016-07-25_21:31:20.00,680.0,-78.33,-82.06,1
2016-07-25_21:31:20.00,682.0,-79.7,-81.4,2
2016-07-25_21:31:20.00,684.0,-81.65,-82.89,2
2016-07-25_21:31:20.00,686.0,-78.01,-81.97,1
2016-07-25_21:31:20.00,688.0,-82.86,-81.59,2
2016-07-25_21:31:20.00,690.0,-79.28,-82.07,2
2016-07-25_21:31:20.00,692.0,-79.29,-85.24,1
2016-07-25_21:31:20.00,694.0,-80.41,-78.3,2
2016-07-25_21:31:20.00,696.0,-80.96,-80.31,2
2016-07-25_21:31:20.00,698.0,-82.84,-81.1,2
2016-07-25_21:31:20.00,700.0,-80.36,-81.83,2
2016-07-25_21:31:20.00,702.0,-81.65,-82.82,2
2016-07-25_21:31:20.00,704.0,-79.94,-85.31,1
2016-07-25_21:31:20.00,706.0,-80.23,-80.32,2
2016-07-25_21:31:20.00,708.0,-75.27,-80.67,1
2016-07-25_21:31:20.00,710.0,-77.43,-78.51,2
2016-07-25_21:31:20.00,712.0,-74.87,-79.86,1
2016-07-25_21:31:20.00,714.0,-77.26,-85.46,1
2016-07-25_21:31:20.00,716.0,-76.51,-80.17,1
2016-07-25_21:31:20.00,718.0,-73.4,-77.61,1
2016-07-25_21:31:20.00,720.0,-74.8,-77.76,2
2016-07-25_21:31:20.00,722.0,-78.56,-80.36,2
2016-07-25_21:31:20.00,724.0,-76.37,-80.88,1
2016-07-25_21:31:20.00,726.0,-73.99,-81.65,1
2016-07-25_21:31:20.00,728.0,-75.95,-81.75,1
2016-07-25_21:31:20.00,730.0,-75.96,-79.43,1
2016-07-25_21:31:20.00,732.0,-72.72,-80.93,1
2016-07-25_21:31:20.00,734.0,-76.83,-81.53,1
2016-07-25_21:31:30.00,670.0,-78.86,-82.09,1
2016-07-25_21:31:30.00,672.0,-78.03,-84.33,1
2016-07-25_21:31:30.00,674.0,-79.16,-79.88,2
2016-07-25_21:31:30.00,676.0,-81.67,-82.65,2
2016-07-25_21:31:30.00,678.0,-82.58,-84.17,2
2016-07-25_21:31:30.00,680.0,-79.51,-80.49,2
2016-07-25_21:31:30.00,682.0,-78.62,-84.26,1
2016-07-25_21:31:30.00,684.0,-78.13,-80.08,2
2016-07-25_21:31:30.00,686.0,-81.83,-84.88,1
2016-07-25_21:31:30.00,688.0,-78.65,-82.06,1
2016-07-25_21:31:30.00,690.0,-77.83,-84.0,1
2016-07-25_21:31:30.00,692.0,-76.22,-78.63,2
2016-07-25_21:31:30.00,694.0,-76.96,-85.08,1
2016-07-25_21:31:30.00,696.0,-81.78,-79.43,2
2016-07-25_21:31:30.00,698.0,-78.06,-83.23,1
2016-07-25_21:31:30.00,700.0,-78.73,-79.03,2
2016-07-25_21:31:30.00,702.0,-81.61,-87.72,1
2016-07-25_21:31:30.00,704.0,-83.37,-80.69,2
2016-07-25_21:31:30.00,706.0,-79.82,-79.97,2
2016-07-25_21:31:30.00,708.0,-76.49,-83.01,1
2016-07-25_21:31:30.00,710.0,-76.81,-82.28,1
2016-07-25_21:31:30.00,712.0,-77.27,-79.91,2
2016-07-25_21:31:30.00,714.0,-79.11,-78.24,2
2016-07-25_21:31:30.00,716.0,-76.91,-81.11,1
2016-07-25_21:31:30.00,718.0,-75.52,-79.09,1
2016-07-25_21:31:30.00,720.0,-76.28,-77.8,2
2016-07-25_21:31:30.00,722.0,-73.63,-82.62,1
2016-07-25_21:31:30.00,724.0,-73.59,-78.62,1
2016-07-25_21:31:30.00,726.0,-71.91,-78.19,1
2016-07-25_21:31:30.00,728.0,-76.26,-83.87,1
2016-07-25_21:31:30.00,730.0,-71.08,-82.37,1
2016-07-25_21:31:30.00,732.0,-78.25,-80.85,2
2016-07-25_21:31:30.00,734.0,-74.36,-84.14,1
2016-07-25_21:31:30.00,736.0,-74.87,-86.84,1
2016-07-25_21:31:30.00,738.0,-74.82,-79.3,1
2016-07-25_21:31:30.00,740.0,-75.85,-79.73,1
2016-07-25_21:31:40.00,664.0,-80.96,-74.96,3
2016-07-25_21:31:40.00,666.0,-77.28,-79.59,2
2016-07-25_21:31:40.00,668.0,-79.25,-78.89,2
2016-07-25_21:31:40.00,670.0,-80.94,-78.96,2
2016-07-25_21:31:40.00,672.0,-83.7,-83.77,2
2016-07-25_21:31:40.00,674.0,-78.99,-78.91,2
2016-07-25_21:31:40.00,676.0,-82.54,-82.31,2
2016-07-25_21:31:40.00,678.0,-83.92,-80.08,3
2016-07-25_21:31:40.00,680.0,-79.1,-84.29,1
2016-07-25_21:31:40.00,682.0,-83.75,-80.27,3
2016-07-25_21:31:40.00,684.0,-80.19,-82.23,2
2016-07-25_21:31:40.00,686.0,-80.97,-81.94,2
2016-07-25_21:31:40.00,688.0,-78.48,-87.22,1
2016-07-25_21:31:40.00,690.0,-80.79,-80.78,2
2016-07-25_21:31:40.00,692.0,-78.35,-84.7,1
2016-07-25_21:31:40.00,694.0,-78.29,-86.13,1
2016-07-25_21:31:40.00,696.0,-80.53,-82.19,2
2016-07-25_21:31:40.00,698.0,-76.12,-82.29,1
2016-07-25_21:31:40.00,700.0,-85.12,-80.97,3
2016-07-25_21:31:40.00,702.0,-77.24,-78.42,2
2016-07-25_21:31:40.00,704.0,-80.92,-81.33,2
2016-07-25_21:31:40.00,706.0,-78.15,-81.61,1
2016-07-25_21:31:40.00,708.0,-77.11,-81.42,1
2016-07-25_21:31:40.00,710.0,-81.57,-77.71,3
2016-07-25_21:31:40.00,712.0,-79.75,-82.4,2
2016-07-25_21:31:40.00,714.0,-74.63,-76.82,2
2016-07-25_21:31:40.00,716.0,-71.9,-78.43,1
2016-07-25_21:31:40.00,718.0,-76.05,-78.44,2
2016-07-25_21:31:40.00,720.0,-75.45,-84.42,1
2016-07-25_21:31:40.00,722.0,-71.32,-85.56,1
2016-07-25_21:31:40.00,724.0,-77.58,-82.43,1
2016-07-25_21:31:40.00,726.0,-78.23,-82.1,1
2016-07-25_21:31:40.00,728.0,-80.76,-76.88,3
2016-07-25_21:31:40.00,730.0,-71.93,-76.49,1
2016-07-25_21:31:40.00,732.0,-72.43,-81.08,1
2016-07-25_21:31:40.00,734.0,-77.48,-80.69,1
2016-07-25_21:31:40.00,736.0,-75.47,-78.12,2
2016-07-25_21:31:40.00,738.0,-74.49,-86.91,1
2016-07-25_21:31:50.00,658.0,-81.34,-79.12,2
2016-07-25_21:31:50.00,660.0,-81.03,-79.6,2
2016-07-25_21:31:50.00,662.0,-78.45,-79.26,2
2016-07-25_21:31:50.00,664.0,-81.06,-80.89,2
2016-07-25_21:31:50.00,666.0,-84.48,-86.39,2
2016-07-25_21:31:50.00,668.0,-75.9,-86.99,1
2016-07-25_21:31:50.00,670.0,-83.21,-82.18,2
2016-07-25_21:31:50.00,672.0,-76.27,-85.01,1
2016-07-25_21:31:50.00,674.0,-85.74,-84.73,2
2016-07-25_21:31:50.00,676.0,-80.96,-83.9,2
2016-07-25_21:31:50.00,678.0,-84.59,-81.64,2
2016-07-25_21:31:50.00,680.0,-84.89,-81.13,3
2016-07-25_21:31:50.00,682.0,-80.37,-83.19,2
2016-07-25_21:31:50.00,684.0,-80.09,-83.49,1
2016-07-25_21:31:50.00,686.0,-81.32,-86.42,1
2016-07-25_21:31:50.00,688.0,-77.23,-84.22,1
2016-07-25_21:31:50.00,690.0,-77.23,-83.95,1
2016-07-25_21:31:50.00,692.0,-76.51,-84.51,1
2016-07-25_21:31:50.00,694.0,-79.43,-84.09,1
2016-07-25_21:31:50.00,696.0,-76.68,-85.3,1
2016-07-25_21:31:50.00,698.0,-79.16,-83.03,1
2016-07-25_21:31:50.00,700.0,-76.96,-84.86,1
2016-07-25_21:31:50.00,702.0,-77.16,-82.34,1
2016-07-25_21:31:50.00,704.0,-79.06,-81.4,2
2016-07-25_21:31:50.00,706.0,-77.36,-80.08,2
2016-07-25_21:31:50.00,708.0,-75.52,-82.7,1
2016-07-25_21:31:50.00,710.0,-73.88,-77.13,1
2016-07-25_21:31:50.00,712.0,-77.97,-82.62,1
2016-07-25_21:31:50.00,714.0,-81.26,-78.21,3
2016-07-25_21:31:50.00,716.0,-78.73,-83.06,1
2016-07-25_21:31:50.00,718.0,-75.18,-88.41,1
2016-07-25_21:31:50.00,720.0,-73.36,-84.57,1
2016-07-25_21:31:50.00,722.0,-73.33,-80.49,1
2016-07-25_21:31:50.00,724.0,-74.09,-80.41,1
2016-07-25_21:31:50.00,726.0,-72.88,-79.0,1
2016-07-25_21:31:50.00,728.0,-80.95,-81.28,2
2016-07-25_21:31:50.00,730.0,-75.95,-83.36,1
2016-07-25_21:31:50.00,732.0,-81.41,-79.48,2
2016-07-25_21:31:50.00,734.0,-73.49,-83.16,1
2016-07-25_21:31:50.00,736.0,-78.9,-80.35,2
2016-07-25_21:32:00.00,658.0,-80.79,-75.41,3
2016-07-25_21:32:00.00,660.0,-78.39,-80.32,2
2016-07-25_21:32:00.00,662.0,-82.05,-80.8,2
2016-07-25_21:32:00.00,664.0,-78.66,-77.8,2
2016-07-25_21:32:00.00,666.0,-79.5,-80.27,2
2016-07-25_21:32:00.00,668.0,-82.42,-82.37,2
2016-07-25_21:32:00.00,670.0,-78.19,-79.49,2
2016-07-25_21:32:00.00,672.0,-82.94,-82.4,2
2016-07-25_21:32:00.00,674.0,-82.7,-80.41,2
2016-07-25_21:32:00.00,676.0,-82.18,-82.81,2
2016-07-25_21:32:00.00,678.0,-79.27,-82.36,1
2016-07-25_21:32:00.00,680.0,-80.21,-78.85,2
2016-07-25_21:32:00.00,682.0,-78.51,-80.03,2
2016-07-25_21:32:00.00,684.0,-81.89,-80.43,2
2016-07-25_21:32:00.00,686.0,-79.0,-86.04,1
2016-07-25_21:32:00.00,688.0,-79.47,-84.13,1
2016-07-25_21:32:00.00,690.0,-81.6,-83.04,2
2016-07-25_21:32:00.00,692.0,-78.19,-83.56,1
2016-07-25_21:32:00.00,694.0,-79.62,-85.98,1
2016-07-25_21:32:00.00,696.0,-80.03,-85.49,1
2016-07-25_21:32:00.00,698.0,-80.6,-84.65,1
2016-07-25_21:32:00.00,700.0,-80.0,-84.7,1
2016-07-25_21:32:00.00,702.0,-80.83,-81.55,2
2016-07-25_21:32:00.00,704.0,-80.21,-81.28,2
2016-07-25_21:32:00.00,706.0,-75.33,-80.04,1
2016-07-25_21:32:00.00,708.0,-75.69,-78.47,2
2016-07-25_21:32:00.00,710.0,-80.48,-77.43,3
2016-07-25_21:32:00.00,712.0,-75.06,-85.41,1
2016-07-25_21:32:00.00,714.0,-75.37,-81.47,1
2016-07-25_21:32:00.00,716.0,-73.95,-82.09,1
2016-07-25_21:32:00.00,718.0,-77.56,-78.38,2
2016-07-25_21:32:00.00,720.0,-79.08,-78.45,2
2016-07-25_21:32:00.00,722.0,-75.72,-79.46,1
2016-07-25_21:32:00.00,724.0,-76.72,-78.52,2
2016-07-25_21:32:00.00,726.0,-74.84,-82.33,1
2016-07-25_21:32:00.00,728.0,-71.78,-80.17,1
2016-07-25_21:32:00.00,730.0,-76.05,-81.3,1
2016-07-25_21:32:00.00,732.0,-73.56,-83.78,1
2016-07-25_21:32:00.00,734.0,-74.34,-85.9,1
2016-07-25_21:32:00.00,736.0,-75.71,-83.55,1
2016-07-25_21:32:10.00,654.0,-84.85,-85.75,2
2016-07-25_21:32:10.00,656.0,-86.23,-83.01,3
2016-07-25_21:32:10.00,658.0,-83.12,-78.65,3
2016-07-25_21:32:10.00,660.0,-84.62,-78.57,3
2016-07-25_21:32:10.00,662.0,-83.13,-76.48,3
2016-07-25_21:32:10.00,664.0,-83.83,-79.53,3
2016-07-25_21:32:10.00,666.0,-78.88,-81.72,2
2016-07-25_21:32:10.00,668.0,-82.81,-78.35,3
2016-07-25_21:32:10.00,670.0,-84.41,-82.93,2
2016-07-25_21:32:10.00,672.0,-83.18,-79.94,3
2016-07-25_21:32:10.00,674.0,-76.75,-80.27,1
2016-07-25_21:32:10.00,676.0,-79.12,-81.34,2
2016-07-25_21:32:10.00,678.0,-79.04,-77.4,2
2016-07-25_21:32:10.00,680.0,-79.65,-79.16,2
2016-07-25_21:32:10.00,682.0,-81.5,-82.7,2
2016-07-25_21:32:10.00,684.0,-81.57,-78.03,3
2016-07-25_21:32:10.00,686.0,-83.18,-82.84,2
2016-07-25_21:32:10.00,688.0,-76.66,-82.33,1
2016-07-25_21:32:10.00,690.0,-79.7,-84.52,1
2016-07-25_21:32:10.00,692.0,-79.22,-82.41,1
2016-07-25_21:32:10.00,694.0,-77.76,-82.7,1
2016-07-25_21:32:10.00,696.0,-79.7,-86.82,1
2016-07-25_21:32:10.00,698.0,-86.67,-80.76,3
2016-07-25_21:32:10.00,700.0,-85.07,-83.52,2
2016-07-25_21:32:10.00,702.0,-78.16,-83.12,1
2016-07-25_21:32:10.00,704.0,-76.58,-78.94,2
2016-07-25_21:32:10.00,706.0,-82.63,-82.16,2
2016-07-25_21:32:10.00,708.0,-77.17,-84.85,1
2016-07-25_21:32:10.00,710.0,-78.98,-81.13,2
2016-07-25_21:32:10.00,712.0,-74.29,-79.98,1
2016-07-25_21:32:10.00,714.0,-77.2,-80.1,2
2016-07-25_21:32:10.00,716.0,-71.79,-81.99,1
2016-07-25_21:32:10.00,718.0,-73.97,-85.27,1
2016-07-25_21:32:10.00,720.0,-81.39,-78.42,2
2016-07-25_21:32:10.00,722.0,-75.53,-79.22,1
2016-07-25_21:32:20.00,650.0,-84.47,-78.84,3
2016-07-25_21:32:20.00,652.0,-85.35,-83.75,2
2016-07-25_21:32:20.00,654.0,-86.57,-83.3,3
2016-07-25_21:32:20.00,656.0,-82.71,-84.59,2
2016-07-25_21:32:20.00,658.0,-84.56,-77.45,3
2016-07-25_21:32:20.00,660.0,-80.11,-79.11,2
2016-07-25_21:32:20.00,662.0,-85.02,-77.86,3
2016-07-25_21:32:20.00,664.0,-81.76,-78.56,3
2016-07-25_21:32:20.00,666.0,-84.35,-77.33,3
2016-07-25_21:32:20.00,668.0,-86.41,-81.21,3
2016-07-25_21:32:20.00,670.0,-81.32,-79.38,2
2016-07-25_21:32:20.00,672.0,-81.2,-77.96,3
2016-07-25_21:32:20.00,674.0,-78.76,-81.26,2
2016-07-25_21:32:20.00,676.0,-79.42,-80.12,2
2016-07-25_21:32:20.00,678.0,-82.66,-87.81,1
2016-07-25_21:32:20.00,680.0,-82.28,-85.08,2
2016-07-25_21:32:20.00,682.0,-82.01,-82.14,2
2016-07-25_21:32:20.00,684.0,-81.89,-80.0,2
2016-07-25_21:32:20.00,686.0,-79.02,-83.4,1
2016-07-25_21:32:20.00,688.0,-81.21,-82.18,2
2016-07-25_21:32:20.00,690.0,-78.57,-82.47,1
2016-07-25_21:32:20.00,692.0,-80.44,-81.88,2
2016-07-25_21:32:20.00,694.0,-81.69,-82.5,2
2016-07-25_21:32:20.00,696.0,-86.26,-86.52,2
2016-07-25_21:32:20.00,698.0,-82.54,-85.38,2
2016-07-25_21:32:20.00,700.0,-84.08,-84.8,2
2016-07-25_21:32:20.00,702.0,-82.26,-84.59,2
2016-07-25_21:32:20.00,704.0,-77.81,-83.98,1
2016-07-25_21:32:20.00,706.0,-79.71,-85.78,1
2016-07-25_21:32:20.00,708.0,-78.06,-78.7,2
2016-07-25_21:32:20.00,710.0,-80.08,-84.42,1
2016-07-25_21:32:20.00,712.0,-78.39,-82.5,1
2016-07-25_21:32:20.00,714.0,-76.91,-81.18,1
2016-07-25_21:32:20.00,716.0,-75.58,-82.14,1
2016-07-25_21:32:20.00,718.0,-76.89,-80.5,1
2016-07-25_21:32:20.00,720.0,-75.04,-80.41,1
2016-07-25_21:32:20.00,722.0,-73.71,-77.29,1
2016-07-25_21:32:30.00,644.0,-80.06,-85.37,1
2016-07-25_21:32:30.00,646.0,-83.98,-81.06,2
2016-07-25_21:32:30.00,648.0,-80.64,-81.37,2
2016-07-25_21:32:30.00,650.0,-86.79,-81.73,3
2016-07-25_21:32:30.00,652.0,-82.59,-84.41,2
2016-07-25_21:32:30.00,654.0,-78.32,-86.32,1
2016-07-25_21:32:30.00,656.0,-82.36,-82.34,2
2016-07-25_21:32:30.00,658.0,-85.12,-80.52,3
2016-07-25_21:32:30.00,660.0,-82.87,-82.93,2
2016-07-25_21:32:30.00,662.0,-80.43,-74.7,3
2016-07-25_21:32:30.00,664.0,-84.3,-78.85,3
2016-07-25_21:32:30.00,666.0,-79.0,-76.01,2
2016-07-25_21:32:30.00,668.0,-80.52,-76.45,3
2016-07-25_21:32:30.00,670.0,-83.53,-79.5,3
2016-07-25_21:32:30.00,672.0,-84.51,-83.49,2
2016-07-25_21:32:30.00,674.0,-86.89,-79.62,3
2016-07-25_21:32:30.00,676.0,-86.44,-81.66,3
2016-07-25_21:32:30.00,678.0,-80.92,-83.99,1
2016-07-25_21:32:30.00,680.0,-78.9,-78.64,2
2016-07-25_21:32:30.00,682.0,-81.52,-78.69,2
2016-07-25_21:32:30.00,684.0,-81.81,-78.94,2
2016-07-25_21:32:30.00,686.0,-83.98,-81.77,2
2016-07-25_21:32:30.00,688.0,-82.69,-81.01,2
2016-07-25_21:32:30.00,690.0,-85.16,-79.97,3
2016-07-25_21:32:30.00,692.0,-81.69,-80.9,2
2016-07-25_21:32:30.00,694.0,-83.28,-79.9,3
2016-07-25_21:32:30.00,696.0,-80.23,-84.21,1
2016-07-25_21:32:30.00,698.0,-81.22,-80.68,2
2016-07-25_21:32:30.00,700.0,-79.01,-84.25,1
2016-07-25_21:32:30.00,702.0,-79.84,-86.31,1
2016-07-25_21:32:30.00,704.0,-79.9,-81.88,2
2016-07-25_21:32:30.00,706.0,-76.62,-82.54,1
2016-07-25_21:32:30.00,708.0,-82.65,-83.0,2
2016-07-25_21:32:30.00,710.0,-76.8,-79.83,1
2016-07-25_21:32:30.00,712.0,-83.18,-80.13,3
2016-07-25_21:32:30.00,714.0,-76.2,-78.04,2
2016-07-25_21:32:30.00,716.0,-73.21,-78.85,1
2016-07-25_21:32:30.00,718.0,-79.42,-78.53,2
2016-07-25_21:32:30.00,720.0,-76.96,-78.61,2
2016-07-25_21:32:30.00,722.0,-77.26,-78.83,2
2016-07-25_21:32:40.00,644.0,-77.3,-78.48,2
2016-07-25_21:32:40.00,646.0,-77.06,-82.37,1
2016-07-25_21:32:40.00,648.0,-82.52,-86.67,1
2016-07-25_21:32:40.00,650.0,-77.96,-81.68,1
2016-07-25_21:32:40.00,652.0,-79.77,-80.37,2
2016-07-25_21:32:40.00,654.0,-81.44,-79.14,2
2016-07-25_21:32:40.00,656.0,-84.63,-83.08,2
2016-07-25_21:32:40.00,658.0,-80.83,-87.6,1
2016-07-25_21:32:40.00,660.0,-83.68,-81.09,2
2016-07-25_21:32:40.00,662.0,-82.5,-80.46,2
2016-07-25_21:32:40.00,664.0,-80.5,-79.94,2
2016-07-25_21:32:40.00,666.0,-79.67,-83.12,1
2016-07-25_21:32:40.00,668.0,-85.4,-74.76,3
2016-07-25_21:32:40.00,670.0,-80.22,-77.08,3
2016-07-25_21:32:40.00,672.0,-77.52,-75.51,2
2016-07-25_21:32:40.00,674.0,-82.83,-76.69,3
2016-07-25_21:32:40.00,676.0,-79.9,-79.93,2
2016-07-25_21:32:40.00,678.0,-75.65,-80.48,1
2016-07-25_21:32:40.00,680.0,-78.73,-80.43,2
2016-07-25_21:32:40.00,682.0,-78.47,-78.53,2
2016-07-25_21:32:40.00,684.0,-79.65,-80.11,2
2016-07-25_21:32:40.00,686.0,-81.78,-79.27,2
2016-07-25_21:32:40.00,688.0,-80.82,-80.81,2
2016-07-25_21:32:40.00,690.0,-79.9,-81.81,2
2016-07-25_21:32:40.00,692.0,-82.34,-81.2,2
2016-07-25_21:32:40.00,694.0,-81.32,-82.95,2
2016-07-25_21:32:40.00,696.0,-83.94,-82.26,2
2016-07-25_21:32:40.00,698.0,-83.47,-81.34,2
2016-07-25_21:32:40.00,700.0,-78.46,-84.95,1
2016-07-25_21:32:40.00,702.0,-76.46,-87.15,1
2016-07-25_21:32:40.00,704.0,-79.74,-85.58,1
2016-07-25_21:32:40.00,706.0,-80.12,-80.83,2
2016-07-25_21:32:40.00,708.0,-77.35,-84.45,1
2016-07-25_21:32:40.00,710.0,-78.82,-81.39,2
2016-07-25_21:32:40.00,712.0,-77.99,-78.76,2
2016-07-25_21:32:40.00,714.0,-79.01,-80.67,2
2016-07-25_21:32:40.00,716.0,-76.3,-76.95,2
2016-07-25_21:32:40.00,718.0,-76.03,-78.64,2
2016-07-25_21:32:40.00,720.0,-73.4,-79.89,1
2016-07-25_21:32:40.00,722.0,-76.78,-76.17,2
2016-07-25_21:32:40.00,724.0,-73.8,-80.33,1
2016-07-25_21:32:50.00,662.0,-79.36,-84.13,1
2016-07-25_21:32:50.00,664.0,-79.41,-88.27,1
2016-07-25_21:32:50.00,666.0,-85.91,-82.22,3
2016-07-25_21:32:50.00,668.0,-82.37,-88.61,1
2016-07-25_21:32:50.00,670.0,-80.24,-82.14,2
2016-07-25_21:32:50.00,672.0,-84.21,-81.71,2
2016-07-25_21:32:50.00,674.0,-80.24,-76.97,3
2016-07-25_21:32:50.00,676.0,-79.65,-81.63,2
2016-07-25_21:32:50.00,678.0,-76.85,-75.4,2
2016-07-25_21:32:50.00,680.0,-80.98,-77.73,3
2016-07-25_21:32:50.00,682.0,-81.52,-79.47,2
2016-07-25_21:32:50.00,684.0,-81.41,-79.82,2
2016-07-25_21:32:50.00,686.0,-78.19,-79.22,2
2016-07-25_21:32:50.00,688.0,-79.63,-83.11,1
2016-07-25_21:32:50.00,690.0,-79.69,-79.0,2
2016-07-25_21:32:50.00,692.0,-82.52,-78.95,3
2016-07-25_21:32:50.00,694.0,-81.21,-83.6,2
2016-07-25_21:32:50.00,696.0,-78.56,-80.94,2
2016-07-25_21:32:50.00,698.0,-83.22,-80.58,2
2016-07-25_21:32:50.00,700.0,-83.02,-80.08,2
2016-07-25_21:32:50.00,702.0,-82.25,-80.42,2
2016-07-25_21:32:50.00,704.0,-84.43,-87.17,2
2016-07-25_21:32:50.00,706.0,-80.68,-84.18,1
2016-07-25_21:32:50.00,708.0,-80.7,-83.39,2
2016-07-25_21:32:50.00,710.0,-77.94,-85.76,1
2016-07-25_21:32:50.00,712.0,-75.32,-85.77,1
2016-07-25_21:32:50.00,714.0,-73.56,-77.12,1
2016-07-25_21:32:50.00,716.0,-75.08,-79.02,1
2016-07-25_21:32:50.00,718.0,-78.55,-80.57,2
2016-07-25_21:32:50.00,720.0,-77.61,-83.01,1
2016-07-25_21:32:50.00,722.0,-74.8,-83.15,1
2016-07-25_21:32:50.00,724.0,-76.25,-82.85,1
2016-07-25_21:32:50.00,726.0,-74.39,-77.37,2
2016-07-25_21:32:50.00,728.0,-76.49,-78.46,2
2016-07-25_21:33:00.00,666.0,-84.67,-84.27,2
2016-07-25_21:33:00.00,668.0,-83.11,-84.68,2
2016-07-25_21:33:00.00,670.0,-78.3,-80.17,2
2016-07-25_21:33:00.00,672.0,-84.94,-82.35,2
2016-07-25_21:33:00.00,674.0,-80.34,-82.04,2
2016-07-25_21:33:00.00,676.0,-83.39,-79.04,3
2016-07-25_21:33:00.00,678.0,-81.0,-77.66,3
2016-07-25_21:33:00.00,680.0,-82.13,-79.18,2
2016-07-25_21:33:00.00,682.0,-78.82,-78.4,2
2016-07-25_21:33:00.00,684.0,-82.22,-74.12,3
2016-07-25_21:33:00.00,686.0,-77.24,-75.44,2
2016-07-25_21:33:00.00,688.0,-79.01,-77.75,2
2016-07-25_21:33:00.00,690.0,-86.4,-73.66,3
2016-07-25_21:33:00.00,692.0,-80.23,-75.92,3
2016-07-25_21:33:00.00,694.0,-80.53,-75.6,3
2016-07-25_21:33:00.00,696.0,-79.99,-82.52,2
2016-07-25_21:33:00.00,698.0,-80.38,-80.7,2
2016-07-25_21:33:00.00,700.0,-80.3,-86.03,1
2016-07-25_21:33:00.00,702.0,-85.47,-82.37,3
2016-07-25_21:33:00.00,704.0,-78.91,-81.74,2
2016-07-25_21:33:00.00,706.0,-85.23,-85.22,2
2016-07-25_21:33:00.00,708.0,-82.74,-84.28,2
2016-07-25_21:33:00.00,710.0,-79.26,-83.72,1
2016-07-25_21:33:00.00,712.0,-73.08,-83.1,1
2016-07-25_21:33:00.00,714.0,-80.22,-78.73,2
2016-07-25_21:33:00.00,716.0,-77.98,-79.4,2
2016-07-25_21:33:00.00,718.0,-77.75,-80.91,1
2016-07-25_21:33:00.00,720.0,-79.08,-79.53,2
2016-07-25_21:33:00.00,722.0,-79.32,-81.14,2
2016-07-25_21:33:00.00,724.0,-78.25,-79.48,2
2016-07-25_21:33:00.00,726.0,-82.23,-79.52,2
2016-07-25_21:33:00.00,728.0,-76.02,-82.35,1
2016-07-25_21:33:00.00,730.0,-79.63,-82.19,2
2016-07-25_21:33:10.00,674.0,-83.89,-88.77,1
2016-07-25_21:33:10.00,676.0,-79.29,-84.51,1
2016-07-25_21:33:10.00,678.0,-81.2,-86.1,1
2016-07-25_21:33:10.00,680.0,-74.84,-81.29,1
2016-07-25_21:33:10.00,682.0,-83.27,-79.08,3
2016-07-25_21:33:10.00,684.0,-80.22,-80.79,2
2016-07-25_21:33:10.00,686.0,-82.55,-84.41,2
2016-07-25_21:33:10.00,688.0,-82.66,-76.52,3
2016-07-25_21:33:10.00,690.0,-83.43,-76.63,3
2016-07-25_21:33:10.00,692.0,-82.81,-77.61,3
2016-07-25_21:33:10.00,694.0,-75.1,-76.84,2
2016-07-25_21:33:10.00,696.0,-76.49,-77.5,2
2016-07-25_21:33:10.00,698.0,-75.25,-77.73,2
2016-07-25_21:33:10.00,700.0,-81.14,-83.38,2
2016-07-25_21:33:10.00,702.0,-78.59,-84.56,1
2016-07-25_21:33:10.00,704.0,-79.75,-86.06,1
2016-07-25_21:33:10.00,706.0,-84.18,-81.64,2
2016-07-25_21:33:10.00,708.0,-82.96,-88.11,1
2016-07-25_21:33:10.00,710.0,-80.82,-83.45,2
2016-07-25_21:33:10.00,712.0,-77.7,-82.08,1
2016-07-25_21:33:10.00,714.0,-82.57,-88.17,1
2016-07-25_21:33:10.00,716.0,-79.51,-81.33,2
2016-07-25_21:33:10.00,718.0,-79.36,-83.67,1
2016-07-25_21:33:10.00,720.0,-80.49,-84.54,1
2016-07-25_21:33:10.00,722.0,-79.67,-81.16,2
2016-07-25_21:33:10.00,724.0,-79.2,-82.85,1
2016-07-25_21:33:10.00,726.0,-76.46,-82.45,1
2016-07-25_21:33:10.00,728.0,-74.48,-82.82,1
2016-07-25_21:33:10.00,730.0,-76.78,-82.19,1
2016-07-25_21:33:10.00,732.0,-75.54,-82.06,1
2016-07-25_21:33:10.00,734.0,-77.62,-77.9,2
2016-07-25_21:33:10.00,736.0,-75.28,-76.52,2
2016-07-25_21:33:10.00,738.0,-75.04,-79.57,1
2016-07-25_21:33:10.00,740.0,-77.3,-80.75,1
2016-07-25_21:33:20.00,684.0,-76.96,-81.22,1
2016-07-25_21:33:20.00,686.0,-80.81,-81.19,2
2016-07-25_21:33:20.00,688.0,-84.15,-78.98,3
2016-07-25_21:33:20.00,690.0,-78.38,-79.34,2
2016-07-25_21:33:20.00,692.0,-79.95,-77.95,2
2016-07-25_21:33:20.00,694.0,-77.5,-76.94,2
2016-07-25_21:33:20.00,696.0,-80.16,-76.07,3
2016-07-25_21:33:20.00,698.0,-78.61,-77.2,2
2016-07-25_21:33:20.00,700.0,-77.48,-78.34,2
2016-07-25_21:33:20.00,702.0,-79.98,-77.4,2
2016-07-25_21:33:20.00,704.0,-78.86,-81.9,1
2016-07-25_21:33:20.00,706.0,-80.6,-81.63,2
2016-07-25_21:33:20.00,708.0,-79.7,-80.48,2
2016-07-25_21:33:20.00,710.0,-78.82,-81.7,2
2016-07-25_21:33:20.00,712.0,-80.42,-86.05,1
2016-07-25_21:33:20.00,714.0,-81.22,-84.67,1
2016-07-25_21:33:20.00,716.0,-79.42,-83.97,1
2016-07-25_21:33:20.00,718.0,-79.1,-85.07,1
2016-07-25_21:33:20.00,720.0,-79.57,-86.48,1
2016-07-25_21:33:20.00,722.0,-78.59,-82.41,1
2016-07-25_21:33:20.00,724.0,-76.14,-80.55,1
2016-07-25_21:33:20.00,726.0,-77.79,-83.89,1
2016-07-25_21:33:20.00,728.0,-76.45,-79.6,1
2016-07-25_21:33:20.00,730.0,-78.58,-79.2,2
2016-07-25_21:33:20.00,732.0,-74.64,-80.99,1
2016-07-25_21:33:20.00,734.0,-79.06,-77.6,2
2016-07-25_21:33:20.00,736.0,-75.89,-78.13,2
2016-07-25_21:33:20.00,738.0,-76.23,-79.17,2
2016-07-25_21:33:20.00,740.0,-77.67,-79.6,2
2016-07-25_21:33:20.00,742.0,-76.32,-81.18,1
2016-07-25_21:33:20.00,744.0,-77.74,-78.22,2
2016-07-25_21:33:20.00,746.0,-77.65,-80.51,2
2016-07-25_21:33:20.00,748.0,-75.23,-82.2,1
2016-07-25_21:33:20.00,750.0,-71.88,-79.86,1
2016-07-25_21:33:20.00,752.0,-77.29,-79.72,2
2016-07-25_21:33:30.00,690.0,-77.94,-83.06,1
2016-07-25_21:33:30.00,692.0,-83.35,-81.33,2
2016-07-25_21:33:30.00,694.0,-83.83,-80.76,3
2016-07-25_21:33:30.00,696.0,-76.62,-74.0,2
2016-07-25_21:33:30.00,698.0,-77.86,-73.97,3
2016-07-25_21:33:30.00,700.0,-79.28,-76.5,2
2016-07-25_21:33:30.00,702.0,-77.79,-73.49,3
2016-07-25_21:33:30.00,704.0,-77.35,-74.88,2
2016-07-25_21:33:30.00,706.0,-75.23,-73.05,2
2016-07-25_21:33:30.00,708.0,-80.39,-75.98,3
2016-07-25_21:33:30.00,710.0,-79.34,-79.25,2
2016-07-25_21:33:30.00,712.0,-78.38,-76.94,2
2016-07-25_21:33:30.00,714.0,-76.78,-82.31,1
2016-07-25_21:33:30.00,716.0,-81.55,-78.03,3
2016-07-25_21:33:30.00,718.0,-79.33,-78.27,2
2016-07-25_21:33:30.00,720.0,-77.0,-78.23,2
2016-07-25_21:33:30.00,722.0,-80.62,-81.68,2
2016-07-25_21:33:30.00,724.0,-80.74,-85.71,1
2016-07-25_21:33:30.00,726.0,-80.09,-83.23,1
2016-07-25_21:33:30.00,728.0,-79.07,-81.01,2
2016-07-25_21:33:30.00,730.0,-76.75,-79.86,1
2016-07-25_21:33:30.00,732.0,-77.61,-84.78,1
2016-07-25_21:33:30.00,734.0,-81.89,-81.82,2
2016-07-25_21:33:30.00,736.0,-77.38,-79.61,2
2016-07-25_21:33:30.00,738.0,-81.51,-83.03,2
2016-07-25_21:33:30.00,740.0,-76.93,-79.35,2
2016-07-25_21:33:30.00,742.0,-74.56,-77.68,1
2016-07-25_21:33:30.00,744.0,-73.35,-78.73,1
2016-07-25_21:33:30.00,746.0,-76.59,-79.34,2
2016-07-25_21:33:30.00,748.0,-76.06,-81.64,1
2016-07-25_21:33:30.00,750.0,-78.81,-77.46,2
2016-07-25_21:33:30.00,752.0,-76.73,-77.9,2
2016-07-25_21:33:30.00,754.0,-71.64,-79.37,1
2016-07-25_21:33:30.00,756.0,-73.34,-77.99,1
2016-07-25_21:33:40.00,710.0,-78.33,-75.1,3
2016-07-25_21:33:40.00,712.0,-81.57,-77.14,3
2016-07-25_21:33:40.00,714.0,-78.6,-77.88,2
2016-07-25_21:33:40.00,716.0,-77.73,-80.41,2
2016-07-25_21:33:40.00,718.0,-76.56,-75.18,2
2016-07-25_21:33:40.00,720.0,-77.9,-79.19,2
2016-07-25_21:33:40.00,722.0,-78.42,-83.8,1
2016-07-25_21:33:40.00,724.0,-85.45,-80.37,3
2016-07-25_21:33:40.00,726.0,-79.67,-76.99,2
2016-07-25_21:33:40.00,728.0,-76.52,-81.65,1
2016-07-25_21:33:40.00,730.0,-75.28,-82.06,1
2016-07-25_21:33:40.00,732.0,-80.38,-82.0,2
2016-07-25_21:33:40.00,734.0,-78.18,-84.7,1
2016-07-25_21:33:40.00,736.0,-71.65,-84.38,1
2016-07-25_21:33:40.00,738.0,-75.8,-81.07,1
2016-07-25_21:33:40.00,740.0,-83.83,-80.73,3
2016-07-25_21:33:40.00,742.0,-81.92,-76.82,3
2016-07-25_21:33:40.00,744.0,-78.02,-77.37,2
2016-07-25_21:33:40.00,746.0,-76.43,-76.22,2
2016-07-25_21:33:40.00,748.0,-76.3,-75.33,2
2016-07-25_21:33:40.00,750.0,-76.18,-76.61,2
2016-07-25_21:33:40.00,752.0,-76.51,-75.49,2
2016-07-25_21:33:40.00,754.0,-78.37,-83.99,1
2016-07-25_21:33:40.00,756.0,-75.28,-81.48,1
2016-07-25_21:33:40.00,758.0,-76.97,-78.55,2
2016-07-25_21:33:40.00,760.0,-74.78,-76.29,2
2016-07-25_21:33:40.00,762.0,-75.9,-84.45,1
2016-07-25_21:33:40.00,764.0,-79.25,-82.86,1
2016-07-25_21:33:40.00,766.0,-75.02,-81.88,1
2016-07-25_21:33:40.00,768.0,-79.06,-82.74,1
2016-07-25_21:33:50.00,722.0,-79.24,-74.85,3
2016-07-25_21:33:50.00,724.0,-79.14,-70.16,3
2016-07-25_21:33:50.00,726.0,-77.78,-75.76,2
2016-07-25_21:33:50.00,728.0,-80.4,-80.59,2
2016-07-25_21:33:50.00,730.0,-78.89,-77.15,2
2016-07-25_21:33:50.00,732.0,-84.14,-83.97,2
2016-07-25_21:33:50.00,734.0,-78.35,-80.44,2
2016-07-25_21:33:50.00,736.0,-75.5,-86.21,1
2016-07-25_21:33:50.00,738.0,-75.66,-81.24,1
2016-07-25_21:33:50.00,740.0,-80.23,-83.95,1
2016-07-25_21:33:50.00,742.0,-79.58,-82.09,2
2016-07-25_21:33:50.00,744.0,-78.93,-79.43,2
2016-07-25_21:33:50.00,746.0,-83.93,-76.41,3
2016-07-25_21:33:50.00,748.0,-78.12,-81.26,1
2016-07-25_21:33:50.00,750.0,-77.55,-76.27,2
2016-07-25_21:33:50.00,752.0,-78.31,-76.96,2
2016-07-25_21:33:50.00,754.0,-74.15,-80.75,1
2016-07-25_21:33:50.00,756.0,-76.73,-81.14,1
2016-07-25_21:33:50.00,758.0,-77.13,-78.86,2
2016-07-25_21:33:50.00,760.0,-76.91,-82.01,1
2016-07-25_21:33:50.00,762.0,-81.49,-83.38,2
2016-07-25_21:33:50.00,764.0,-77.29,-79.52,2
2016-07-25_21:33:50.00,766.0,-78.93,-82.58,1
2016-07-25_21:33:50.00,768.0,-77.6,-78.83,2
2016-07-25_21:33:50.00,770.0,-79.01,-81.89,2
2016-07-25_21:33:50.00,772.0,-80.37,-83.32,2
2016-07-25_21:33:50.00,774.0,-79.52,-83.47,1
2016-07-25_21:33:50.00,776.0,-80.79,-81.44,2
2016-07-25_21:33:50.00,778.0,-76.4,-81.47,1
2016-07-25_21:33:50.00,780.0,-80.21,-79.81,2
2016-07-25_21:34:00.00,734.0,-81.08,-79.85,2
2016-07-25_21:34:00.00,736.0,-79.48,-82.43,2
2016-07-25_21:34:00.00,738.0,-78.52,-82.63,1
2016-07-25_21:34:00.00,740.0,-78.13,-80.87,2
2016-07-25_21:34:00.00,742.0,-77.68,-80.55,2
2016-07-25_21:34:00.00,744.0,-75.29,-82.81,1
2016-07-25_21:34:00.00,746.0,-77.78,-79.16,2
2016-07-25_21:34:00.00,748.0,-75.06,-81.0,1
2016-07-25_21:34:00.00,750.0,-77.83,-79.76,2
2016-07-25_21:34:00.00,752.0,-79.68,-77.84,2
2016-07-25_21:34:00.00,754.0,-77.39,-78.09,2
2016-07-25_21:34:00.00,756.0,-75.49,-77.42,2
2016-07-25_21:34:00.00,758.0,-74.99,-81.58,1
2016-07-25_21:34:00.00,760.0,-77.21,-80.62,1
2016-07-25_21:34:00.00,762.0,-78.04,-79.88,2
2016-07-25_21:34:00.00,764.0,-76.76,-80.12,1
2016-07-25_21:34:00.00,766.0,-75.74,-82.05,1
2016-07-25_21:34:00.00,768.0,-79.08,-81.05,2
2016-07-25_21:34:00.00,770.0,-80.78,-81.96,2
2016-07-25_21:34:00.00,772.0,-75.79,-82.98,1
2016-07-25_21:34:00.00,774.0,-76.74,-81.57,1
2016-07-25_21:34:00.00,776.0,-77.8,-82.95,1
2016-07-25_21:34:00.00,778.0,-77.94,-84.77,1
2016-07-25_21:34:00.00,780.0,-76.63,-84.41,1
2016-07-25_21:34:00.00,782.0,-79.0,-81.09,2
2016-07-25_21:34:00.00,784.0,-74.12,-82.87,1
2016-07-25_21:34:00.00,786.0,-76.31,-82.25,1
2016-07-25_21:34:00.00,788.0,-77.87,-84.49,1
2016-07-25_21:34:00.00,790.0,-78.62,-81.97,1
2016-07-25_21:34:10.00,744.0,-75.18,-82.01,1
2016-07-25_21:34:10.00,746.0,-81.04,-84.02,2
2016-07-25_21:34:10.00,748.0,-80.84,-81.2,2
2016-07-25_21:34:10.00,750.0,-74.72,-77.07,2
2016-07-25_21:34:10.00,752.0,-78.85,-76.91,2
2016-07-25_21:34:10.00,754.0,-76.04,-80.61,1
2016-07-25_21:34:10.00,756.0,-74.39,-82.29,1
2016-07-25_21:34:10.00,758.0,-72.95,-81.56,1
2016-07-25_21:34:10.00,760.0,-75.89,-80.12,1
2016-07-25_21:34:10.00,762.0,-75.63,-77.58,2
2016-07-25_21:34:10.00,764.0,-74.76,-79.27,1
2016-07-25_21:34:10.00,766.0,-79.07,-83.82,1
2016-07-25_21:34:10.00,768.0,-80.28,-81.17,2
2016-07-25_21:34:10.00,770.0,-81.81,-81.24,2
2016-07-25_21:34:10.00,772.0,-77.45,-78.58,2
2016-07-25_21:34:10.00,774.0,-75.15,-83.44,1
2016-07-25_21:34:10.00,776.0,-76.66,-84.58,1
2016-07-25_21:34:10.00,778.0,-74.86,-85.59,1
2016-07-25_21:34:10.00,780.0,-73.84,-81.89,1
2016-07-25_21:34:10.00,782.0,-75.86,-82.63,1
2016-07-25_21:34:10.00,784.0,-76.5,-83.33,1
2016-07-25_21:34:10.00,786.0,-78.74,-84.44,1
2016-07-25_21:34:10.00,788.0,-81.77,-82.69,2
2016-07-25_21:34:10.00,790.0,-75.42,-86.98,1
2016-07-25_21:34:10.00,792.0,-81.04,-82.88,2
2016-07-25_21:34:10.00,794.0,-76.72,-84.2,1
2016-07-25_21:34:10.00,796.0,-80.64,-81.59,2
2016-07-25_21:34:10.00,798.0,-74.93,-87.14,1
2016-07-25_21:34:10.00,800.0,-80.37,-82.62,2
2016-07-25_21:34:20.00,752.0,-80.43,-76.11,3
2016-07-25_21:34:20.00,754.0,-76.45,-78.91,2
2016-07-25_21:34:20.00,756.0,-80.02,-85.97,1
2016-07-25_21:34:20.00,758.0,-75.62,-77.43,2
2016-07-25_21:34:20.00,760.0,-76.79,-77.86,2
2016-07-25_21:34:20.00,762.0,-73.24,-81.25,1
2016-07-25_21:34:20.00,764.0,-75.94,-77.38,2
2016-07-25_21:34:20.00,766.0,-76.17,-82.73,1
2016-07-25_21:34:20.00,768.0,-75.92,-77.52,2
2016-07-25_21:34:20.00,770.0,-75.96,-82.1,1
2016-07-25_21:34:20.00,772.0,-77.0,-83.86,1
2016-07-25_21:34:20.00,774.0,-76.44,-83.38,1
2016-07-25_21:34:20.00,776.0,-79.04,-78.15,2
2016-07-25_21:34:20.00,778.0,-75.41,-79.75,1
2016-07-25_21:34:20.00,780.0,-73.87,-80.98,1
2016-07-25_21:34:20.00,782.0,-74.38,-82.87,1
2016-07-25_21:34:20.00,784.0,-77.02,-80.03,1
2016-07-25_21:34:20.00,786.0,-76.66,-80.95,1
2016-07-25_21:34:20.00,788.0,-77.23,-81.41,1
2016-07-25_21:34:20.00,790.0,-75.24,-84.11,1
2016-07-25_21:34:20.00,792.0,-73.49,-79.99,1
2016-07-25_21:34:20.00,794.0,-78.46,-82.41,1
2016-07-25_21:34:20.00,796.0,-76.1,-82.12,1
2016-07-25_21:34:20.00,798.0,-80.45,-86.52,1
2016-07-25_21:34:20.00,800.0,-72.96,-82.04,1
2016-07-25_21:34:20.00,802.0,-79.62,-83.69,1
2016-07-25_21:34:20.00,804.0,-78.82,-81.97,1
2016-07-25_21:34:20.00,806.0,-77.75,-93.52,1
2016-07-25_21:34:20.00,808.0,-79.8,-89.78,1
2016-07-25_21:34:20.00,810.0,-77.82,-87.24,1
2016-07-25_21:34:20.00,812.0,-79.32,-89.09,1
2016-07-25_21:34:30.00,762.0,-75.95,-78.85,2
2016-07-25_21:34:30.00,764.0,-74.97,-77.85,2
2016-07-25_21:34:30.00,766.0,-76.31,-78.29,2
2016-07-25_21:34:30.00,768.0,-77.47,-78.64,2
2016-07-25_21:34:30.00,770.0,-78.39,-79.58,2
2016-07-25_21:34:30.00,772.0,-77.63,-80.19,2
2016-07-25_21:34:30.00,774.0,-77.34,-77.77,2
2016-07-25_21:34:30.00,776.0,-74.52,-80.52,1
2016-07-25_21:34:30.00,778.0,-73.55,-79.69,1
2016-07-25_21:34:30.00,780.0,-76.89,-81.12,1
2016-07-25_21:34:30.00,782.0,-75.64,-81.35,1
2016-07-25_21:34:30.00,784.0,-74.92,-78.22,1
2016-07-25_21:34:30.00,786.0,-73.98,-81.53,1
2016-07-25_21:34:30.00,788.0,-77.77,-81.86,1
2016-07-25_21:34:30.00,790.0,-75.14,-84.02,1
2016-07-25_21:34:30.00,792.0,-81.21,-82.86,2
2016-07-25_21:34:30.00,794.0,-74.61,-85.62,1
2016-07-25_21:34:30.00,796.0,-78.44,-85.55,1
2016-07-25_21:34:30.00,798.0,-77.05,-83.14,1
2016-07-25_21:34:30.00,800.0,-79.08,-83.82,1
2016-07-25_21:34:30.00,802.0,-79.39,-85.52,1
2016-07-25_21:34:30.00,804.0,-81.13,-85.69,1
2016-07-25_21:34:30.00,806.0,-74.46,-89.48,1
2016-07-25_21:34:30.00,808.0,-75.31,-86.28,1
2016-07-25_21:34:30.00,810.0,-78.11,-82.2,1
2016-07-25_21:34:30.00,812.0,-83.65,-91.36,1
2016-07-25_21:34:30.00,814.0,-76.34,-87.58,1
2016-07-25_21:34:30.00,816.0,-77.22,-82.34,1
2016-07-25_21:34:30.00,818.0,-80.08,-85.13,1
2016-07-25_21:34:30.00,820.0,-75.66,-94.11,1
2016-07-25_21:34:30.00,822.0,-87.02,-87.06,2
2016-07-25_21:34:30.00,824.0,-83.39,-87.6,1
2016-07-25_21:34:30.00,826.0,-77.43,-84.0,1
2016-07-25_21:34:40.00,772.0,-76.21,-78.94,2
2016-07-25_21:34:40.00,774.0,-77.9,-79.05,2
2016-07-25_21:34:40.00,776.0,-75.56,-80.48,1
2016-07-25_21:34:40.00,778.0,-76.71,-76.35,2
2016-07-25_21:34:40.00,780.0,-77.39,-79.47,2
2016-07-25_21:34:40.00,782.0,-79.68,-83.75,1
2016-07-25_21:34:40.00,784.0,-77.11,-78.16,2
2016-07-25_21:34:40.00,786.0,-75.2,-81.21,1
2016-07-25_21:34:40.00,788.0,-76.41,-83.6,1
2016-07-25_21:34:40.00,790.0,-76.92,-79.4,2
2016-07-25_21:34:40.00,792.0,-74.66,-77.62,2
2016-07-25_21:34:40.00,794.0,-77.02,-83.95,1
2016-07-25_21:34:40.00,796.0,-76.41,-78.1,2
2016-07-25_21:34:40.00,798.0,-80.73,-80.45,2
2016-07-25_21:34:40.00,800.0,-77.15,-82.67,1
2016-07-25_21:34:40.00,802.0,-77.2,-80.09,2
2016-07-25_21:34:40.00,804.0,-76.08,-83.49,1
2016-07-25_21:34:40.00,806.0,-77.6,-81.98,1
2016-07-25_21:34:40.00,808.0,-77.72,-84.63,1
2016-07-25_21:34:40.00,810.0,-76.03,-82.37,1
2016-07-25_21:34:40.00,812.0,-77.22,-87.52,1
2016-07-25_21:34:40.00,814.0,-78.32,-87.25,1
2016-07-25_21:34:40.00,816.0,-80.08,-85.7,1
2016-07-25_21:34:40.00,818.0,-77.95,-86.22,1
2016-07-25_21:34:40.00,820.0,-79.18,-83.1,1
2016-07-25_21:34:40.00,822.0,-76.89,-91.03,1
2016-07-25_21:34:40.00,824.0,-75.75,-86.77,1
2016-07-25_21:34:40.00,826.0,-76.78,-89.64,1
2016-07-25_21:34:40.00,828.0,-78.27,-87.62,1
2016-07-25_21:34:40.00,830.0,-80.47,-85.8,1
2016-07-25_21:34:40.00,832.0,-76.6,-85.37,1
2016-07-25_21:34:40.00,834.0,-80.94,-86.31,1
2016-07-25_21:34:40.00,836.0,-81.17,-85.81,1
2016-07-25_21:34:50.00,798.0,-76.45,-80.65,1
2016-07-25_21:34:50.00,800.0,-77.01,-85.3,1
2016-07-25_21:34:50.00,802.0,-75.3,-81.22,1
2016-07-25_21:34:50.00,804.0,-76.3,-82.43,1
2016-07-25_21:34:50.00,806.0,-75.92,-86.74,1
2016-07-25_21:34:50.00,808.0,-78.21,-87.07,1
2016-07-25_21:34:50.00,810.0,-80.44,-85.76,1
2016-07-25_21:34:50.00,812.0,-80.5,-86.27,1
2016-07-25_21:34:50.00,814.0,-79.14,-87.1,1
2016-07-25_21:34:50.00,816.0,-78.17,-84.46,1
2016-07-25_21:34:50.00,818.0,-76.93,-87.19,1
2016-07-25_21:34:50.00,820.0,-80.21,-86.4,1
2016-07-25_21:34:50.00,822.0,-86.46,-91.05,1
2016-07-25_21:34:50.00,824.0,-78.29,-82.93,1
2016-07-25_21:34:50.00,826.0,-83.38,-85.87,2
2016-07-25_21:34:50.00,828.0,-79.58,-84.12,1
2016-07-25_21:34:50.00,830.0,-79.02,-85.24,1
2016-07-25_21:34:50.00,832.0,-82.75,-83.85,2
2016-07-25_21:34:50.00,834.0,-84.89,-89.27,1
2016-07-25_21:34:50.00,836.0,-80.96,-83.24,2
2016-07-25_21:34:50.00,838.0,-76.55,-85.37,1
2016-07-25_21:34:50.00,840.0,-82.25,-85.99,1
2016-07-25_21:34:50.00,842.0,-81.41,-84.72,1
2016-07-25_21:34:50.00,844.0,-78.49,-84.79,1
2016-07-25_21:34:50.00,846.0,-78.48,-84.06,1
2016-07-25_21:34:50.00,848.0,-81.59,-83.86,2
2016-07-25_21:34:50.00,850.0,-80.24,-83.76,1
2016-07-25_21:34:50.00,852.0,-84.4,-87.9,1
2016-07-25_21:34:50.00,854.0,-82.75,-87.61,1
2016-07-25_21:34:50.00,856.0,-81.79,-84.12,2
2016-07-25_21:34:50.00,858.0,-83.56,-85.66,2
2016-07-25_21:34:50.00,860.0,-82.24,-86.5,1
2016-07-25_21:34:50.00,862.0,-81.34,-86.78,1
2016-07-25_21:34:50.00,864.0,-79.48,-85.32,1
2016-07-25_21:34:50.00,866.0,-81.16,-84.67,1
2016-07-25_21:35:00.00,830.0,-75.15,-85.41,1
2016-07-25_21:35:00.00,832.0,-79.89,-91.26,1
2016-07-25_21:35:00.00,834.0,-76.8,-87.75,1
2016-07-25_21:35:00.00,836.0,-77.38,-90.34,1
2016-07-25_21:35:00.00,838.0,-78.06,-85.24,1
2016-07-25_21:35:00.00,840.0,-76.57,-82.52,1
2016-07-25_21:35:00.00,842.0,-77.7,-87.66,1
2016-07-25_21:35:00.00,844.0,-80.34,-87.79,1
2016-07-25_21:35:00.00,846.0,-84.7,-92.44,1
2016-07-25_21:35:00.00,848.0,-78.0,-83.41,1
2016-07-25_21:35:00.00,850.0,-80.63,-85.21,1
2016-07-25_21:35:00.00,852.0,-79.18,-92.74,1
2016-07-25_21:35:00.00,854.0,-78.14,-87.0,1
2016-07-25_21:35:00.00,856.0,-81.07,-85.01,1
2016-07-25_21:35:00.00,858.0,-82.25,-87.21,1
2016-07-25_21:35:00.00,860.0,-82.96,-85.1,2
2016-07-25_21:35:00.00,862.0,-83.9,-85.99,2
2016-07-25_21:35:00.00,864.0,-79.31,-85.98,1
2016-07-25_21:35:00.00,866.0,-84.36,-83.68,2
2016-07-25_21:35:00.00,868.0,-79.39,-85.53,1
2016-07-25_21:35:00.00,870.0,-82.14,-88.03,1
2016-07-25_21:35:00.00,872.0,-81.78,-85.37,1
2016-07-25_21:35:00.00,874.0,-79.09,-86.52,1
2016-07-25_21:35:00.00,876.0,-78.15,-80.51,2
2016-07-25_21:35:00.00,878.0,-84.57,-78.87,3
2016-07-25_21:35:00.00,880.0,-82.14,-81.85,2
2016-07-25_21:35:00.00,882.0,-80.76,-81.38,2
2016-07-25_21:35:00.00,884.0,-76.57,-81.04,1
2016-07-25_21:35:00.00,886.0,-77.83,-80.39,2
2016-07-25_21:35:00.00,888.0,-75.51,-84.82,1
2016-07-25_21:35:00.00,890.0,-80.66,-83.63,2
2016-07-25_21:35:00.00,892.0,-78.65,-82.59,1
2016-07-25_21:35:00.00,894.0,-78.36,-83.44,1
2016-07-25_21:35:00.00,896.0,-81.51,-82.21,2
2016-07-25_21:35:00.00,898.0,-80.08,-84.42,1
2016-07-25_21:35:00.00,900.0,-82.45,-84.11,2
2016-07-25_21:35:00.00,902.0,-80.65,-85.96,1
2016-07-25_21:35:00.00,904.0,-77.96,-80.97,1
2016-07-25_21:35:00.00,906.0,-76.25,-83.26,1
2016-07-25_21:35:00.00,908.0,-78.48,-86.38,1
2016-07-25_21:35:00.00,910.0,-81.85,-84.87,1
2016-07-25_21:35:10.00,850.0,-82.89,-85.76,2
2016-07-25_21:35:10.00,852.0,-77.37,-84.28,1
2016-07-25_21:35:10.00,854.0,-84.7,-84.39,2
2016-07-25_21:35:10.00,856.0,-80.74,-88.64,1
2016-07-25_21:35:10.00,858.0,-82.28,-85.36,1
2016-07-25_21:35:10.00,860.0,-81.91,-87.92,1
2016-07-25_21:35:10.00,862.0,-81.32,-86.66,1
2016-07-25_21:35:10.00,864.0,-81.21,-83.54,2
2016-07-25_21:35:10.00,866.0,-82.54,-86.43,1
2016-07-25_21:35:10.00,868.0,-79.43,-89.07,1
2016-07-25_21:35:10.00,870.0,-79.18,-87.35,1
2016-07-25_21:35:10.00,872.0,-79.45,-87.81,1
2016-07-25_21:35:10.00,874.0,-81.24,-89.03,1
2016-07-25_21:35:10.00,876.0,-81.54,-80.29,2
2016-07-25_21:35:10.00,878.0,-75.15,-84.72,1
2016-07-25_21:35:10.00,880.0,-78.56,-81.89,1
2016-07-25_21:35:10.00,882.0,-81.78,-89.06,1
2016-07-25_21:35:10.00,884.0,-83.71,-82.89,2
2016-07-25_21:35:10.00,886.0,-81.01,-79.9,2
2016-07-25_21:35:10.00,888.0,-79.33,-84.69,1
2016-07-25_21:35:10.00,890.0,-81.99,-83.49,2
2016-07-25_21:35:10.00,892.0,-80.0,-81.04,2
2016-07-25_21:35:10.00,894.0,-81.4,-83.83,2
2016-07-25_21:35:10.00,896.0,-79.32,-84.82,1
2016-07-25_21:35:10.00,898.0,-82.51,-83.35,2
2016-07-25_21:35:10.00,900.0,-81.36,-84.08,2
2016-07-25_21:35:10.00,902.0,-79.13,-87.23,1
2016-07-25_21:35:10.00,904.0,-81.04,-83.43,2
2016-07-25_21:35:10.00,906.0,-81.2,-81.78,2
2016-07-25_21:35:10.00,908.0,-80.27,-82.32,2
2016-07-25_21:35:10.00,910.0,-80.99,-81.92,2
2016-07-25_21:35:10.00,912.0,-78.49,-86.75,1
2016-07-25_21:35:10.00,914.0,-79.75,-84.4,1
2016-07-25_21:35:10.00,916.0,-81.76,-80.65,2
2016-07-25_21:35:10.00,918.0,-84.8,-80.67,3
2016-07-25_21:35:10.00,920.0,-78.22,-82.33,1
2016-07-25_21:35:10.00,922.0,-77.49,-85.09,1
2016-07-25_21:35:10.00,924.0,-78.32,-80.48,2
2016-07-25_21:35:10.00,926.0,-75.78,-83.48,1
2016-07-25_21:35:10.00,928.0,-78.85,-82.34,1
2016-07-25_21:35:10.00,930.0,-82.16,-85.16,1
2016-07-25_21:35:20.00,876.0,-80.75,-84.69,1
2016-07-25_21:35:20.00,878.0,-81.33,-86.67,1
2016-07-25_21:35:20.00,880.0,-78.79,-87.22,1
2016-07-25_21:35:20.00,882.0,-78.65,-82.22,1
2016-07-25_21:35:20.00,884.0,-78.95,-79.37,2
2016-07-25_21:35:20.00,886.0,-79.89,-83.63,1
2016-07-25_21:35:20.00,888.0,-78.95,-84.23,1
2016-07-25_21:35:20.00,890.0,-79.01,-81.39,2
2016-07-25_21:35:20.00,892.0,-80.21,-82.61,2
2016-07-25_21:35:20.00,894.0,-79.78,-82.52,2
2016-07-25_21:35:20.00,896.0,-79.45,-84.51,1
2016-07-25_21:35:20.00,898.0,-80.51,-83.0,2
2016-07-25_21:35:20.00,900.0,-80.79,-82.53,2
2016-07-25_21:35:20.00,902.0,-81.18,-81.61,2
2016-07-25_21:35:20.00,904.0,-78.45,-82.53,1
2016-07-25_21:35:20.00,906.0,-81.27,-85.53,1
2016-07-25_21:35:20.00,908.0,-79.49,-85.08,1
2016-07-25_21:35:20.00,910.0,-81.33,-84.89,1
2016-07-25_21:35:20.00,912.0,-81.31,-85.43,1
2016-07-25_21:35:20.00,914.0,-78.64,-83.17,1
2016-07-25_21:35:20.00,916.0,-81.65,-83.49,2
2016-07-25_21:35:20.00,918.0,-76.61,-84.36,1
2016-07-25_21:35:20.00,920.0,-82.22,-85.32,1
2016-07-25_21:35:20.00,922.0,-83.11,-80.99,2
2016-07-25_21:35:20.00,924.0,-78.38,-83.06,1
2016-07-25_21:35:20.00,926.0,-78.59,-80.5,2
2016-07-25_21:35:20.00,928.0,-79.4,-85.02,1
2016-07-25_21:35:20.00,930.0,-82.04,-84.53,2
2016-07-25_21:35:20.00,932.0,-83.93,-86.03,2
2016-07-25_21:35:20.00,934.0,-79.75,-82.23,2
2016-07-25_21:35:20.00,936.0,-85.7,-88.66,2
2016-07-25_21:35:20.00,938.0,-78.09,-83.8,1
2016-07-25_21:35:20.00,940.0,-79.43,-87.85,1
2016-07-25_21:35:20.00,942.0,-79.7,-84.95,1
2016-07-25_21:35:20.00,944.0,-79.77,-83.17,1
2016-07-25_21:35:20.00,946.0,-79.8,-83.9,1
2016-07-25_21:35:20.00,948.0,-84.43,-85.78,2
2016-07-25_21:35:20.00,950.0,-79.99,-83.35,1
2016-07-25_21:35:20.00,952.0,-81.93,-86.52,1
2016-07-25_21:35:20.00,954.0,-82.35,-84.58,2
2016-07-25_21:35:30.00,876.0,-85.38,-87.78,2
2016-07-25_21:35:30.00,878.0,-79.58,-87.59,1
2016-07-25_21:35:30.00,880.0,-77.95,-85.89,1
2016-07-25_21:35:30.00,882.0,-77.77,-79.14,2
2016-07-25_21:35:30.00,884.0,-75.24,-83.22,1
2016-07-25_21:35:30.00,886.0,-78.73,-86.25,1
2016-07-25_21:35:30.00,888.0,-76.65,-90.18,1
2016-07-25_21:35:30.00,890.0,-78.0,-80.96,2
2016-07-25_21:35:30.00,892.0,-79.18,-83.58,1
2016-07-25_21:35:30.00,894.0,-80.0,-76.59,3
2016-07-25_21:35:30.00,896.0,-80.36,-84.25,1
2016-07-25_21:35:30.00,898.0,-79.62,-86.57,1
2016-07-25_21:35:30.00,900.0,-77.67,-84.59,1
2016-07-25_21:35:30.00,902.0,-82.67,-86.9,1
2016-07-25_21:35:30.00,904.0,-82.72,-84.85,2
2016-07-25_21:35:30.00,906.0,-82.53,-83.68,2
2016-07-25_21:35:30.00,908.0,-78.91,-86.81,1
2016-07-25_21:35:30.00,910.0,-78.73,-83.07,1
2016-07-25_21:35:30.00,912.0,-82.14,-84.76,2
2016-07-25_21:35:30.00,914.0,-80.35,-85.86,1
2016-07-25_21:35:30.00,916.0,-76.35,-79.91,1
2016-07-25_21:35:30.00,918.0,-77.11,-84.4,1
2016-07-25_21:35:30.00,920.0,-80.31,-82.97,2
2016-07-25_21:35:30.00,922.0,-80.52,-82.1,2
2016-07-25_21:35:30.00,924.0,-79.81,-80.74,2
2016-07-25_21:35:30.00,926.0,-78.75,-85.43,1
2016-07-25_21:35:30.00,928.0,-77.91,-84.66,1
2016-07-25_21:35:30.00,930.0,-80.5,-91.52,1
2016-07-25_21:35:30.00,932.0,-76.09,-87.72,1
2016-07-25_21:35:30.00,934.0,-80.53,-87.21,1
2016-07-25_21:35:30.00,936.0,-77.84,-85.19,1
2016-07-25_21:35:30.00,938.0,-75.17,-83.43,1
2016-07-25_21:35:30.00,940.0,-79.56,-87.8,1
2016-07-25_21:35:30.00,942.0,-76.24,-82.35,1
2016-07-25_21:35:30.00,944.0,-75.57,-82.03,1
2016-07-25_21:35:30.00,946.0,-72.87,-85.52,1
2016-07-25_21:35:30.00,948.0,-74.68,-85.34,1
2016-07-25_21:35:30.00,950.0,-75.24,-80.43,1
2016-07-25_21:35:30.00,952.0,-75.33,-88.83,1
2016-07-25_21:35:30.00,954.0,-79.21,-81.49,2
2016-07-25_21:35:40.00,992.0,-81.62,-86.52,1
2016-07-25_21:35:40.00,994.0,-79.83,-88.24,1
2016-07-25_21:35:40.00,996.0,-83.01,-82.57,2
2016-07-25_21:35:40.00,998.0,-77.91,-84.3,1
2016-07-25_21:35:40.00,1000.0,-78.63,-85.71,1
2016-07-25_21:35:40.00,1002.0,-78.74,-89.48,1
2016-07-25_21:35:40.00,1004.0,-80.11,-82.38,2
2016-07-25_21:35:40.00,1006.0,-82.68,-81.4,2
2016-07-25_21:35:40.00,1008.0,-78.19,-86.28,1
2016-07-25_21:35:40.00,1010.0,-80.36,-84.63,1
2016-07-25_21:35:40.00,1012.0,-81.76,-86.76,1
2016-07-25_21:35:40.00,1014.0,-80.76,-80.98,2
2016-07-25_21:35:40.00,1016.0,-80.25,-83.72,1
2016-07-25_21:35:40.00,1018.0,-78.99,-89.34,1
2016-07-25_21:35:40.00,1020.0,-80.66,-83.54,2
2016-07-25_21:35:40.00,1022.0,-82.14,-84.21,2
2016-07-25_21:35:40.00,1024.0,-81.87,-88.95,1
2016-07-25_21:35:40.00,1026.0,-82.14,-86.75,1
2016-07-25_21:35:40.00,1028.0,-81.72,-88.56,1
2016-07-25_21:35:40.00,1030.0,-80.83,-80.51,2
2016-07-25_21:35:40.00,1032.0,-85.76,-88.14,2
2016-07-25_21:35:40.00,1034.0,-84.23,-86.64,2
2016-07-25_21:35:40.00,1036.0,-80.2,-84.61,1
2016-07-25_21:35:40.00,1038.0,-83.54,-80.76,2
2016-07-25_21:35:40.00,1040.0,-82.34,-83.43,2
2016-07-25_21:35:40.00,1042.0,-84.37,-85.88,2
2016-07-25_21:35:40.00,1044.0,-83.23,-81.12,2
2016-07-25_21:35:40.00,1046.0,-88.71,-84.83,3
2016-07-25_21:35:40.00,1048.0,-84.1,-86.24,2
2016-07-25_21:35:40.00,1050.0,-83.1,-80.81,2
2016-07-25_21:35:40.00,1052.0,-85.77,-79.69,3
2016-07-25_21:35:40.00,1054.0,-80.59,-83.94,1
2016-07-25_21:35:40.00,1056.0,-87.14,-88.77,2
2016-07-25_21:35:40.00,1058.0,-82.91,-79.69,3
2016-07-25_21:35:40.00,1060.0,-81.17,-85.23,1
2016-07-25_21:35:40.00,1062.0,-83.01,-83.65,2
2016-07-25_21:35:40.00,1064.0,-84.77,-81.91,2
2016-07-25_21:35:40.00,1066.0,-89.28,-85.33,3
2016-07-25_21:35:40.00,1068.0,-82.16,-81.57,2
2016-07-25_21:35:50.00,1004.0,-85.7,-82.95,2
2016-07-25_21:35:50.00,1006.0,-84.82,-86.25,2
2016-07-25_21:35:50.00,1008.0,-82.99,-83.5,2
2016-07-25_21:35:50.00,1010.0,-84.11,-81.5,2
2016-07-25_21:35:50.00,1012.0,-81.42,-85.85,1
2016-07-25_21:35:50.00,1014.0,-82.95,-88.51,1
2016-07-25_21:35:50.00,1016.0,-84.25,-87.24,2
2016-07-25_21:35:50.00,1018.0,-83.78,-91.35,1
2016-07-25_21:35:50.00,1020.0,-84.7,-84.31,2
2016-07-25_21:35:50.00,1022.0,-79.68,-86.61,1
2016-07-25_21:35:50.00,1024.0,-78.28,-84.2,1
2016-07-25_21:35:50.00,1026.0,-79.9,-87.17,1
2016-07-25_21:35:50.00,1028.0,-83.7,-85.54,2
2016-07-25_21:35:50.00,1030.0,-81.39,-83.13,2
2016-07-25_21:35:50.00,1032.0,-88.06,-86.86,2
2016-07-25_21:35:50.00,1034.0,-81.37,-86.05,1
2016-07-25_21:35:50.00,1036.0,-82.64,-85.42,2
2016-07-25_21:35:50.00,1038.0,-87.65,-85.73,2
2016-07-25_21:35:50.00,1040.0,-79.49,-83.21,1
2016-07-25_21:35:50.00,1042.0,-83.1,-87.19,1
2016-07-25_21:35:50.00,1044.0,-84.63,-83.42,2
2016-07-25_21:35:50.00,1046.0,-85.22,-83.63,2
2016-07-25_21:35:50.00,1048.0,-84.6,-82.66,2
2016-07-25_21:35:50.00,1050.0,-82.91,-83.89,2
2016-07-25_21:35:50.00,1052.0,-82.39,-81.25,2
2016-07-25_21:35:50.00,1054.0,-86.65,-81.67,3
2016-07-25_21:35:50.00,1056.0,-85.32,-85.96,2
2016-07-25_21:35:50.00,1058.0,-82.91,-83.87,2
2016-07-25_21:35:50.00,1060.0,-87.4,-89.12,2
2016-07-25_21:35:50.00,1062.0,-86.4,-81.47,3
2016-07-25_21:35:50.00,1064.0,-88.56,-88.83,2
2016-07-25_21:35:50.00,1066.0,-86.51,-79.68,3
2016-07-25_21:35:50.00,1068.0,-84.9,-82.1,2
2016-07-25_21:35:50.00,1070.0,-87.0,-80.45,3
2016-07-25_21:35:50.00,1072.0,-83.81,-86.95,1
2016-07-25_21:35:50.00,1074.0,-83.85,-89.39,1
2016-07-25_21:35:50.00,1076.0,-86.68,-86.5,2
2016-07-25_21:35:50.00,1078.0,-86.82,-82.5,3
2016-07-25_21:35:50.00,1080.0,-84.67,-81.59,3
2016-07-25_21:36:00.00,1032.0,-81.79,-86.48,1
2016-07-25_21:36:00.00,1034.0,-81.7,-84.42,2
2016-07-25_21:36:00.00,1036.0,-85.28,-84.42,2
2016-07-25_21:36:00.00,1038.0,-84.72,-85.43,2
2016-07-25_21:36:00.00,1040.0,-83.19,-85.26,2
2016-07-25_21:36:00.00,1042.0,-81.97,-85.28,1
2016-07-25_21:36:00.00,1044.0,-83.61,-86.49,2
2016-07-25_21:36:00.00,1046.0,-84.15,-86.05,2
2016-07-25_21:36:00.00,1048.0,-84.27,-84.29,2
2016-07-25_21:36:00.00,1050.0,-82.32,-84.66,2
2016-07-25_21:36:00.00,1052.0,-80.01,-83.08,1
2016-07-25_21:36:00.00,1054.0,-82.76,-83.47,2
2016-07-25_21:36:00.00,1056.0,-81.88,-87.25,1
2016-07-25_21:36:00.00,1058.0,-81.59,-83.14,2
2016-07-25_21:36:00.00,1060.0,-83.18,-84.48,2
2016-07-25_21:36:00.00,1062.0,-82.29,-84.47,2
2016-07-25_21:36:00.00,1064.0,-84.44,-82.04,2
2016-07-25_21:36:00.00,1066.0,-81.82,-84.18,2
2016-07-25_21:36:00.00,1068.0,-82.38,-84.25,2
2016-07-25_21:36:00.00,1070.0,-83.61,-84.19,2
2016-07-25_21:36:00.00,1072.0,-82.35,-81.65,2
2016-07-25_21:36:00.00,1074.0,-82.08,-81.52,2
2016-07-25_21:36:00.00,1076.0,-82.08,-83.22,2
2016-07-25_21:36:00.00,1078.0,-81.36,-82.64,2
2016-07-25_21:36:00.00,1080.0,-82.38,-84.93,2
2016-07-25_21:36:00.00,1082.0,-84.01,-81.72,2
2016-07-25_21:36:00.00,1084.0,-81.14,-84.46,1
2016-07-25_21:36:00.00,1086.0,-80.85,-85.19,1
2016-07-25_21:36:00.00,1088.0,-77.66,-82.91,1
2016-07-25_21:36:00.00,1090.0,-77.24,-81.78,1
2016-07-25_21:36:00.00,1092.0,-80.85,-82.64,2
2016-07-25_21:36:00.00,1094.0,-80.82,-84.43,1
2016-07-25_21:36:00.00,1096.0,-84.04,-81.7,2
2016-07-25_21:36:00.00,1098.0,-83.05,-81.54,2
2016-07-25_21:36:00.00,1100.0,-86.21,-84.36,2
2016-07-25_21:36:00.00,1102.0,-83.76,-80.33,3
2016-07-25_21:36:00.00,1104.0,-81.18,-81.61,2
2016-07-25_21:36:00.00,1106.0,-84.38,-83.28,2
2016-07-25_21:36:00.00,1108.0,-84.7,-84.56,2
2016-07-25_21:36:00.00,1110.0,-82.22,-83.58,2
2016-07-25_21:36:00.00,1112.0,-83.1,-81.28,2
2016-07-25_21:36:10.00,1062.0,-85.18,-83.19,2
2016-07-25_21:36:10.00,1064.0,-83.46,-82.4,2
2016-07-25_21:36:10.00,1066.0,-85.04,-85.67,2
2016-07-25_21:36:10.00,1068.0,-84.6,-81.92,2
2016-07-25_21:36:10.00,1070.0,-85.02,-80.12,3
2016-07-25_21:36:10.00,1072.0,-83.41,-82.12,2
2016-07-25_21:36:10.00,1074.0,-87.92,-83.86,3
2016-07-25_21:36:10.00,1076.0,-79.4,-85.08,1
2016-07-25_21:36:10.00,1078.0,-86.35,-83.34,3
2016-07-25_21:36:10.00,1080.0,-82.65,-83.26,2
2016-07-25_21:36:10.00,1082.0,-84.02,-83.21,2
2016-07-25_21:36:10.00,1084.0,-82.3,-84.58,2
2016-07-25_21:36:10.00,1086.0,-83.41,-84.02,2
2016-07-25_21:36:10.00,1088.0,-83.24,-80.09,3
2016-07-25_21:36:10.00,1090.0,-85.39,-88.45,1
2016-07-25_21:36:10.00,1092.0,-82.98,-81.58,2
2016-07-25_21:36:10.00,1094.0,-85.21,-81.58,3
2016-07-25_21:36:10.00,1096.0,-85.09,-80.6,3
2016-07-25_21:36:10.00,1098.0,-86.79,-85.72,2
2016-07-25_21:36:10.00,1100.0,-83.04,-82.03,2
2016-07-25_21:36:10.00,1102.0,-84.35,-81.17,3
2016-07-25_21:36:10.00,1104.0,-82.04,-88.93,1
2016-07-25_21:36:10.00,1106.0,-82.3,-85.65,1
2016-07-25_21:36:10.00,1108.0,-84.74,-87.16,2
2016-07-25_21:36:10.00,1110.0,-84.64,-85.01,2
2016-07-25_21:36:10.00,1112.0,-81.4,-81.32,2
2016-07-25_21:36:10.00,1114.0,-79.79,-78.86,2
2016-07-25_21:36:10.00,1116.0,-83.91,-81.8,2
2016-07-25_21:36:10.00,1118.0,-84.19,-81.65,2
2016-07-25_21:36:10.00,1120.0,-81.0,-83.58,2
2016-07-25_21:36:10.00,1122.0,-76.7,-81.98,1
2016-07-25_21:36:10.00,1124.0,-75.77,-86.63,1
2016-07-25_21:36:10.00,1126.0,-79.1,-80.15,2
2016-07-25_21:36:10.00,1128.0,-78.76,-81.38,2
2016-07-25_21:36:10.00,1130.0,-80.19,-86.45,1
2016-07-25_21:36:10.00,1132.0,-80.44,-80.81,2
2016-07-25_21:36:10.00,1134.0,-80.26,-83.25,2
2016-07-25_21:36:10.00,1136.0,-79.62,-84.81,1
2016-07-25_21:36:10.00,1138.0,-76.35,-82.13,1
2016-07-25_21:36:10.00,1140.0,-80.75,-82.02,2
2016-07-25_21:36:20.00,1078.0,-85.03,-82.97,2
2016-07-25_21:36:20.00,1080.0,-85.81,-85.5,2
2016-07-25_21:36:20.00,1082.0,-83.63,-81.84,2
2016-07-25_21:36:20.00,1084.0,-83.24,-81.42,2
2016-07-25_21:36:20.00,1086.0,-84.35,-86.05,2
2016-07-25_21:36:20.00,1088.0,-81.37,-81.1,2
2016-07-25_21:36:20.00,1090.0,-81.18,-77.98,3
2016-07-25_21:36:20.00,1092.0,-81.89,-81.07,2
2016-07-25_21:36:20.00,1094.0,-75.0,-74.43,2
2016-07-25_21:36:20.00,1096.0,-84.09,-80.63,3
2016-07-25_21:36:20.00,1098.0,-82.62,-88.1,1
2016-07-25_21:36:20.00,1100.0,-89.01,-79.92,3
2016-07-25_21:36:20.00,1102.0,-81.61,-81.97,2
2016-07-25_21:36:20.00,1104.0,-85.24,-82.81,2
2016-07-25_21:36:20.00,1106.0,-82.23,-82.77,2
2016-07-25_21:36:20.00,1108.0,-82.98,-83.82,2
2016-07-25_21:36:20.00,1110.0,-84.41,-80.33,3
2016-07-25_21:36:20.00,1112.0,-85.9,-83.1,2
2016-07-25_21:36:20.00,1114.0,-86.07,-84.84,2
2016-07-25_21:36:20.00,1116.0,-81.55,-78.24,3
2016-07-25_21:36:20.00,1118.0,-77.71,-75.41,2
2016-07-25_21:36:20.00,1120.0,-80.91,-79.81,2
2016-07-25_21:36:20.00,1122.0,-81.12,-79.62,2
2016-07-25_21:36:20.00,1124.0,-78.0,-78.78,2
2016-07-25_21:36:20.00,1126.0,-78.37,-80.57,2
2016-07-25_21:36:20.00,1128.0,-84.7,-85.31,2
2016-07-25_21:36:20.00,1130.0,-78.99,-79.73,2
2016-07-25_21:36:20.00,1132.0,-81.42,-78.7,2
2016-07-25_21:36:20.00,1134.0,-84.73,-81.81,2
2016-07-25_21:36:20.00,1136.0,-78.88,-78.9,2
2016-07-25_21:36:20.00,1138.0,-77.24,-77.22,2
2016-07-25_21:36:20.00,1140.0,-79.99,-78.52,2
2016-07-25_21:36:20.00,1142.0,-78.75,-80.56,2
2016-07-25_21:36:20.00,1144.0,-75.57,-74.54,2
2016-07-25_21:36:20.00,1146.0,-83.69,-81.49,2
2016-07-25_21:36:20.00,1148.0,-82.21,-82.38,2
2016-07-25_21:36:20.00,1150.0,-79.05,-78.21,2
2016-07-25_21:36:20.00,1152.0,-84.44,-80.8,3
2016-07-25_21:36:20.00,1154.0,-83.55,-84.42,2
2016-07-25_21:36:30.00,1118.0,-81.22,-77.47,3
2016-07-25_21:36:30.00,1120.0,-83.84,-81.97,2
2016-07-25_21:36:30.00,1122.0,-85.76,-84.16,2
2016-07-25_21:36:30.00,1124.0,-81.82,-82.2,2
2016-07-25_21:36:30.00,1126.0,-76.67,-84.85,1
2016-07-25_21:36:30.00,1128.0,-80.37,-83.06,2
2016-07-25_21:36:30.00,1130.0,-81.62,-85.83,1
2016-07-25_21:36:30.00,1132.0,-84.73,-84.05,2
2016-07-25_21:36:30.00,1134.0,-83.41,-87.21,1
2016-07-25_21:36:30.00,1136.0,-78.62,-90.96,1
2016-07-25_21:36:30.00,1138.0,-80.04,-82.26,2
2016-07-25_21:36:30.00,1140.0,-81.61,-83.56,2
2016-07-25_21:36:30.00,1142.0,-84.17,-83.47,2
2016-07-25_21:36:30.00,1144.0,-82.2,-88.24,1
2016-07-25_21:36:30.00,1146.0,-82.81,-85.39,2
2016-07-25_21:36:30.00,1148.0,-76.37,-89.09,1
2016-07-25_21:36:30.00,1150.0,-85.73,-86.33,2
2016-07-25_21:36:30.00,1152.0,-82.67,-82.29,2
2016-07-25_21:36:30.00,1154.0,-85.6,-84.38,2
2016-07-25_21:36:30.00,1156.0,-82.55,-88.47,1
2016-07-25_21:36:30.00,1158.0,-82.85,-84.56,2
2016-07-25_21:36:30.00,1160.0,-82.8,-84.06,2
2016-07-25_21:36:30.00,1162.0,-88.82,-87.65,2
2016-07-25_21:36:30.00,1164.0,-83.59,-86.43,2
2016-07-25_21:36:30.00,1166.0,-82.89,-85.75,2
2016-07-25_21:36:30.00,1168.0,-76.11,-84.74,1
2016-07-25_21:36:30.00,1170.0,-84.78,-84.94,2
2016-07-25_21:36:30.00,1172.0,-84.63,-84.58,2
2016-07-25_21:36:30.00,1174.0,-84.69,-87.94,1
2016-07-25_21:36:30.00,1176.0,-85.23,-84.62,2
2016-07-25_21:36:30.00,1178.0,-84.6,-88.14,1
2016-07-25_21:36:30.00,1180.0,-83.54,-85.41,2
2016-07-25_21:36:30.00,1182.0,-80.65,-83.42,2
2016-07-25_21:36:30.00,1184.0,-78.24,-84.06,1
2016-07-25_21:36:30.00,1186.0,-82.58,-86.78,1
2016-07-25_21:36:40.00,1128.0,-85.38,-85.26,2
2016-07-25_21:36:40.00,1130.0,-85.06,-82.01,3
2016-07-25_21:36:40.00,1132.0,-81.34,-80.98,2
2016-07-25_21:36:40.00,1134.0,-83.71,-84.39,2
2016-07-25_21:36:40.00,1136.0,-83.83,-88.34,1
2016-07-25_21:36:40.00,1138.0,-83.82,-83.75,2
2016-07-25_21:36:40.00,1140.0,-76.52,-83.18,1
2016-07-25_21:36:40.00,1142.0,-80.61,-84.16,1
2016-07-25_21:36:40.00,1144.0,-78.89,-84.39,1
2016-07-25_21:36:40.00,1146.0,-79.72,-83.99,1
2016-07-25_21:36:40.00,1148.0,-82.37,-83.76,2
2016-07-25_21:36:40.00,1150.0,-85.95,-84.85,2
2016-07-25_21:36:40.00,1152.0,-86.93,-83.6,3
2016-07-25_21:36:40.00,1154.0,-84.2,-85.92,2
2016-07-25_21:36:40.00,1156.0,-84.54,-86.36,2
2016-07-25_21:36:40.00,1158.0,-86.18,-84.69,2
2016-07-25_21:36:40.00,1160.0,-81.26,-84.7,1
2016-07-25_21:36:40.00,1162.0,-85.14,-85.13,2
2016-07-25_21:36:40.00,1164.0,-82.96,-86.28,1
2016-07-25_21:36:40.00,1166.0,-84.62,-86.99,2
2016-07-25_21:36:40.00,1168.0,-84.04,-86.5,2
2016-07-25_21:36:40.00,1170.0,-85.62,-82.9,2
2016-07-25_21:36:40.00,1172.0,-85.39,-87.29,2
2016-07-25_21:36:40.00,1174.0,-80.06,-85.8,1
2016-07-25_21:36:40.00,1176.0,-83.51,-87.05,1
2016-07-25_21:36:40.00,1178.0,-85.61,-83.61,2
2016-07-25_21:36:40.00,1180.0,-83.17,-85.32,2
2016-07-25_21:36:40.00,1182.0,-83.77,-85.7,2
2016-07-25_21:36:40.00,1184.0,-87.33,-88.97,2
2016-07-25_21:36:40.00,1186.0,-87.25,-85.16,2
2016-07-25_21:36:40.00,1188.0,-80.86,-84.13,1
2016-07-25_21:36:40.00,1190.0,-81.72,-85.0,1
2016-07-25_21:36:40.00,1192.0,-82.26,-83.04,2
2016-07-25_21:36:40.00,1194.0,-83.44,-85.15,2
2016-07-25_21:36:50.00,1186.0,-81.17,-88.84,1
2016-07-25_21:36:50.00,1188.0,-83.82,-88.65,1
2016-07-25_21:36:50.00,1190.0,-79.82,-85.98,1
2016-07-25_21:36:50.00,1192.0,-84.46,-88.12,1
2016-07-25_21:36:50.00,1194.0,-82.57,-87.81,1
2016-07-25_21:36:50.00,1196.0,-84.76,-85.02,2
2016-07-25_21:36:50.00,1198.0,-85.13,-86.15,2
2016-07-25_21:36:50.00,1200.0,-83.73,-83.92,2
2016-07-25_21:36:50.00,1202.0,-86.62,-88.67,2
2016-07-25_21:36:50.00,1204.0,-85.72,-87.2,2
2016-07-25_21:36:50.00,1206.0,-86.45,-87.02,2
2016-07-25_21:36:50.00,1208.0,-81.19,-86.31,1
2016-07-25_21:36:50.00,1210.0,-80.17,-83.38,1
2016-07-25_21:36:50.00,1212.0,-81.24,-84.36,1
2016-07-25_21:36:50.00,1214.0,-78.67,-83.4,1
2016-07-25_21:36:50.00,1216.0,-78.34,-84.08,1
2016-07-25_21:36:50.00,1218.0,-78.4,-85.71,1
2016-07-25_21:36:50.00,1220.0,-78.91,-85.22,1
2016-07-25_21:36:50.00,1222.0,-76.88,-83.94,1
2016-07-25_21:36:50.00,1224.0,-75.42,-84.64,1
2016-07-25_21:36:50.00,1226.0,-77.39,-84.95,1
2016-07-25_21:36:50.00,1228.0,-77.13,-72.09,3
2016-07-25_21:36:50.00,1230.0,-77.15,-87.39,1
2016-07-25_21:36:50.00,1232.0,-79.06,-83.07,1
2016-07-25_21:36:50.00,1234.0,-75.8,-85.95,1
2016-07-25_21:36:50.00,1236.0,-81.53,-86.0,1
2016-07-25_21:36:50.00,1238.0,-75.65,-81.96,1
2016-07-25_21:36:50.00,1240.0,-77.45,-82.33,1
2016-07-25_21:36:50.00,1242.0,-78.04,-86.32,1
2016-07-25_21:36:50.00,1244.0,-81.06,-85.65,1
2016-07-25_21:36:50.00,1246.0,-78.35,-84.73,1
2016-07-25_21:36:50.00,1248.0,-80.47,-83.61,1
2016-07-25_21:36:50.00,1250.0,-79.13,-85.32,1
2016-07-25_21:36:50.00,1252.0,-79.58,-85.57,1
2016-07-25_21:37:00.00,1186.0,-84.36,-85.04,2
2016-07-25_21:37:00.00,1188.0,-84.97,-78.83,3
2016-07-25_21:37:00.00,1190.0,-84.63,-83.58,2
2016-07-25_21:37:00.00,1192.0,-84.34,-88.37,1
2016-07-25_21:37:00.00,1194.0,-81.27,-82.0,2
2016-07-25_21:37:00.00,1196.0,-84.99,-85.07,2
2016-07-25_21:37:00.00,1198.0,-82.87,-82.18,2
2016-07-25_21:37:00.00,1200.0,-78.85,-84.36,1
2016-07-25_21:37:00.00,1202.0,-85.9,-85.09,2
2016-07-25_21:37:00.00,1204.0,-83.93,-87.59,1
2016-07-25_21:37:00.00,1206.0,-80.76,-78.76,2
2016-07-25_21:37:00.00,1208.0,-83.91,-85.05,2
2016-07-25_21:37:00.00,1210.0,-81.32,-85.1,1
2016-07-25_21:37:00.00,1212.0,-83.72,-84.43,2
2016-07-25_21:37:00.00,1214.0,-82.95,-85.29,2
2016-07-25_21:37:00.00,1216.0,-83.94,-86.88,2
2016-07-25_21:37:00.00,1218.0,-81.03,-82.43,2
2016-07-25_21:37:00.00,1220.0,-83.23,-82.87,2
2016-07-25_21:37:00.00,1222.0,-83.76,-84.07,2
2016-07-25_21:37:00.00,1224.0,-75.58,-82.91,1
2016-07-25_21:37:00.00,1226.0,-78.62,-86.7,1
2016-07-25_21:37:00.00,1228.0,-80.28,-84.17,1
2016-07-25_21:37:00.00,1230.0,-81.79,-82.06,2
2016-07-25_21:37:00.00,1232.0,-81.77,-83.47,2
2016-07-25_21:37:00.00,1234.0,-82.53,-81.53,2
2016-07-25_21:37:00.00,1236.0,-82.02,-80.18,2
2016-07-25_21:37:00.00,1238.0,-77.55,-82.98,1
2016-07-25_21:37:00.00,1240.0,-79.77,-82.26,2
2016-07-25_21:37:00.00,1242.0,-79.58,-81.05,2
2016-07-25_21:37:00.00,1244.0,-79.14,-81.42,2
2016-07-25_21:37:00.00,1246.0,-81.21,-81.55,2
2016-07-25_21:37:00.00,1248.0,-75.78,-83.88,1
2016-07-25_21:37:00.00,1250.0,-76.18,-83.7,1
2016-07-25_21:37:00.00,1252.0,-77.89,-79.48,2
2016-07-25_21:37:10.00,1196.0,-82.76,-88.15,1
2016-07-25_21:37:10.00,1198.0,-80.96,-85.35,1
2016-07-25_21:37:10.00,1200.0,-77.82,-85.76,1
2016-07-25_21:37:10.00,1202.0,-80.98,-83.29,2
2016-07-25_21:37:10.00,1204.0,-76.02,-87.26,1
2016-07-25_21:37:10.00,1206.0,-76.55,-84.3,1
2016-07-25_21:37:10.00,1208.0,-78.79,-88.31,1
2016-07-25_21:37:10.00,1210.0,-79.1,-82.65,1
2016-07-25_21:37:10.00,1212.0,-82.84,-84.21,2
2016-07-25_21:37:10.00,1214.0,-78.72,-87.27,1
2016-07-25_21:37:10.00,1216.0,-79.19,-87.99,1
2016-07-25_21:37:10.00,1218.0,-79.43,-84.67,1
2016-07-25_21:37:10.00,1220.0,-78.84,-86.51,1
2016-07-25_21:37:10.00,1222.0,-77.64,-85.22,1
2016-07-25_21:37:10.00,1224.0,-80.31,-82.25,2
2016-07-25_21:37:10.00,1226.0,-78.3,-81.52,1
2016-07-25_21:37:10.00,1228.0,-79.36,-83.48,1
2016-07-25_21:37:10.00,1230.0,-82.66,-83.62,2
2016-07-25_21:37:10.00,1232.0,-81.04,-82.9,2
2016-07-25_21:37:10.00,1234.0,-82.77,-83.82,2
2016-07-25_21:37:10.00,1236.0,-79.61,-86.45,1
2016-07-25_21:37:10.00,1238.0,-77.79,-81.43,1
2016-07-25_21:37:10.00,1240.0,-76.56,-83.21,1
2016-07-25_21:37:10.00,1242.0,-79.83,-82.22,2
2016-07-25_21:37:10.00,1244.0,-78.85,-83.43,1
2016-07-25_21:37:10.00,1246.0,-77.23,-84.76,1
2016-07-25_21:37:10.00,1248.0,-78.48,-80.84,2
2016-07-25_21:37:10.00,1250.0,-77.34,-81.14,1
2016-07-25_21:37:10.00,1252.0,-77.73,-81.55,1
2016-07-25_21:37:10.00,1254.0,-72.93,-83.39,1
2016-07-25_21:37:10.00,1256.0,-78.73,-82.91,1
2016-07-25_21:37:10.00,1258.0,-71.48,-82.2,1
2016-07-25_21:37:10.00,1260.0,-78.94,-82.93,1
2016-07-25_21:37:10.00,1262.0,-79.16,-85.94,1
2016-07-25_21:37:20.00,1204.0,-83.34,-83.97,2
2016-07-25_21:37:20.00,1206.0,-85.43,-86.16,2
2016-07-25_21:37:20.00,1208.0,-81.99,-88.62,1
2016-07-25_21:37:20.00,1210.0,-82.48,-86.09,1
2016-07-25_21:37:20.00,1212.0,-84.02,-84.75,2
2016-07-25_21:37:20.00,1214.0,-81.71,-84.61,2
2016-07-25_21:37:20.00,1216.0,-85.27,-84.7,2
2016-07-25_21:37:20.00,1218.0,-83.79,-85.61,2
2016-07-25_21:37:20.00,1220.0,-87.54,-86.9,2
2016-07-25_21:37:20.00,1222.0,-83.67,-85.74,2
2016-07-25_21:37:20.00,1224.0,-82.58,-82.43,2
2016-07-25_21:37:20.00,1226.0,-82.23,-83.77,2
2016-07-25_21:37:20.00,1228.0,-81.6,-85.43,1
2016-07-25_21:37:20.00,1230.0,-80.97,-81.88,2
2016-07-25_21:37:20.00,1232.0,-86.56,-82.39,3
2016-07-25_21:37:20.00,1234.0,-82.44,-83.55,2
2016-07-25_21:37:20.00,1236.0,-82.49,-83.21,2
2016-07-25_21:37:20.00,1238.0,-80.84,-81.8,2
2016-07-25_21:37:20.00,1240.0,-78.21,-84.12,1
2016-07-25_21:37:20.00,1242.0,-78.45,-79.12,2
2016-07-25_21:37:20.00,1244.0,-80.25,-85.93,1
2016-07-25_21:37:20.00,1246.0,-82.16,-85.95,1
2016-07-25_21:37:20.00,1248.0,-79.09,-82.6,1
2016-07-25_21:37:20.00,1250.0,-79.49,-80.51,2
2016-07-25_21:37:20.00,1252.0,-77.23,-80.27,1
2016-07-25_21:37:20.00,1254.0,-74.62,-80.77,1
2016-07-25_21:37:20.00,1256.0,-74.76,-79.03,1
2016-07-25_21:37:20.00,1258.0,-75.6,-78.86,1
2016-07-25_21:37:20.00,1260.0,-77.95,-77.4,2
2016-07-25_21:37:20.00,1262.0,-79.74,-81.12,2
2016-07-25_21:37:20.00,1264.0,-79.91,-81.64,2
2016-07-25_21:37:20.00,1266.0,-79.03,-82.74,1
2016-07-25_21:37:20.00,1268.0,-80.3,-79.23,2
2016-07-25_21:37:20.00,1270.0,-79.17,-83.45,1
2016-07-25_21:37:30.00,1210.0,-81.39,-85.95,1
2016-07-25_21:37:30.00,1212.0,-84.95,-86.74,2
2016-07-25_21:37:30.00,1214.0,-84.92,-86.66,2
2016-07-25_21:37:30.00,1216.0,-85.97,-84.18,2
2016-07-25_21:37:30.00,1218.0,-85.51,-89.0,1
2016-07-25_21:37:30.00,1220.0,-71.29,-77.8,1
2016-07-25_21:37:30.00,1222.0,-84.19,-84.59,2
2016-07-25_21:37:30.00,1224.0,-79.39,-84.21,1
2016-07-25_21:37:30.00,1226.0,-83.08,-85.74,2
2016-07-25_21:37:30.00,1228.0,-83.96,-85.79,2
2016-07-25_21:37:30.00,1230.0,-81.03,-84.62,1
2016-07-25_21:37:30.00,1232.0,-84.07,-83.83,2
2016-07-25_21:37:30.00,1234.0,-79.71,-83.95,1
2016-07-25_21:37:30.00,1236.0,-80.56,-85.43,1
2016-07-25_21:37:30.00,1238.0,-87.43,-82.87,3
2016-07-25_21:37:30.00,1240.0,-83.01,-84.82,2
2016-07-25_21:37:30.00,1242.0,-80.77,-83.02,2
2016-07-25_21:37:30.00,1244.0,-78.72,-82.2,1
2016-07-25_21:37:30.00,1246.0,-79.88,-82.68,2
2016-07-25_21:37:30.00,1248.0,-80.75,-82.04,2
2016-07-25_21:37:30.00,1250.0,-83.37,-82.76,2
2016-07-25_21:37:30.00,1252.0,-78.65,-79.48,2
2016-07-25_21:37:30.00,1254.0,-77.62,-81.05,1
2016-07-25_21:37:30.00,1256.0,-74.35,-81.01,1
2016-07-25_21:37:30.00,1258.0,-78.79,-83.47,1
2016-07-25_21:37:30.00,1260.0,-77.16,-78.41,2
2016-07-25_21:37:30.00,1262.0,-77.65,-81.24,1
2016-07-25_21:37:30.00,1264.0,-75.97,-82.14,1
2016-07-25_21:37:30.00,1266.0,-78.83,-82.05,1
2016-07-25_21:37:30.00,1268.0,-74.87,-85.59,1
2016-07-25_21:37:30.00,1270.0,-78.23,-82.31,1
2016-07-25_21:37:30.00,1272.0,-78.92,-81.3,2
2016-07-25_21:37:30.00,1274.0,-71.99,-81.88,1
2016-07-25_21:37:40.00,1212.0,-79.05,-88.72,1
2016-07-25_21:37:40.00,1214.0,-81.11,-87.24,1
2016-07-25_21:37:40.00,1216.0,-82.1,-86.7,1
2016-07-25_21:37:40.00,1218.0,-82.07,-86.03,1
2016-07-25_21:37:40.00,1220.0,-81.67,-80.97,2
2016-07-25_21:37:40.00,1222.0,-82.08,-86.01,1
2016-07-25_21:37:40.00,1224.0,-83.2,-82.8,2
2016-07-25_21:37:40.00,1226.0,-80.75,-82.89,2
2016-07-25_21:37:40.00,1228.0,-79.8,-84.05,1
2016-07-25_21:37:40.00,1230.0,-77.96,-85.9,1
2016-07-25_21:37:40.00,1232.0,-78.1,-82.59,1
2016-07-25_21:37:40.00,1234.0,-82.7,-86.88,1
2016-07-25_21:37:40.00,1236.0,-81.56,-82.56,2
2016-07-25_21:37:40.00,1238.0,-81.06,-83.0,2
2016-07-25_21:37:40.00,1240.0,-78.56,-83.79,1
2016-07-25_21:37:40.00,1242.0,-79.44,-81.37,2
2016-07-25_21:37:40.00,1244.0,-80.96,-82.41,2
2016-07-25_21:37:40.00,1246.0,-76.34,-85.58,1
2016-07-25_21:37:40.00,1248.0,-79.86,-82.41,2
2016-07-25_21:37:40.00,1250.0,-76.46,-79.6,1
2016-07-25_21:37:40.00,1252.0,-81.37,-83.43,2
2016-07-25_21:37:40.00,1254.0,-74.84,-81.29,1
2016-07-25_21:37:40.00,1256.0,-80.09,-84.0,1
2016-07-25_21:37:40.00,1258.0,-78.34,-81.14,2
2016-07-25_21:37:40.00,1260.0,-77.51,-79.18,2
2016-07-25_21:37:40.00,1262.0,-76.42,-84.57,1
2016-07-25_21:37:40.00,1264.0,-78.48,-77.93,2
2016-07-25_21:37:40.00,1266.0,-72.06,-77.24,1
2016-07-25_21:37:40.00,1268.0,-75.97,-77.34,2
2016-07-25_21:37:40.00,1270.0,-70.12,-72.59,2
2016-07-25_21:37:40.00,1272.0,-71.0,-78.0,1
2016-07-25_21:37:40.00,1274.0,-76.54,-80.26,1
2016-07-25_21:37:40.00,1276.0,-67.19,-72.15,1
2016-07-25_21:37:40.00,1278.0,-73.95,-70.53,3
2016-07-25_21:37:50.00,1212.0,-84.29,-83.27,2
2016-07-25_21:37:50.00,1214.0,-84.85,-84.2,2
2016-07-25_21:37:50.00,1216.0,-84.87,-84.78,2
2016-07-25_21:37:50.00,1218.0,-80.29,-88.68,1
2016-07-25_21:37:50.00,1220.0,-82.42,-87.05,1
2016-07-25_21:37:50.00,1222.0,-85.93,-82.53,3
2016-07-25_21:37:50.00,1224.0,-83.38,-87.51,1
2016-07-25_21:37:50.00,1226.0,-81.79,-82.0,2
2016-07-25_21:37:50.00,1228.0,-80.54,-84.66,1
2016-07-25_21:37:50.00,1230.0,-80.72,-88.03,1
2016-07-25_21:37:50.00,1232.0,-83.78,-86.26,2
2016-07-25_21:37:50.00,1234.0,-79.25,-82.49,1
2016-07-25_21:37:50.00,1236.0,-83.12,-85.56,2
2016-07-25_21:37:50.00,1238.0,-78.03,-80.96,2
2016-07-25_21:37:50.00,1240.0,-81.84,-83.97,2
2016-07-25_21:37:50.00,1242.0,-78.54,-80.64,2
2016-07-25_21:37:50.00,1244.0,-79.3,-79.29,2
2016-07-25_21:37:50.00,1246.0,-80.64,-83.36,2
2016-07-25_21:37:50.00,1248.0,-75.02,-78.97,1
2016-07-25_21:37:50.00,1250.0,-74.78,-80.34,1
2016-07-25_21:37:50.00,1252.0,-81.23,-79.19,2
2016-07-25_21:37:50.00,1254.0,-77.63,-81.11,1
2016-07-25_21:37:50.00,1256.0,-81.89,-85.96,1
2016-07-25_21:37:50.00,1258.0,-78.51,-80.01,2
2016-07-25_21:37:50.00,1260.0,-77.44,-79.26,2
2016-07-25_21:37:50.00,1262.0,-75.48,-76.55,2
2016-07-25_21:37:50.00,1264.0,-74.07,-78.89,1
2016-07-25_21:37:50.00,1266.0,-73.24,-75.36,2
2016-07-25_21:37:50.00,1268.0,-74.34,-72.61,2
2016-07-25_21:37:50.00,1270.0,-74.06,-72.43,2
2016-07-25_21:37:50.00,1272.0,-74.13,-77.12,2
2016-07-25_21:37:50.00,1274.0,-78.85,-77.8,2
2016-07-25_21:37:50.00,1276.0,-70.17,-71.66,2
2016-07-25_21:37:50.00,1278.0,-74.89,-79.02,1
2016-07-25_21:38:00.00,1204.0,-86.44,-86.46,2
2016-07-25_21:38:00.00,1206.0,-83.2,-86.19,2
2016-07-25_21:38:00.00,1208.0,-83.31,-85.76,2
2016-07-25_21:38:00.00,1210.0,-82.29,-83.93,2
2016-07-25_21:38:00.00,1212.0,-82.09,-83.84,2
2016-07-25_21:38:00.00,1214.0,-84.45,-86.87,2
2016-07-25_21:38:00.00,1216.0,-83.67,-84.6,2
2016-07-25_21:38:00.00,1218.0,-83.89,-85.13,2
2016-07-25_21:38:00.00,1220.0,-85.5,-85.14,2
2016-07-25_21:38:00.00,1222.0,-84.26,-83.55,2
2016-07-25_21:38:00.00,1224.0,-84.72,-85.2,2
2016-07-25_21:38:00.00,1226.0,-82.34,-83.42,2
2016-07-25_21:38:00.00,1228.0,-82.43,-84.32,2
2016-07-25_21:38:00.00,1230.0,-80.71,-84.12,1
2016-07-25_21:38:00.00,1232.0,-82.27,-86.59,1
2016-07-25_21:38:00.00,1234.0,-79.57,-80.0,2
2016-07-25_21:38:00.00,1236.0,-80.49,-84.56,1
2016-07-25_21:38:00.00,1238.0,-81.35,-83.14,2
2016-07-25_21:38:00.00,1240.0,-81.24,-84.12,2
2016-07-25_21:38:00.00,1242.0,-82.94,-80.15,2
2016-07-25_21:38:00.00,1244.0,-79.72,-85.02,1
2016-07-25_21:38:00.00,1246.0,-79.33,-81.79,2
2016-07-25_21:38:00.00,1248.0,-77.55,-81.51,1
2016-07-25_21:38:00.00,1250.0,-79.29,-85.23,1
2016-07-25_21:38:00.00,1252.0,-78.21,-81.98,1
2016-07-25_21:38:00.00,1254.0,-82.3,-81.52,2
2016-07-25_21:38:00.00,1256.0,-77.31,-82.05,1
2016-07-25_21:38:00.00,1258.0,-75.29,-82.55,1
2016-07-25_21:38:00.00,1260.0,-79.17,-83.0,1
2016-07-25_21:38:00.00,1262.0,-75.71,-80.31,1
2016-07-25_21:38:00.00,1264.0,-77.3,-79.31,2
2016-07-25_21:38:00.00,1266.0,-75.35,-76.46,2
2016-07-25_21:38:00.00,1268.0,-74.2,-78.19,1
2016-07-25_21:38:00.00,1270.0,-78.78,-79.98,2
2016-07-25_21:38:00.00,1272.0,-76.04,-79.4,1
2016-07-25_21:38:00.00,1274.0,-72.26,-76.39,1
2016-07-25_21:38:00.00,1276.0,-71.5,-75.33,1
2016-07-25_21:38:10.00,1202.0,-81.96,-84.8,2
2016-07-25_21:38:10.00,1204.0,-83.97,-83.57,2
2016-07-25_21:38:10.00,1206.0,-89.09,-87.79,2
2016-07-25_21:38:10.00,1208.0,-80.96,-86.86,1
2016-07-25_21:38:10.00,1210.0,-83.19,-81.09,2
2016-07-25_21:38:10.00,1212.0,-85.32,-82.9,2
2016-07-25_21:38:10.00,1214.0,-85.82,-88.71,2
2016-07-25_21:38:10.00,1216.0,-84.51,-83.78,2
2016-07-25_21:38:10.00,1218.0,-84.22,-85.99,2
2016-07-25_21:38:10.00,1220.0,-85.85,-91.71,1
2016-07-25_21:38:10.00,1222.0,-82.7,-83.78,2
2016-07-25_21:38:10.00,1224.0,-84.56,-85.58,2
2016-07-25_21:38:10.00,1226.0,-80.57,-84.27,1
2016-07-25_21:38:10.00,1228.0,-80.68,-84.03,1
2016-07-25_21:38:10.00,1230.0,-81.53,-83.3,2
2016-07-25_21:38:10.00,1232.0,-79.85,-82.68,2
2016-07-25_21:38:10.00,1234.0,-82.44,-84.57,2
2016-07-25_21:38:10.00,1236.0,-81.79,-82.29,2
2016-07-25_21:38:10.00,1238.0,-80.89,-84.76,1
2016-07-25_21:38:10.00,1240.0,-84.24,-85.52,2
2016-07-25_21:38:10.00,1242.0,-80.98,-82.33,2
2016-07-25_21:38:10.00,1244.0,-80.74,-84.98,1
2016-07-25_21:38:10.00,1246.0,-81.19,-83.01,2
2016-07-25_21:38:10.00,1248.0,-79.52,-79.86,2
2016-07-25_21:38:10.00,1250.0,-82.81,-81.86,2
2016-07-25_21:38:10.00,1252.0,-78.58,-87.26,1
2016-07-25_21:38:10.00,1254.0,-79.97,-84.5,1
2016-07-25_21:38:10.00,1256.0,-80.63,-83.61,2
2016-07-25_21:38:10.00,1258.0,-76.11,-81.11,1
2016-07-25_21:38:10.00,1260.0,-77.89,-80.93,1
2016-07-25_21:38:10.00,1262.0,-75.9,-82.02,1
2016-07-25_21:38:10.00,1264.0,-80.65,-77.92,2
2016-07-25_21:38:10.00,1266.0,-77.05,-81.39,1
2016-07-25_21:38:10.00,1268.0,-79.73,-80.66,2
2016-07-25_21:38:10.00,1270.0,-75.99,-78.81,2
2016-07-25_21:38:10.00,1272.0,-73.9,-85.73,1
2016-07-25_21:38:10.00,1274.0,-72.66,-77.86,1
2016-07-25_21:38:10.00,1276.0,-75.16,-77.96,2
2016-07-25_21:38:20.00,1202.0,-87.18,-86.13,2
2016-07-25_21:38:20.00,1204.0,-89.33,-89.09,2
2016-07-25_21:38:20.00,1206.0,-85.38,-83.97,2
2016-07-25_21:38:20.00,1208.0,-83.95,-82.79,2
2016-07-25_21:38:20.00,1210.0,-86.42,-86.31,2
2016-07-25_21:38:20.00,1212.0,-88.04,-85.56,2
2016-07-25_21:38:20.00,1214.0,-83.5,-84.36,2
2016-07-25_21:38:20.00,1216.0,-84.62,-86.01,2
2016-07-25_21:38:20.00,1218.0,-84.31,-84.65,2
2016-07-25_21:38:20.00,1220.0,-84.69,-84.25,2
2016-07-25_21:38:20.00,1222.0,-82.62,-84.27,2
2016-07-25_21:38:20.00,1224.0,-86.12,-84.32,2
2016-07-25_21:38:20.00,1226.0,-81.39,-84.91,1
2016-07-25_21:38:20.00,1228.0,-83.93,-84.02,2
2016-07-25_21:38:20.00,1230.0,-80.04,-84.68,1
2016-07-25_21:38:20.00,1232.0,-82.3,-85.0,2
2016-07-25_21:38:20.00,1234.0,-82.25,-87.32,1
2016-07-25_21:38:20.00,1236.0,-81.12,-84.72,1
2016-07-25_21:38:20.00,1238.0,-84.56,-85.08,2
2016-07-25_21:38:20.00,1240.0,-83.75,-85.37,2
2016-07-25_21:38:20.00,1242.0,-79.8,-84.95,1
2016-07-25_21:38:20.00,1244.0,-83.98,-83.25,2
2016-07-25_21:38:20.00,1246.0,-77.64,-84.47,1
2016-07-25_21:38:20.00,1248.0,-79.37,-85.27,1
2016-07-25_21:38:20.00,1250.0,-78.55,-83.54,1
2016-07-25_21:38:20.00,1252.0,-83.31,-85.37,2
2016-07-25_21:38:20.00,1254.0,-80.54,-78.84,2
2016-07-25_21:38:20.00,1256.0,-82.3,-84.44,2
2016-07-25_21:38:20.00,1258.0,-81.04,-82.32,2
2016-07-25_21:38:20.00,1260.0,-77.67,-82.7,1
2016-07-25_21:38:20.00,1262.0,-77.28,-76.66,2
2016-07-25_21:38:20.00,1264.0,-75.44,-80.24,1
2016-07-25_21:38:20.00,1266.0,-74.83,-85.35,1
2016-07-25_21:38:20.00,1268.0,-77.19,-83.04,1
2016-07-25_21:38:20.00,1270.0,-75.97,-81.22,1
2016-07-25_21:38:20.00,1272.0,-72.85,-82.34,1
2016-07-25_21:38:20.00,1274.0,-77.39,-81.67,1
2016-07-25_21:38:20.00,1276.0,-79.43,-82.85,1
2016-07-25_21:38:30.00,1146.0,-86.45,-83.93,2
2016-07-25_21:38:30.00,1148.0,-86.41,-83.18,3
2016-07-25_21:38:30.00,1150.0,-87.36,-84.79,2
2016-07-25_21:38:30.00,1152.0,-86.0,-85.4,2
2016-07-25_21:38:30.00,1154.0,-84.86,-83.95,2
2016-07-25_21:38:30.00,1156.0,-83.15,-85.43,2
2016-07-25_21:38:30.00,1158.0,-86.89,-84.08,2
2016-07-25_21:38:30.00,1160.0,-83.21,-82.92,2
2016-07-25_21:38:30.00,1162.0,-86.66,-82.88,3
2016-07-25_21:38:30.00,1164.0,-85.38,-86.52,2
2016-07-25_21:38:30.00,1166.0,-89.65,-82.79,3
2016-07-25_21:38:30.00,1168.0,-83.47,-85.55,2
2016-07-25_21:38:30.00,1170.0,-86.97,-85.51,2
2016-07-25_21:38:30.00,1172.0,-82.08,-83.35,2
2016-07-25_21:38:30.00,1174.0,-89.12,-83.7,3
2016-07-25_21:38:30.00,1176.0,-86.27,-84.63,2
2016-07-25_21:38:30.00,1178.0,-84.43,-83.99,2
2016-07-25_21:38:30.00,1180.0,-85.99,-89.74,1
2016-07-25_21:38:30.00,1182.0,-84.73,-88.1,1
2016-07-25_21:38:30.00,1184.0,-83.54,-82.86,2
2016-07-25_21:38:30.00,1186.0,-85.74,-86.84,2
2016-07-25_21:38:30.00,1188.0,-84.29,-84.44,2
2016-07-25_21:38:30.00,1190.0,-86.56,-86.72,2
2016-07-25_21:38:30.00,1192.0,-82.37,-85.63,1
2016-07-25_21:38:30.00,1194.0,-84.84,-83.58,2
2016-07-25_21:38:30.00,1196.0,-87.69,-86.99,2
2016-07-25_21:38:30.00,1198.0,-87.11,-90.47,1
2016-07-25_21:38:30.00,1200.0,-81.05,-85.94,1
2016-07-25_21:38:30.00,1202.0,-85.31,-87.21,2
2016-07-25_21:38:30.00,1204.0,-87.7,-87.27,2
2016-07-25_21:38:30.00,1206.0,-85.9,-87.68,2
2016-07-25_21:38:30.00,1208.0,-83.55,-90.05,1
2016-07-25_21:38:30.00,1210.0,-85.37,-86.65,2
2016-07-25_21:38:30.00,1212.0,-86.18,-88.39,2
2016-07-25_21:38:30.00,1214.0,-85.06,-87.69,2
2016-07-25_21:38:30.00,1216.0,-86.08,-84.28,2
2016-07-25_21:38:40.00,1146.0,-83.66,-81.44,2
2016-07-25_21:38:40.00,1148.0,-83.01,-82.88,2
2016-07-25_21:38:40.00,1150.0,-85.46,-85.09,2
2016-07-25_21:38:40.00,1152.0,-82.78,-82.5,2
2016-07-25_21:38:40.00,1154.0,-84.59,-85.4,2
2016-07-25_21:38:40.00,1156.0,-84.19,-85.19,2
2016-07-25_21:38:40.00,1158.0,-85.08,-83.34,2
2016-07-25_21:38:40.00,1160.0,-85.98,-84.3,2
2016-07-25_21:38:40.00,1162.0,-84.32,-82.9,2
2016-07-25_21:38:40.00,1164.0,-87.17,-86.13,2
2016-07-25_21:38:40.00,1166.0,-79.44,-84.14,1
2016-07-25_21:38:40.00,1168.0,-84.97,-83.35,2
2016-07-25_21:38:40.00,1170.0,-81.59,-83.43,2
2016-07-25_21:38:40.00,1172.0,-83.96,-85.88,2
2016-07-25_21:38:40.00,1174.0,-83.67,-83.27,2
2016-07-25_21:38:40.00,1176.0,-87.08,-85.41,2
2016-07-25_21:38:40.00,1178.0,-85.39,-86.02,2
2016-07-25_21:38:40.00,1180.0,-85.67,-85.84,2
2016-07-25_21:38:40.00,1182.0,-84.36,-84.98,2
2016-07-25_21:38:40.00,1184.0,-84.04,-81.24,2
2016-07-25_21:38:40.00,1186.0,-85.58,-86.4,2
2016-07-25_21:38:40.00,1188.0,-87.11,-85.14,2
2016-07-25_21:38:40.00,1190.0,-86.54,-83.4,3
2016-07-25_21:38:40.00,1192.0,-85.69,-84.59,2
2016-07-25_21:38:40.00,1194.0,-86.21,-85.89,2
2016-07-25_21:38:40.00,1196.0,-85.92,-87.03,2
2016-07-25_21:38:40.00,1198.0,-85.77,-85.61,2
2016-07-25_21:38:40.00,1200.0,-86.44,-85.03,2
2016-07-25_21:38:40.00,1202.0,-86.05,-86.21,2
2016-07-25_21:38:40.00,1204.0,-87.05,-83.19,3
2016-07-25_21:38:40.00,1206.0,-85.09,-86.66,2
2016-07-25_21:38:40.00,1208.0,-84.93,-84.2,2
2016-07-25_21:38:40.00,1210.0,-85.42,-82.02,3
2016-07-25_21:38:40.00,1212.0,-86.39,-84.8,2
2016-07-25_21:38:40.00,1214.0,-86.35,-87.59,2
2016-07-25_21:38:40.00,1216.0,-86.05,-83.5,2
2016-07-25_21:38:50.00,1146.0,-77.04,-85.58,1
2016-07-25_21:38:50.00,1148.0,-81.99,-81.86,2
2016-07-25_21:38:50.00,1150.0,-86.56,-81.3,3
2016-07-25_21:38:50.00,1152.0,-85.15,-83.3,2
2016-07-25_21:38:50.00,1154.0,-90.1,-84.56,3
2016-07-25_21:38:50.00,1156.0,-82.97,-81.9,2
2016-07-25_21:38:50.00,1158.0,-83.69,-86.16,2
2016-07-25_21:38:50.00,1160.0,-85.1,-86.25,2
2016-07-25_21:38:50.00,1162.0,-86.31,-86.76,2
2016-07-25_21:38:50.00,1164.0,-84.68,-86.43,2
2016-07-25_21:38:50.00,1166.0,-88.57,-88.88,2
2016-07-25_21:38:50.00,1168.0,-85.74,-84.73,2
2016-07-25_21:38:50.00,1170.0,-85.05,-87.49,2
2016-07-25_21:38:50.00,1172.0,-87.02,-86.36,2
2016-07-25_21:38:50.00,1174.0,-84.82,-80.31,3
2016-07-25_21:38:50.00,1176.0,-87.46,-85.64,2
2016-07-25_21:38:50.00,1178.0,-84.24,-84.61,2
2016-07-25_21:38:50.00,1180.0,-87.85,-85.73,2
2016-07-25_21:38:50.00,1182.0,-85.81,-87.64,2
2016-07-25_21:38:50.00,1184.0,-89.12,-79.82,3
2016-07-25_21:38:50.00,1186.0,-86.75,-85.45,2
2016-07-25_21:38:50.00,1188.0,-85.93,-88.0,2
2016-07-25_21:38:50.00,1190.0,-84.28,-85.73,2
2016-07-25_21:38:50.00,1192.0,-82.86,-86.52,1
2016-07-25_21:38:50.00,1194.0,-85.79,-84.89,2
2016-07-25_21:38:50.00,1196.0,-84.22,-85.77,2
2016-07-25_21:38:50.00,1198.0,-86.78,-83.03,3
2016-07-25_21:38:50.00,1200.0,-87.09,-87.32,2
2016-07-25_21:38:50.00,1202.0,-86.44,-89.56,1
2016-07-25_21:38:50.00,1204.0,-84.2,-82.18,2
2016-07-25_21:38:50.00,1206.0,-83.64,-84.67,2
2016-07-25_21:38:50.00,1208.0,-85.56,-84.44,2
2016-07-25_21:38:50.00,1210.0,-85.16,-89.91,1
2016-07-25_21:38:50.00,1212.0,-85.91,-85.9,2
2016-07-25_21:38:50.00,1214.0,-85.93,-85.74,2
2016-07-25_21:38:50.00,1216.0,-84.99,-84.22,2
2016-07-25_21:39:00.00,1136.0,-84.68,-82.66,2
2016-07-25_21:39:00.00,1138.0,-85.04,-82.07,2
2016-07-25_21:39:00.00,1140.0,-85.15,-83.1,2
2016-07-25_21:39:00.00,1142.0,-84.94,-81.88,3
2016-07-25_21:39:00.00,1144.0,-83.57,-86.12,2
2016-07-25_21:39:00.00,1146.0,-84.56,-84.35,2
2016-07-25_21:39:00.00,1148.0,-87.62,-83.11,3
2016-07-25_21:39:00.00,1150.0,-87.08,-85.96,2
2016-07-25_21:39:00.00,1152.0,-85.69,-82.0,3
2016-07-25_21:39:00.00,1154.0,-85.07,-86.3,2
2016-07-25_21:39:00.00,1156.0,-86.54,-85.2,2
2016-07-25_21:39:00.00,1158.0,-87.03,-87.75,2
2016-07-25_21:39:00.00,1160.0,-87.77,-87.98,2
2016-07-25_21:39:00.00,1162.0,-85.88,-89.25,1
2016-07-25_21:39:00.00,1164.0,-85.72,-86.18,2
2016-07-25_21:39:00.00,1166.0,-86.98,-87.48,2
2016-07-25_21:39:00.00,1168.0,-87.4,-89.88,2
2016-07-25_21:39:00.00,1170.0,-85.8,-82.58,3
2016-07-25_21:39:00.00,1172.0,-86.75,-85.29,2
2016-07-25_21:39:00.00,1174.0,-86.04,-86.21,2
2016-07-25_21:39:00.00,1176.0,-89.57,-88.71,2
2016-07-25_21:39:00.00,1178.0,-86.43,-84.08,2
2016-07-25_21:39:00.00,1180.0,-86.02,-87.6,2
2016-07-25_21:39:00.00,1182.0,-86.95,-88.51,2
2016-07-25_21:39:00.00,1184.0,-87.99,-86.54,2
2016-07-25_21:39:00.00,1186.0,-87.27,-86.33,2
2016-07-25_21:39:00.00,1188.0,-86.22,-82.92,3
2016-07-25_21:39:00.00,1190.0,-85.94,-89.54,1
2016-07-25_21:39:00.00,1192.0,-85.96,-86.05,2
2016-07-25_21:39:00.00,1194.0,-78.67,-85.05,1
2016-07-25_21:39:00.00,1196.0,-80.21,-85.74,1
2016-07-25_21:39:00.00,1198.0,-82.36,-84.64,2
2016-07-25_21:39:00.00,1200.0,-86.51,-84.77,2
2016-07-25_21:39:00.00,1202.0,-87.18,-84.31,2
2016-07-25_21:39:00.00,1204.0,-87.21,-84.33,2
2016-07-25_21:39:00.00,1206.0,-86.11,-84.34,2
2016-07-25_21:39:00.00,1208.0,-85.51,-82.3,3
2016-07-25_21:39:10.00,1126.0,-86.22,-89.07,2
2016-07-25_21:39:10.00,1128.0,-84.06,-82.33,2
2016-07-25_21:39:10.00,1130.0,-86.45,-83.28,3
2016-07-25_21:39:10.00,1132.0,-85.49,-82.78,2
2016-07-25_21:39:10.00,1134.0,-82.9,-82.57,2
2016-07-25_21:39:10.00,1136.0,-85.63,-80.17,3
2016-07-25_21:39:10.00,1138.0,-84.53,-78.35,3
2016-07-25_21:39:10.00,1140.0,-85.55,-80.89,3
2016-07-25_21:39:10.00,1142.0,-84.55,-82.87,2
2016-07-25_21:39:10.00,1144.0,-86.78,-84.14,2
2016-07-25_21:39:10.00,1146.0,-83.15,-86.25,1
2016-07-25_21:39:10.00,1148.0,-86.0,-88.68,2
2016-07-25_21:39:10.00,1150.0,-85.0,-83.8,2
2016-07-25_21:39:10.00,1152.0,-86.46,-85.39,2
2016-07-25_21:39:10.00,1154.0,-84.47,-88.02,1
2016-07-25_21:39:10.00,1156.0,-83.47,-84.06,2
2016-07-25_21:39:10.00,1158.0,-86.16,-84.46,2
2016-07-25_21:39:10.00,1160.0,-82.39,-80.35,2
2016-07-25_21:39:10.00,1162.0,-82.62,-86.82,1
2016-07-25_21:39:10.00,1164.0,-86.64,-86.09,2
2016-07-25_21:39:10.00,1166.0,-84.39,-86.83,2
2016-07-25_21:39:10.00,1168.0,-88.28,-87.79,2
2016-07-25_21:39:10.00,1170.0,-85.22,-87.26,2
2016-07-25_21:39:10.00,1172.0,-90.23,-86.72,3
2016-07-25_21:39:10.00,1174.0,-86.69,-83.48,3
2016-07-25_21:39:10.00,1176.0,-89.25,-81.12,3
2016-07-25_21:39:10.00,1178.0,-86.56,-82.85,3
2016-07-25_21:39:10.00,1180.0,-86.73,-85.23,2
2016-07-25_21:39:10.00,1182.0,-86.31,-85.69,2
2016-07-25_21:39:10.00,1184.0,-89.57,-83.87,3
2016-07-25_21:39:10.00,1186.0,-85.98,-86.8,2
2016-07-25_21:39:10.00,1188.0,-86.59,-86.17,2
2016-07-25_21:39:10.00,1190.0,-88.59,-85.6,2
2016-07-25_21:39:10.00,1192.0,-85.18,-83.02,2
2016-07-25_21:39:10.00,1194.0,-86.98,-85.07,2
2016-07-25_21:39:10.00,1196.0,-87.75,-81.23,3
2016-07-25_21:39:20.00,1126.0,-83.52,-84.79,2
2016-07-25_21:39:20.00,1128.0,-84.02,-82.91,2
2016-07-25_21:39:20.00,1130.0,-85.42,-84.67,2
2016-07-25_21:39:20.00,1132.0,-87.69,-81.74,3
2016-07-25_21:39:20.00,1134.0,-84.91,-80.91,3
2016-07-25_21:39:20.00,1136.0,-87.7,-86.72,2
2016-07-25_21:39:20.00,1138.0,-86.89,-84.91,2
2016-07-25_21:39:20.00,1140.0,-85.05,-83.58,2
2016-07-25_21:39:20.00,1142.0,-84.93,-83.3,2
2016-07-25_21:39:20.00,1144.0,-85.41,-83.14,2
2016-07-25_21:39:20.00,1146.0,-87.88,-84.05,3
2016-07-25_21:39:20.00,1148.0,-87.37,-86.43,2
2016-07-25_21:39:20.00,1150.0,-86.77,-84.82,2
2016-07-25_21:39:20.00,1152.0,-85.01,-84.2,2
2016-07-25_21:39:20.00,1154.0,-87.04,-85.25,2
2016-07-25_21:39:20.00,1156.0,-83.7,-84.96,2
2016-07-25_21:39:20.00,1158.0,-86.29,-84.18,2
2016-07-25_21:39:20.00,1160.0,-87.96,-87.47,2
2016-07-25_21:39:20.00,1162.0,-84.98,-84.44,2
2016-07-25_21:39:20.00,1164.0,-85.47,-84.49,2
2016-07-25_21:39:20.00,1166.0,-86.18,-86.29,2
2016-07-25_21:39:20.00,1168.0,-85.16,-84.72,2
2016-07-25_21:39:20.00,1170.0,-72.46,-84.1,1
2016-07-25_21:39:20.00,1172.0,-76.69,-84.11,1
2016-07-25_21:39:20.00,1174.0,-76.35,-84.61,1
2016-07-25_21:39:20.00,1176.0,-82.25,-84.6,2
2016-07-25_21:39:20.00,1178.0,-84.09,-85.05,2
2016-07-25_21:39:20.00,1180.0,-84.76,-83.65,2
2016-07-25_21:39:20.00,1182.0,-86.39,-86.28,2
2016-07-25_21:39:20.00,1184.0,-85.97,-85.96,2
2016-07-25_21:39:20.00,1186.0,-85.42,-85.85,2
2016-07-25_21:39:20.00,1188.0,-83.98,-86.8,2
2016-07-25_21:39:20.00,1190.0,-86.77,-86.98,2
2016-07-25_21:39:30.00,1128.0,-85.34,-80.94,3
2016-07-25_21:39:30.00,1130.0,-87.97,-85.23,2
2016-07-25_21:39:30.00,1132.0,-83.76,-79.67,3
2016-07-25_21:39:30.00,1134.0,-82.97,-82.52,2
2016-07-25_21:39:30.00,1136.0,-86.34,-80.66,3
2016-07-25_21:39:30.00,1138.0,-81.54,-84.45,2
2016-07-25_21:39:30.00,1140.0,-84.18,-85.9,2
2016-07-25_21:39:30.00,1142.0,-83.75,-84.73,2
2016-07-25_21:39:30.00,1144.0,-85.47,-83.05,2
2016-07-25_21:39:30.00,1146.0,-88.27,-81.07,3
2016-07-25_21:39:30.00,1148.0,-85.51,-85.47,2
2016-07-25_21:39:30.00,1150.0,-85.55,-87.34,2
2016-07-25_21:39:30.00,1152.0,-84.27,-85.04,2
2016-07-25_21:39:30.00,1154.0,-87.03,-86.73,2
2016-07-25_21:39:30.00,1156.0,-86.84,-84.56,2
2016-07-25_21:39:30.00,1158.0,-87.23,-83.31,3
2016-07-25_21:39:30.00,1160.0,-85.02,-83.51,2
2016-07-25_21:39:30.00,1162.0,-86.72,-84.6,2
2016-07-25_21:39:30.00,1164.0,-84.22,-85.49,2
2016-07-25_21:39:30.00,1166.0,-85.86,-84.4,2
2016-07-25_21:39:30.00,1168.0,-88.93,-85.19,3
2016-07-25_21:39:30.00,1170.0,-84.61,-86.73,2
2016-07-25_21:39:30.00,1172.0,-86.5,-85.05,2
2016-07-25_21:39:30.00,1174.0,-86.88,-83.29,3
2016-07-25_21:39:30.00,1176.0,-86.49,-86.42,2
2016-07-25_21:39:30.00,1178.0,-85.25,-87.59,2
2016-07-25_21:39:30.00,1180.0,-88.72,-86.12,2
2016-07-25_21:39:30.00,1182.0,-86.67,-85.1,2
2016-07-25_21:39:30.00,1184.0,-87.87,-83.5,3
2016-07-25_21:39:30.00,1186.0,-85.88,-87.26,2
2016-07-25_21:39:30.00,1188.0,-85.56,-84.14,2
2016-07-25_21:39:30.00,1190.0,-86.8,-85.62,2
2016-07-25_21:39:40.00,1114.0,-82.08,-82.2,2
2016-07-25_21:39:40.00,1116.0,-86.74,-85.6,2
2016-07-25_21:39:40.00,1118.0,-80.93,-86.13,1
2016-07-25_21:39:40.00,1120.0,-85.17,-87.68,2
2016-07-25_21:39:40.00,1122.0,-87.44,-83.25,3
2016-07-25_21:39:40.00,1124.0,-84.08,-80.47,3
2016-07-25_21:39:40.00,1126.0,-85.98,-82.71,3
2016-07-25_21:39:40.00,1128.0,-86.94,-82.15,3
2016-07-25_21:39:40.00,1130.0,-85.5,-80.98,3
2016-07-25_21:39:40.00,1132.0,-89.02,-81.95,3
2016-07-25_21:39:40.00,1134.0,-87.66,-85.26,2
2016-07-25_21:39:40.00,1136.0,-88.41,-82.14,3
2016-07-25_21:39:40.00,1138.0,-86.03,-81.16,3
2016-07-25_21:39:40.00,1140.0,-85.15,-81.27,3
2016-07-25_21:39:40.00,1142.0,-86.3,-86.94,2
2016-07-25_21:39:40.00,1144.0,-84.4,-91.05,1
2016-07-25_21:39:40.00,1146.0,-86.01,-85.06,2
2016-07-25_21:39:40.00,1148.0,-86.08,-85.49,2
2016-07-25_21:39:40.00,1150.0,-84.76,-84.89,2
2016-07-25_21:39:40.00,1152.0,-88.59,-85.01,3
2016-07-25_21:39:40.00,1154.0,-86.68,-84.1,2
2016-07-25_21:39:40.00,1156.0,-87.13,-83.47,3
2016-07-25_21:39:40.00,1158.0,-88.44,-86.46,2
2016-07-25_21:39:40.00,1160.0,-85.22,-85.91,2
2016-07-25_21:39:40.00,1162.0,-86.65,-82.95,3
2016-07-25_21:39:40.00,1164.0,-85.63,-83.43,2
2016-07-25_21:39:40.00,1166.0,-85.33,-89.14,1
2016-07-25_21:39:40.00,1168.0,-86.91,-85.19,2
2016-07-25_21:39:40.00,1170.0,-83.88,-86.96,1
2016-07-25_21:39:40.00,1172.0,-86.56,-83.7,2
2016-07-25_21:39:40.00,1174.0,-84.16,-87.93,1
2016-07-25_21:39:40.00,1176.0,-85.6,-86.91,2
2016-07-25_21:39:40.00,1178.0,-84.53,-84.73,2
2016-07-25_21:39:40.00,1180.0,-87.29,-90.08,2
2016-07-25_21:39:50.00,1078.0,-81.95,-83.09,2
2016-07-25_21:39:50.00,1080.0,-87.68,-82.59,3
2016-07-25_21:39:50.00,1082.0,-84.78,-84.87,2
2016-07-25_21:39:50.00,1084.0,-82.68,-80.97,2
2016-07-25_21:39:50.00,1086.0,-82.31,-86.12,1
2016-07-25_21:39:50.00,1088.0,-83.14,-77.45,3
2016-07-25_21:39:50.00,1090.0,-81.66,-83.58,2
2016-07-25_21:39:50.00,1092.0,-79.22,-84.61,1
2016-07-25_21:39:50.00,1094.0,-85.95,-80.37,3
2016-07-25_21:39:50.00,1096.0,-83.12,-79.99,3
2016-07-25_21:39:50.00,1098.0,-84.38,-82.88,2
2016-07-25_21:39:50.00,1100.0,-84.63,-86.4,2
2016-07-25_21:39:50.00,1102.0,-84.87,-83.68,2
2016-07-25_21:39:50.00,1104.0,-86.1,-83.5,2
2016-07-25_21:39:50.00,1106.0,-83.93,-85.6,2
2016-07-25_21:39:50.00,1108.0,-82.68,-81.41,2
2016-07-25_21:39:50.00,1110.0,-83.09,-81.03,2
2016-07-25_21:39:50.00,1112.0,-83.27,-79.05,3
2016-07-25_21:39:50.00,1114.0,-80.77,-82.74,2
2016-07-25_21:39:50.00,1116.0,-83.53,-83.45,2
2016-07-25_21:39:50.00,1118.0,-86.16,-81.89,3
2016-07-25_21:39:50.00,1120.0,-83.51,-82.24,2
2016-07-25_21:39:50.00,1122.0,-83.76,-83.73,2
2016-07-25_21:39:50.00,1124.0,-84.57,-82.42,2
2016-07-25_21:39:50.00,1126.0,-85.79,-86.76,2
2016-07-25_21:39:50.00,1128.0,-84.33,-82.19,2
2016-07-25_21:39:50.00,1130.0,-84.81,-82.23,2
2016-07-25_21:39:50.00,1132.0,-82.99,-84.57,2
2016-07-25_21:39:50.00,1134.0,-86.32,-83.79,2
2016-07-25_21:39:50.00,1136.0,-83.93,-86.05,2
2016-07-25_21:39:50.00,1138.0,-87.3,-85.89,2
2016-07-25_21:39:50.00,1140.0,-87.81,-84.37,3
2016-07-25_21:39:50.00,1142.0,-86.44,-82.91,3
2016-07-25_21:39:50.00,1144.0,-85.61,-86.6,2
2016-07-25_21:39:50.00,1146.0,-87.35,-87.97,2
2016-07-25_21:39:50.00,1148.0,-85.84,-83.45,2
2016-07-25_21:39:50.00,1150.0,-88.74,-88.01,2
2016-07-25_21:40:00.00,1068.0,-81.06,-84.69,1
2016-07-25_21:40:00.00,1070.0,-81.78,-86.4,1
2016-07-25_21:40:00.00,1072.0,-83.03,-85.73,2
2016-07-25_21:40:00.00,1074.0,-85.2,-85.6,2
2016-07-25_21:40:00.00,1076.0,-84.59,-81.92,2
2016-07-25_21:40:00.00,1078.0,-86.44,-84.36,2
2016-07-25_21:40:00.00,1080.0,-84.6,-88.06,1
2016-07-25_21:40:00.00,1082.0,-85.46,-83.71,2
2016-07-25_21:40:00.00,1084.0,-83.23,-83.54,2
2016-07-25_21:40:00.00,1086.0,-84.35,-84.28,2
2016-07-25_21:40:00.00,1088.0,-82.13,-86.15,1
2016-07-25_21:40:00.00,1090.0,-81.09,-84.04,2
2016-07-25_21:40:00.00,1092.0,-81.93,-82.69,2
2016-07-25_21:40:00.00,1094.0,-81.39,-82.88,2
2016-07-25_21:40:00.00,1096.0,-83.58,-84.4,2
2016-07-25_21:40:00.00,1098.0,-86.83,-83.49,3
2016-07-25_21:40:00.00,1100.0,-82.1,-83.71,2
2016-07-25_21:40:00.00,1102.0,-84.77,-84.05,2
2016-07-25_21:40:00.00,1104.0,-84.74,-82.92,2
2016-07-25_21:40:00.00,1106.0,-79.75,-81.66,2
2016-07-25_21:40:00.00,1108.0,-84.61,-84.74,2
2016-07-25_21:40:00.00,1110.0,-85.62,-81.42,3
2016-07-25_21:40:00.00,1112.0,-83.17,-83.43,2
2016-07-25_21:40:00.00,1114.0,-84.96,-85.14,2
2016-07-25_21:40:00.00,1116.0,-84.26,-80.53,3
2016-07-25_21:40:00.00,1118.0,-84.13,-85.11,2
2016-07-25_21:40:00.00,1120.0,-84.44,-83.98,2
2016-07-25_21:40:00.00,1122.0,-83.36,-83.65,2
2016-07-25_21:40:00.00,1124.0,-85.76,-83.21,2
2016-07-25_21:40:00.00,1126.0,-84.64,-84.56,2
2016-07-25_21:40:00.00,1128.0,-87.66,-84.83,2
2016-07-25_21:40:00.00,1130.0,-84.13,-85.27,2
2016-07-25_21:40:00.00,1132.0,-85.65,-82.78,2
2016-07-25_21:40:00.00,1134.0,-84.81,-83.28,2
2016-07-25_21:40:00.00,1136.0,-87.4,-85.36,2
2016-07-25_21:40:00.00,1138.0,-85.21,-83.69,2
2016-07-25_21:40:00.00,1140.0,-87.0,-84.37,2
2016-07-25_21:40:10.00,1042.0,-82.51,-87.16,1
2016-07-25_21:40:10.00,1044.0,-83.3,-83.46,2
2016-07-25_21:40:10.00,1046.0,-80.37,-84.52,1
2016-07-25_21:40:10.00,1048.0,-85.25,-82.01,3
2016-07-25_21:40:10.00,1050.0,-84.77,-83.25,2
2016-07-25_21:40:10.00,1052.0,-79.02,-82.58,1
2016-07-25_21:40:10.00,1054.0,-83.89,-84.33,2
2016-07-25_21:40:10.00,1056.0,-81.46,-84.02,2
2016-07-25_21:40:10.00,1058.0,-81.16,-86.96,1
2016-07-25_21:40:10.00,1060.0,-83.43,-86.75,1
2016-07-25_21:40:10.00,1062.0,-87.47,-84.19,3
2016-07-25_21:40:10.00,1064.0,-84.18,-82.6,2
2016-07-25_21:40:10.00,1066.0,-82.29,-87.69,1
2016-07-25_21:40:10.00,1068.0,-84.41,-85.78,2
2016-07-25_21:40:10.00,1070.0,-78.51,-81.13,2
2016-07-25_21:40:10.00,1072.0,-82.12,-83.1,2
2016-07-25_21:40:10.00,1074.0,-80.84,-83.38,2
2016-07-25_21:40:10.00,1076.0,-86.61,-84.97,2
2016-07-25_21:40:10.00,1078.0,-86.48,-88.35,2
2016-07-25_21:40:10.00,1080.0,-84.67,-85.67,2
2016-07-25_21:40:10.00,1082.0,-87.02,-87.91,2
2016-07-25_21:40:10.00,1084.0,-83.98,-83.22,2
2016-07-25_21:40:10.00,1086.0,-84.51,-84.82,2
2016-07-25_21:40:10.00,1088.0,-86.13,-85.74,2
2016-07-25_21:40:10.00,1090.0,-85.63,-87.27,2
2016-07-25_21:40:10.00,1092.0,-84.34,-81.47,2
2016-07-25_21:40:10.00,1094.0,-86.49,-81.85,3
2016-07-25_21:40:10.00,1096.0,-84.36,-83.67,2
2016-07-25_21:40:10.00,1098.0,-83.11,-85.51,2
2016-07-25_21:40:10.00,1100.0,-89.28,-85.49,3
2016-07-25_21:40:10.00,1102.0,-84.82,-86.38,2
2016-07-25_21:40:10.00,1104.0,-86.21,-82.24,3
2016-07-25_21:40:10.00,1106.0,-83.1,-84.4,2
2016-07-25_21:40:10.00,1108.0,-85.78,-82.4,3
2016-07-25_21:40:10.00,1110.0,-87.82,-83.01,3
2016-07-25_21:40:10.00,1112.0,-84.8,-85.24,2
2016-07-25_21:40:10.00,1114.0,-85.47,-83.92,2
2016-07-25_21:40:10.00,1116.0,-85.6,-81.55,3
2016-07-25_21:40:20.00,1024.0,-82.43,-86.48,1
2016-07-25_21:40:20.00,1026.0,-80.46,-84.82,1
2016-07-25_21:40:20.00,1028.0,-84.7,-87.32,2
2016-07-25_21:40:20.00,1030.0,-80.91,-85.12,1
2016-07-25_21:40:20.00,1032.0,-79.42,-86.19,1
2016-07-25_21:40:20.00,1034.0,-85.77,-84.06,2
2016-07-25_21:40:20.00,1036.0,-86.84,-85.85,2
2016-07-25_21:40:20.00,1038.0,-87.81,-87.86,2
2016-07-25_21:40:20.00,1040.0,-82.1,-87.36,1
2016-07-25_21:40:20.00,1042.0,-83.55,-84.58,2
2016-07-25_21:40:20.00,1044.0,-79.59,-89.74,1
2016-07-25_21:40:20.00,1046.0,-84.24,-84.1,2
2016-07-25_21:40:20.00,1048.0,-85.17,-83.03,2
2016-07-25_21:40:20.00,1050.0,-82.39,-85.73,1
2016-07-25_21:40:20.00,1052.0,-88.33,-85.47,2
2016-07-25_21:40:20.00,1054.0,-85.59,-85.57,2
2016-07-25_21:40:20.00,1056.0,-85.8,-88.43,2
2016-07-25_21:40:20.00,1058.0,-82.99,-89.61,1
2016-07-25_21:40:20.00,1060.0,-83.8,-89.08,1
2016-07-25_21:40:20.00,1062.0,-86.22,-89.8,1
2016-07-25_21:40:20.00,1064.0,-81.56,-83.75,2
2016-07-25_21:40:20.00,1066.0,-82.28,-81.88,2
2016-07-25_21:40:20.00,1068.0,-86.67,-84.71,2
2016-07-25_21:40:20.00,1070.0,-82.13,-85.36,1
2016-07-25_21:40:20.00,1072.0,-82.94,-85.25,2
2016-07-25_21:40:20.00,1074.0,-83.68,-84.11,2
2016-07-25_21:40:20.00,1076.0,-86.17,-81.77,3
2016-07-25_21:40:20.00,1078.0,-85.47,-84.33,2
2016-07-25_21:40:20.00,1080.0,-86.29,-85.57,2
2016-07-25_21:40:20.00,1082.0,-83.8,-83.17,2
2016-07-25_21:40:20.00,1084.0,-87.92,-85.73,2
2016-07-25_21:40:20.00,1086.0,-83.86,-84.62,2
2016-07-25_21:40:20.00,1088.0,-84.66,-86.0,2
2016-07-25_21:40:20.00,1090.0,-84.03,-86.03,2
2016-07-25_21:40:20.00,1092.0,-83.24,-87.09,1
2016-07-25_21:40:20.00,1094.0,-85.1,-85.55,2
2016-07-25_21:40:30.00,922.0,-78.58,-83.11,1
2016-07-25_21:40:30.00,924.0,-83.38,-84.85,2
2016-07-25_21:40:30.00,926.0,-81.86,-84.9,1
2016-07-25_21:40:30.00,928.0,-81.28,-85.43,1
2016-07-25_21:40:30.00,930.0,-81.02,-81.88,2
2016-07-25_21:40:30.00,932.0,-79.31,-84.01,1
2016-07-25_21:40:30.00,934.0,-79.87,-88.53,1
2016-07-25_21:40:30.00,936.0,-80.71,-90.23,1
2016-07-25_21:40:30.00,938.0,-80.4,-86.17,1
2016-07-25_21:40:30.00,940.0,-77.95,-82.72,1
2016-07-25_21:40:30.00,942.0,-78.84,-83.34,1
2016-07-25_21:40:30.00,944.0,-78.23,-90.2,1
2016-07-25_21:40:30.00,946.0,-81.75,-84.48,2
2016-07-25_21:40:30.00,948.0,-74.29,-81.71,1
2016-07-25_21:40:30.00,950.0,-78.66,-82.49,1
2016-07-25_21:40:30.00,952.0,-80.67,-85.77,1
2016-07-25_21:40:30.00,954.0,-77.0,-80.1,1
2016-07-25_21:40:30.00,956.0,-82.54,-82.8,2
2016-07-25_21:40:30.00,958.0,-83.61,-81.77,2
2016-07-25_21:40:30.00,960.0,-77.91,-85.37,1
2016-07-25_21:40:30.00,962.0,-78.62,-85.85,1
2016-07-25_21:40:30.00,964.0,-81.91,-84.45,2
2016-07-25_21:40:30.00,966.0,-78.51,-85.45,1
2016-07-25_21:40:30.00,968.0,-77.14,-85.65,1
2016-07-25_21:40:30.00,970.0,-80.25,-84.01,1
2016-07-25_21:40:30.00,972.0,-84.35,-84.68,2
2016-07-25_21:40:30.00,974.0,-82.1,-79.55,2
2016-07-25_21:40:30.00,976.0,-78.19,-83.92,1
2016-07-25_21:40:30.00,978.0,-83.26,-86.39,1
2016-07-25_21:40:30.00,980.0,-80.15,-82.99,2
2016-07-25_21:40:30.00,982.0,-83.92,-83.59,2
2016-07-25_21:40:40.00,922.0,-78.6,-85.08,1
2016-07-25_21:40:40.00,924.0,-78.8,-85.3,1
2016-07-25_21:40:40.00,926.0,-80.02,-88.04,1
2016-07-25_21:40:40.00,928.0,-78.19,-84.58,1
2016-07-25_21:40:40.00,930.0,-79.26,-82.98,1
2016-07-25_21:40:40.00,932.0,-82.29,-87.4,1
2016-07-25_21:40:40.00,934.0,-77.15,-88.16,1
2016-07-25_21:40:40.00,936.0,-78.44,-85.8,1
2016-07-25_21:40:40.00,938.0,-78.93,-85.37,1
2016-07-25_21:40:40.00,940.0,-77.6,-85.2,1
2016-07-25_21:40:40.00,942.0,-80.33,-84.64,1
2016-07-25_21:40:40.00,944.0,-80.67,-80.06,2
2016-07-25_21:40:40.00,946.0,-81.73,-82.61,2
2016-07-25_21:40:40.00,948.0,-77.98,-82.71,1
2016-07-25_21:40:40.00,950.0,-78.34,-82.25,1
2016-07-25_21:40:40.00,952.0,-78.3,-83.75,1
2016-07-25_21:40:40.00,954.0,-78.02,-82.61,1
2016-07-25_21:40:40.00,956.0,-79.13,-81.43,2
2016-07-25_21:40:40.00,958.0,-79.45,-83.49,1
2016-07-25_21:40:40.00,960.0,-81.08,-86.15,1
2016-07-25_21:40:40.00,962.0,-82.24,-85.77,1
2016-07-25_21:40:40.00,964.0,-84.25,-84.05,2
2016-07-25_21:40:40.00,966.0,-82.77,-83.82,2
2016-07-25_21:40:40.00,968.0,-80.99,-82.88,2
2016-07-25_21:40:40.00,970.0,-79.31,-85.99,1
2016-07-25_21:40:40.00,972.0,-81.5,-82.11,2
2016-07-25_21:40:40.00,974.0,-78.13,-84.62,1
2016-07-25_21:40:40.00,976.0,-83.41,-87.81,1
2016-07-25_21:40:40.00,978.0,-80.06,-85.82,1
2016-07-25_21:40:40.00,980.0,-80.52,-85.5,1
2016-07-25_21:40:40.00,982.0,-83.29,-85.49,2
2016-07-25_21:40:50.00,900.0,-79.47,-83.47,1
2016-07-25_21:40:50.00,902.0,-76.48,-86.29,1
2016-07-25_21:40:50.00,904.0,-82.23,-84.64,2
2016-07-25_21:40:50.00,906.0,-78.6,-84.46,1
2016-07-25_21:40:50.00,908.0,-77.27,-88.63,1
2016-07-25_21:40:50.00,910.0,-81.37,-84.49,1
2016-07-25_21:40:50.00,912.0,-80.53,-82.96,2
2016-07-25_21:40:50.00,914.0,-83.75,-85.16,2
2016-07-25_21:40:50.00,916.0,-81.37,-87.71,1
2016-07-25_21:40:50.00,918.0,-76.49,-88.7,1
2016-07-25_21:40:50.00,920.0,-79.1,-82.75,1
2016-07-25_21:40:50.00,922.0,-79.37,-84.11,1
2016-07-25_21:40:50.00,924.0,-76.49,-86.02,1
2016-07-25_21:40:50.00,926.0,-77.99,-86.47,1
2016-07-25_21:40:50.00,928.0,-78.89,-80.64,2
2016-07-25_21:40:50.00,930.0,-81.66,-83.62,2
2016-07-25_21:40:50.00,932.0,-77.83,-83.18,1
2016-07-25_21:40:50.00,934.0,-76.07,-83.66,1
2016-07-25_21:40:50.00,936.0,-81.12,-84.88,1
2016-07-25_21:40:50.00,938.0,-78.44,-82.19,1
2016-07-25_21:40:50.00,940.0,-77.68,-81.55,1
2016-07-25_21:40:50.00,942.0,-76.27,-83.12,1
2016-07-25_21:40:50.00,944.0,-78.88,-83.13,1
2016-07-25_21:40:50.00,946.0,-82.72,-83.94,2
2016-07-25_21:40:50.00,948.0,-80.8,-82.39,2
2016-07-25_21:40:50.00,950.0,-76.8,-84.53,1
2016-07-25_21:40:50.00,952.0,-76.47,-80.8,1
2016-07-25_21:40:50.00,954.0,-82.52,-84.26,2
2016-07-25_21:40:50.00,956.0,-83.94,-85.61,2
2016-07-25_21:40:50.00,958.0,-79.42,-84.49,1
2016-07-25_21:40:50.00,960.0,-82.63,-84.57,2
2016-07-25_21:41:00.00,884.0,-77.36,-85.82,1
2016-07-25_21:41:00.00,886.0,-79.63,-86.49,1
2016-07-25_21:41:00.00,888.0,-82.58,-84.53,2
2016-07-25_21:41:00.00,890.0,-80.46,-80.87,2
2016-07-25_21:41:00.00,892.0,-79.26,-87.37,1
2016-07-25_21:41:00.00,894.0,-80.24,-84.91,1
2016-07-25_21:41:00.00,896.0,-83.91,-82.73,2
2016-07-25_21:41:00.00,898.0,-82.96,-86.25,1
2016-07-25_21:41:00.00,900.0,-81.58,-85.48,1
2016-07-25_21:41:00.00,902.0,-76.62,-83.7,1
2016-07-25_21:41:00.00,904.0,-78.68,-82.57,1
2016-07-25_21:41:00.00,906.0,-81.89,-81.77,2
2016-07-25_21:41:00.00,908.0,-80.92,-87.01,1
2016-07-25_21:41:00.00,910.0,-77.27,-82.16,1
2016-07-25_21:41:00.00,912.0,-82.33,-84.22,2
2016-07-25_21:41:00.00,914.0,-84.38,-86.09,2
2016-07-25_21:41:00.00,916.0,-81.35,-87.57,1
2016-07-25_21:41:00.00,918.0,-83.85,-86.13,2
2016-07-25_21:41:00.00,920.0,-80.86,-84.64,1
2016-07-25_21:41:00.00,922.0,-84.3,-87.75,1
2016-07-25_21:41:00.00,924.0,-83.87,-82.07,2
2016-07-25_21:41:00.00,926.0,-80.38,-86.18,1
2016-07-25_21:41:00.00,928.0,-76.87,-82.55,1
2016-07-25_21:41:00.00,930.0,-77.11,-80.59,1
2016-07-25_21:41:00.00,932.0,-80.14,-80.14,2
2016-07-25_21:41:00.00,934.0,-80.37,-82.03,2
2016-07-25_21:41:00.00,936.0,-76.68,-85.43,1
2016-07-25_21:41:00.00,938.0,-85.59,-87.47,2
2016-07-25_21:41:00.00,940.0,-79.85,-85.68,1
2016-07-25_21:41:00.00,942.0,-82.53,-83.02,2
2016-07-25_21:41:00.00,944.0,-81.64,-81.7,2
2016-07-25_21:41:10.00,872.0,-83.81,-85.4,2
2016-07-25_21:41:10.00,874.0,-81.87,-82.34,2
2016-07-25_21:41:10.00,876.0,-79.73,-85.92,1
2016-07-25_21:41:10.00,878.0,-81.08,-88.57,1
2016-07-25_21:41:10.00,880.0,-78.15,-87.29,1
2016-07-25_21:41:10.00,882.0,-78.52,-86.76,1
2016-07-25_21:41:10.00,884.0,-79.86,-85.76,1
2016-07-25_21:41:10.00,886.0,-81.83,-89.66,1
2016-07-25_21:41:10.00,888.0,-80.43,-81.41,2
2016-07-25_21:41:10.00,890.0,-81.56,-87.88,1
2016-07-25_21:41:10.00,892.0,-75.48,-82.62,1
2016-07-25_21:41:10.00,894.0,-79.0,-82.3,1
2016-07-25_21:41:10.00,896.0,-80.04,-88.84,1
2016-07-25_21:41:10.00,898.0,-81.29,-84.53,1
2016-07-25_21:41:10.00,900.0,-80.3,-84.38,1
2016-07-25_21:41:10.00,902.0,-80.05,-81.07,2
2016-07-25_21:41:10.00,904.0,-80.25,-91.07,1
2016-07-25_21:41:10.00,906.0,-83.55,-78.39,3
2016-07-25_21:41:10.00,908.0,-83.43,-86.92,1
2016-07-25_21:41:10.00,910.0,-77.99,-83.94,1
2016-07-25_21:41:10.00,912.0,-85.4,-83.58,2
2016-07-25_21:41:10.00,914.0,-79.45,-82.35,2
2016-07-25_21:41:10.00,916.0,-81.44,-87.33,1
2016-07-25_21:41:10.00,918.0,-85.03,-88.72,1
2016-07-25_21:41:10.00,920.0,-78.43,-83.93,1
2016-07-25_21:41:10.00,922.0,-82.27,-86.6,1
2016-07-25_21:41:10.00,924.0,-80.9,-81.94,2
2016-07-25_21:41:10.00,926.0,-77.72,-85.82,1
2016-07-25_21:41:10.00,928.0,-81.87,-84.81,2
2016-07-25_21:41:10.00,930.0,-84.27,-82.07,2
2016-07-25_21:41:10.00,932.0,-79.28,-83.51,1
2016-07-25_21:41:20.00,880.0,-77.53,-85.44,1
2016-07-25_21:41:20.00,882.0,-80.32,-84.74,1
2016-07-25_21:41:20.00,884.0,-82.38,-85.08,2
2016-07-25_21:41:20.00,886.0,-79.86,-87.04,1
2016-07-25_21:41:20.00,888.0,-77.89,-88.15,1
2016-07-25_21:41:20.00,890.0,-78.99,-86.46,1
2016-07-25_21:41:20.00,892.0,-77.09,-83.41,1
2016-07-25_21:41:20.00,894.0,-76.04,-83.26,1
2016-07-25_21:41:20.00,896.0,-79.24,-84.71,1
2016-07-25_21:41:20.00,898.0,-79.71,-84.87,1
2016-07-25_21:41:20.00,900.0,-79.17,-84.82,1
2016-07-25_21:41:20.00,902.0,-79.89,-86.19,1
2016-07-25_21:41:20.00,904.0,-77.93,-83.54,1
2016-07-25_21:41:20.00,906.0,-81.07,-84.78,1
2016-07-25_21:41:20.00,908.0,-77.35,-85.68,1
2016-07-25_21:41:20.00,910.0,-78.09,-88.28,1
2016-07-25_21:41:20.00,912.0,-80.21,-83.13,2
2016-07-25_21:41:20.00,914.0,-80.0,-85.25,1
2016-07-25_21:41:20.00,916.0,-82.59,-83.05,2
2016-07-25_21:41:20.00,918.0,-79.11,-83.7,1
2016-07-25_21:41:20.00,920.0,-77.7,-84.86,1
2016-07-25_21:41:20.00,922.0,-80.07,-83.95,1
2016-07-25_21:41:20.00,924.0,-77.34,-84.88,1
2016-07-25_21:41:20.00,926.0,-80.46,-84.21,1
2016-07-25_21:41:20.00,928.0,-80.86,-83.23,2
2016-07-25_21:41:20.00,930.0,-78.83,-83.43,1
2016-07-25_21:41:20.00,932.0,-79.86,-81.9,2
2016-07-25_21:41:20.00,934.0,-78.47,-83.76,1
2016-07-25_21:41:20.00,936.0,-81.91,-82.45,2
2016-07-25_21:41:20.00,938.0,-84.45,-82.05,2
2016-07-25_21:41:20.00,940.0,-82.46,-85.75,1
2016-07-25_21:41:20.00,942.0,-78.7,-79.17,2
2016-07-25_21:41:20.00,944.0,-82.82,-84.5,2
2016-07-25_21:41:30.00,880.0,-79.08,-86.73,1
2016-07-25_21:41:30.00,882.0,-77.03,-83.41,1
2016-07-25_21:41:30.00,884.0,-77.52,-85.1,1
2016-07-25_21:41:30.00,886.0,-82.12,-83.56,2
2016-07-25_21:41:30.00,888.0,-76.31,-81.82,1
2016-07-25_21:41:30.00,890.0,-81.16,-85.09,1
2016-07-25_21:41:30.00,892.0,-82.89,-86.97,1
2016-07-25_21:41:30.00,894.0,-77.41,-84.12,1
2016-07-25_21:41:30.00,896.0,-78.88,-80.27,2
2016-07-25_21:41:30.00,898.0,-81.96,-82.81,2
2016-07-25_21:41:30.00,900.0,-76.65,-85.68,1
2016-07-25_21:41:30.00,902.0,-78.35,-82.24,1
2016-07-25_21:41:30.00,904.0,-83.59,-86.25,2
2016-07-25_21:41:30.00,906.0,-78.8,-86.19,1
2016-07-25_21:41:30.00,908.0,-79.05,-83.43,1
2016-07-25_21:41:30.00,910.0,-80.48,-85.5,1
2016-07-25_21:41:30.00,912.0,-81.41,-88.89,1
2016-07-25_21:41:30.00,914.0,-78.31,-91.41,1
2016-07-25_21:41:30.00,916.0,-80.48,-86.34,1
2016-07-25_21:41:30.00,918.0,-79.82,-84.03,1
2016-07-25_21:41:30.00,920.0,-86.13,-82.86,3
2016-07-25_21:41:30.00,922.0,-80.29,-84.27,1
2016-07-25_21:41:30.00,924.0,-80.76,-85.05,1
2016-07-25_21:41:30.00,926.0,-81.23,-84.27,1
2016-07-25_21:41:30.00,928.0,-77.08,-84.56,1
2016-07-25_21:41:30.00,930.0,-79.98,-87.43,1
2016-07-25_21:41:30.00,932.0,-79.94,-87.3,1
2016-07-25_21:41:30.00,934.0,-78.34,-82.4,1
2016-07-25_21:41:30.00,936.0,-79.32,-88.46,1
2016-07-25_21:41:30.00,938.0,-80.3,-84.19,1
2016-07-25_21:41:30.00,940.0,-81.57,-83.43,2
2016-07-25_21:41:30.00,942.0,-83.55,-83.09,2
2016-07-25_21:41:30.00,944.0,-81.05,-82.76,2
2016-07-25_21:41:30.00,946.0,-78.7,-84.59,1
2016-07-25_21:41:30.00,948.0,-82.2,-86.56,1
2016-07-25_21:41:30.00,950.0,-84.59,-85.95,2
2016-07-25_21:41:30.00,952.0,-82.59,-90.26,1
2016-07-25_21:41:30.00,954.0,-77.64,-84.79,1
2016-07-25_21:41:30.00,956.0,-79.85,-87.02,1
2016-07-25_21:41:40.00,864.0,-76.85,-85.45,1
2016-07-25_21:41:40.00,866.0,-80.44,-83.12,2
2016-07-25_21:41:40.00,868.0,-78.06,-84.52,1
2016-07-25_21:41:40.00,870.0,-76.97,-87.74,1
2016-07-25_21:41:40.00,872.0,-80.56,-88.64,1
2016-07-25_21:41:40.00,874.0,-76.04,-82.77,1
2016-07-25_21:41:40.00,876.0,-78.3,-88.02,1
2016-07-25_21:41:40.00,878.0,-81.46,-84.03,2
2016-07-25_21:41:40.00,880.0,-80.66,-83.51,2
2016-07-25_21:41:40.00,882.0,-80.73,-86.47,1
2016-07-25_21:41:40.00,884.0,-83.22,-87.78,1
2016-07-25_21:41:40.00,886.0,-82.14,-84.31,2
2016-07-25_21:41:40.00,888.0,-86.26,-84.15,2
2016-07-25_21:41:40.00,890.0,-86.25,-85.84,2
2016-07-25_21:41:40.00,892.0,-77.33,-83.5,1
2016-07-25_21:41:40.00,894.0,-80.24,-87.44,1
2016-07-25_21:41:40.00,896.0,-75.06,-85.88,1
2016-07-25_21:41:40.00,898.0,-80.3,-90.12,1
2016-07-25_21:41:40.00,900.0,-82.24,-81.77,2
2016-07-25_21:41:40.00,902.0,-79.73,-86.6,1
2016-07-25_21:41:40.00,904.0,-77.79,-86.88,1
2016-07-25_21:41:40.00,906.0,-77.15,-85.83,1
2016-07-25_21:41:40.00,908.0,-81.28,-87.15,1
2016-07-25_21:41:40.00,910.0,-80.17,-85.33,1
2016-07-25_21:41:40.00,912.0,-81.32,-87.6,1
2016-07-25_21:41:40.00,914.0,-80.77,-86.24,1
2016-07-25_21:41:40.00,916.0,-82.5,-83.56,2
2016-07-25_21:41:40.00,918.0,-86.48,-89.69,1
2016-07-25_21:41:40.00,920.0,-82.76,-85.33,2
2016-07-25_21:41:40.00,922.0,-78.46,-81.9,1
2016-07-25_21:41:40.00,924.0,-83.9,-84.7,2
2016-07-25_21:41:40.00,926.0,-78.15,-83.93,1
2016-07-25_21:41:40.00,928.0,-79.3,-83.99,1
2016-07-25_21:41:40.00,930.0,-79.75,-83.69,1
2016-07-25_21:41:40.00,932.0,-81.9,-83.04,2
2016-07-25_21:41:40.00,934.0,-79.83,-85.56,1
2016-07-25_21:41:40.00,936.0,-79.54,-89.55,1
2016-07-25_21:41:40.00,938.0,-81.52,-85.93,1
2016-07-25_21:41:40.00,940.0,-82.77,-80.12,2
2016-07-25_21:41:50.00,846.0,-82.3,-77.78,3
2016-07-25_21:41:50.00,848.0,-80.4,-85.9,1
2016-07-25_21:41:50.00,850.0,-75.68,-92.41,1
2016-07-25_21:41:50.00,852.0,-84.01,-80.84,3
2016-07-25_21:41:50.00,854.0,-78.55,-83.54,1
2016-07-25_21:41:50.00,856.0,-83.36,-85.85,2
2016-07-25_21:41:50.00,858.0,-76.1,-83.37,1
2016-07-25_21:41:50.00,860.0,-84.06,-84.5,2
2016-07-25_21:41:50.00,862.0,-81.68,-84.29,2
2016-07-25_21:41:50.00,864.0,-80.82,-85.28,1
2016-07-25_21:41:50.00,866.0,-80.54,-84.48,1
2016-07-25_21:41:50.00,868.0,-73.79,-85.77,1
2016-07-25_21:41:50.00,870.0,-81.04,-87.05,1
2016-07-25_21:41:50.00,872.0,-78.45,-82.97,1
2016-07-25_21:41:50.00,874.0,-80.27,-83.19,2
2016-07-25_21:41:50.00,876.0,-79.2,-83.84,1
2016-07-25_21:41:50.00,878.0,-82.32,-84.15,2
2016-07-25_21:41:50.00,880.0,-79.36,-85.58,1
2016-07-25_21:41:50.00,882.0,-79.5,-86.7,1
2016-07-25_21:41:50.00,884.0,-84.22,-82.65,2
2016-07-25_21:41:50.00,886.0,-77.72,-83.23,1
2016-07-25_21:41:50.00,888.0,-80.06,-85.32,1
2016-07-25_21:41:50.00,890.0,-81.83,-87.37,1
2016-07-25_21:41:50.00,892.0,-81.11,-85.0,1
2016-07-25_21:41:50.00,894.0,-81.54,-85.4,1
2016-07-25_21:41:50.00,896.0,-83.27,-86.71,1
2016-07-25_21:41:50.00,898.0,-79.82,-89.57,1
2016-07-25_21:41:50.00,900.0,-77.56,-85.92,1
2016-07-25_21:41:50.00,902.0,-79.18,-89.28,1
2016-07-25_21:41:50.00,904.0,-77.44,-85.09,1
2016-07-25_21:41:50.00,906.0,-79.84,-85.65,1
2016-07-25_21:41:50.00,908.0,-80.08,-87.0,1
2016-07-25_21:41:50.00,910.0,-75.51,-82.49,1
2016-07-25_21:41:50.00,912.0,-80.9,-84.95,1
2016-07-25_21:41:50.00,914.0,-83.62,-82.82,2
2016-07-25_21:41:50.00,916.0,-78.86,-82.18,1
2016-07-25_21:41:50.00,918.0,-85.27,-86.22,2
2016-07-25_21:42:00.00,840.0,-77.76,-82.43,1
2016-07-25_21:42:00.00,842.0,-76.05,-83.65,1
2016-07-25_21:42:00.00,844.0,-81.38,-83.03,2
2016-07-25_21:42:00.00,846.0,-77.76,-82.83,1
2016-07-25_21:42:00.00,848.0,-78.6,-83.07,1
2016-07-25_21:42:00.00,850.0,-74.32,-85.65,1
2016-07-25_21:42:00.00,852.0,-77.66,-83.96,1
2016-07-25_21:42:00.00,854.0,-76.55,-88.75,1
2016-07-25_21:42:00.00,856.0,-76.0,-85.33,1
2016-07-25_21:42:00.00,858.0,-80.27,-80.43,2
2016-07-25_21:42:00.00,860.0,-79.18,-86.62,1
2016-07-25_21:42:00.00,862.0,-78.08,-84.19,1
2016-07-25_21:42:00.00,864.0,-79.09,-80.57,2
2016-07-25_21:42:00.00,866.0,-81.17,-83.07,2
2016-07-25_21:42:00.00,868.0,-77.4,-85.81,1
2016-07-25_21:42:00.00,870.0,-76.69,-83.87,1
2016-07-25_21:42:00.00,872.0,-82.61,-84.79,2
2016-07-25_21:42:00.00,874.0,-81.79,-84.67,2
2016-07-25_21:42:00.00,876.0,-80.18,-84.17,1
2016-07-25_21:42:00.00,878.0,-77.44,-82.4,1
2016-07-25_21:42:00.00,880.0,-76.39,-82.61,1
2016-07-25_21:42:00.00,882.0,-82.47,-86.63,1
2016-07-25_21:42:00.00,884.0,-81.0,-85.29,1
2016-07-25_21:42:00.00,886.0,-79.47,-83.9,1
2016-07-25_21:42:00.00,888.0,-79.4,-83.91,1
2016-07-25_21:42:00.00,890.0,-83.03,-85.49,2
2016-07-25_21:42:00.00,892.0,-78.58,-86.85,1
2016-07-25_21:42:00.00,894.0,-83.25,-87.24,1
2016-07-25_21:42:00.00,896.0,-80.65,-86.72,1
2016-07-25_21:42:00.00,898.0,-81.52,-85.04,1
2016-07-25_21:42:00.00,900.0,-79.29,-86.17,1
2016-07-25_21:42:00.00,902.0,-78.55,-88.52,1
2016-07-25_21:42:00.00,904.0,-81.0,-86.11,1
2016-07-25_21:42:00.00,906.0,-81.15,-87.01,1
2016-07-25_21:42:00.00,908.0,-82.77,-86.97,1
2016-07-25_21:42:00.00,910.0,-79.46,-88.09,1
2016-07-25_21:42:10.00,778.0,-82.19,-81.33,2
2016-07-25_21:42:10.00,780.0,-78.41,-80.83,2
2016-07-25_21:42:10.00,782.0,-78.02,-79.65,2
2016-07-25_21:42:10.00,784.0,-81.24,-82.62,2
2016-07-25_21:42:10.00,786.0,-79.23,-81.64,2
2016-07-25_21:42:10.00,788.0,-78.05,-83.85,1
2016-07-25_21:42:10.00,790.0,-79.6,-83.96,1
2016-07-25_21:42:10.00,792.0,-77.36,-76.08,2
2016-07-25_21:42:10.00,794.0,-79.08,-81.01,2
2016-07-25_21:42:10.00,796.0,-79.43,-81.16,2
2016-07-25_21:42:10.00,798.0,-80.11,-78.34,2
2016-07-25_21:42:10.00,800.0,-80.71,-80.49,2
2016-07-25_21:42:10.00,802.0,-79.88,-83.8,1
2016-07-25_21:42:10.00,804.0,-78.15,-81.93,1
2016-07-25_21:42:10.00,806.0,-80.15,-78.81,2
2016-07-25_21:42:10.00,808.0,-79.07,-81.56,2
2016-07-25_21:42:10.00,810.0,-82.49,-86.72,1
2016-07-25_21:42:10.00,812.0,-81.65,-78.02,3
2016-07-25_21:42:10.00,814.0,-76.64,-80.28,1
2016-07-25_21:42:10.00,816.0,-81.74,-78.19,3
2016-07-25_21:42:10.00,818.0,-82.9,-77.89,3
2016-07-25_21:42:10.00,820.0,-80.06,-79.04,2
2016-07-25_21:42:10.00,822.0,-80.99,-78.94,2
2016-07-25_21:42:10.00,824.0,-79.65,-84.76,1
2016-07-25_21:42:10.00,826.0,-74.36,-84.58,1
2016-07-25_21:42:10.00,828.0,-81.14,-82.04,2
2016-07-25_21:42:10.00,830.0,-82.37,-81.97,2
2016-07-25_21:42:10.00,832.0,-80.48,-82.17,2
2016-07-25_21:42:10.00,834.0,-81.48,-80.21,2
2016-07-25_21:42:10.00,836.0,-76.88,-83.04,1
2016-07-25_21:42:10.00,838.0,-74.8,-80.94,1
2016-07-25_21:42:10.00,840.0,-77.33,-80.06,2
2016-07-25_21:42:10.00,842.0,-77.8,-83.69,1
2016-07-25_21:42:10.00,844.0,-80.71,-85.91,1
2016-07-25_21:42:10.00,846.0,-75.94,-88.27,1
2016-07-25_21:42:10.00,848.0,-85.99,-84.74,2
2016-07-25_21:42:10.00,850.0,-78.35,-82.13,1
2016-07-25_21:42:10.00,852.0,-79.42,-86.02,1
2016-07-25_21:42:20.00,744.0,-80.01,-84.01,1
2016-07-25_21:42:20.00,746.0,-78.14,-85.97,1
2016-07-25_21:42:20.00,748.0,-77.13,-84.37,1
2016-07-25_21:42:20.00,750.0,-77.61,-79.22,2
2016-07-25_21:42:20.00,752.0,-79.54,-77.64,2
2016-07-25_21:42:20.00,754.0,-78.3,-83.9,1
2016-07-25_21:42:20.00,756.0,-77.4,-82.25,1
2016-07-25_21:42:20.00,758.0,-77.25,-79.51,2
2016-07-25_21:42:20.00,760.0,-78.5,-80.37,2
2016-07-25_21:42:20.00,762.0,-81.95,-88.78,1
2016-07-25_21:42:20.00,764.0,-79.12,-82.5,1
2016-07-25_21:42:20.00,766.0,-77.51,-85.2,1
2016-07-25_21:42:20.00,768.0,-76.14,-80.4,1
2016-07-25_21:42:20.00,770.0,-77.11,-82.64,1
2016-07-25_21:42:20.00,772.0,-77.15,-81.96,1
2016-07-25_21:42:20.00,774.0,-82.06,-84.03,2
2016-07-25_21:42:20.00,776.0,-77.62,-80.53,2
2016-07-25_21:42:20.00,778.0,-77.2,-81.65,1
2016-07-25_21:42:20.00,780.0,-77.8,-83.93,1
2016-07-25_21:42:20.00,782.0,-79.08,-84.93,1
2016-07-25_21:42:20.00,784.0,-76.97,-82.82,1
2016-07-25_21:42:20.00,786.0,-81.48,-79.93,2
2016-07-25_21:42:20.00,788.0,-80.21,-82.96,2
2016-07-25_21:42:20.00,790.0,-81.01,-83.3,2
2016-07-25_21:42:20.00,792.0,-84.53,-78.31,3
2016-07-25_21:42:20.00,794.0,-81.04,-78.01,3
2016-07-25_21:42:20.00,796.0,-75.99,-80.22,1
2016-07-25_21:42:20.00,798.0,-80.61,-77.61,2
2016-07-25_21:42:20.00,800.0,-84.26,-82.21,2
2016-07-25_21:42:20.00,802.0,-80.81,-78.61,2
2016-07-25_21:42:20.00,804.0,-79.02,-81.82,2
2016-07-25_21:42:20.00,806.0,-80.69,-80.4,2
2016-07-25_21:42:20.00,808.0,-78.34,-82.31,1
2016-07-25_21:42:20.00,810.0,-81.02,-81.83,2
2016-07-25_21:42:20.00,812.0,-76.5,-82.68,1
2016-07-25_21:42:20.00,814.0,-81.8,-83.73,2
2016-07-25_21:42:20.00,816.0,-77.94,-80.87,2
2016-07-25_21:42:20.00,818.0,-80.21,-77.83,2
2016-07-25_21:42:30.00,708.0,-75.95,-79.57,1
2016-07-25_21:42:30.00,710.0,-80.75,-78.41,2
2016-07-25_21:42:30.00,712.0,-73.47,-76.26,2
2016-07-25_21:42:30.00,714.0,-81.09,-76.84,3
2016-07-25_21:42:30.00,716.0,-80.28,-82.07,2
2016-07-25_21:42:30.00,718.0,-71.03,-82.47,1
2016-07-25_21:42:30.00,720.0,-76.27,-82.16,1
2016-07-25_21:42:30.00,722.0,-78.18,-79.83,2
2016-07-25_21:42:30.00,724.0,-83.92,-83.32,2
2016-07-25_21:42:30.00,726.0,-75.21,-82.99,1
2016-07-25_21:42:30.00,728.0,-78.05,-84.66,1
2016-07-25_21:42:30.00,730.0,-82.58,-78.3,3
2016-07-25_21:42:30.00,732.0,-74.19,-77.23,1
2016-07-25_21:42:30.00,734.0,-76.87,-82.07,1
2016-07-25_21:42:30.00,736.0,-77.05,-82.2,1
2016-07-25_21:42:30.00,738.0,-73.14,-81.11,1
2016-07-25_21:42:30.00,740.0,-79.38,-85.55,1
2016-07-25_21:42:30.00,742.0,-75.3,-80.82,1
2016-07-25_21:42:30.00,744.0,-80.02,-86.52,1
2016-07-25_21:42:30.00,746.0,-76.34,-77.98,2
2016-07-25_21:42:30.00,748.0,-75.64,-82.77,1
2016-07-25_21:42:30.00,750.0,-76.55,-80.7,1
2016-07-25_21:42:30.00,752.0,-78.67,-87.57,1
2016-07-25_21:42:30.00,754.0,-78.72,-83.85,1
2016-07-25_21:42:30.00,756.0,-75.21,-83.12,1
2016-07-25_21:42:30.00,758.0,-78.49,-82.46,1
2016-07-25_21:42:30.00,760.0,-77.04,-81.37,1
2016-07-25_21:42:30.00,762.0,-79.34,-83.24,1
2016-07-25_21:42:30.00,764.0,-79.27,-81.83,2
2016-07-25_21:42:30.00,766.0,-77.09,-79.61,2
2016-07-25_21:42:30.00,768.0,-78.32,-82.68,1
2016-07-25_21:42:30.00,770.0,-79.23,-82.12,2
2016-07-25_21:42:30.00,772.0,-79.01,-80.75,2
2016-07-25_21:42:30.00,774.0,-81.1,-79.68,2
2016-07-25_21:42:40.00,684.0,-71.71,-79.97,1
2016-07-25_21:42:40.00,686.0,-72.34,-77.82,1
2016-07-25_21:42:40.00,688.0,-73.04,-80.64,1
2016-07-25_21:42:40.00,690.0,-76.55,-81.05,1
2016-07-25_21:42:40.00,692.0,-78.62,-82.53,1
2016-07-25_21:42:40.00,694.0,-79.87,-82.96,1
2016-07-25_21:42:40.00,696.0,-81.12,-84.8,1
2016-07-25_21:42:40.00,698.0,-76.9,-82.6,1
2016-07-25_21:42:40.00,700.0,-80.94,-81.92,2
2016-07-25_21:42:40.00,702.0,-79.96,-80.92,2
2016-07-25_21:42:40.00,704.0,-78.56,-79.94,2
2016-07-25_21:42:40.00,706.0,-80.04,-82.37,2
2016-07-25_21:42:40.00,708.0,-78.48,-82.71,1
2016-07-25_21:42:40.00,710.0,-77.93,-81.43,1
2016-07-25_21:42:40.00,712.0,-74.22,-81.6,1
2016-07-25_21:42:40.00,714.0,-74.77,-78.64,1
2016-07-25_21:42:40.00,716.0,-76.37,-84.21,1
2016-07-25_21:42:40.00,718.0,-80.34,-81.19,2
2016-07-25_21:42:40.00,720.0,-75.25,-83.34,1
2016-07-25_21:42:40.00,722.0,-75.64,-82.34,1
2016-07-25_21:42:40.00,724.0,-77.86,-84.79,1
2016-07-25_21:42:40.00,726.0,-79.25,-83.27,1
2016-07-25_21:42:40.00,728.0,-79.25,-82.76,1
2016-07-25_21:42:40.00,730.0,-78.17,-83.61,1
2016-07-25_21:42:40.00,732.0,-76.86,-86.66,1
2016-07-25_21:42:40.00,734.0,-78.33,-85.31,1
2016-07-25_21:42:40.00,736.0,-77.09,-80.23,1
2016-07-25_21:42:40.00,738.0,-75.0,-80.49,1
2016-07-25_21:42:40.00,740.0,-78.69,-80.75,2
2016-07-25_21:42:40.00,742.0,-79.27,-86.01,1
2016-07-25_21:42:40.00,744.0,-81.6,-83.81,2
2016-07-25_21:42:40.00,746.0,-78.52,-87.24,1
2016-07-25_21:42:40.00,748.0,-78.16,-84.94,1
2016-07-25_21:42:40.00,750.0,-79.21,-82.31,1
2016-07-25_21:42:50.00,654.0,-84.61,-81.47,3
2016-07-25_21:42:50.00,656.0,-81.11,-76.92,3
2016-07-25_21:42:50.00,658.0,-77.86,-75.41,2
2016-07-25_21:42:50.00,660.0,-79.59,-77.98,2
2016-07-25_21:42:50.00,662.0,-82.42,-80.62,2
2016-07-25_21:42:50.00,664.0,-83.13,-76.65,3
2016-07-25_21:42:50.00,666.0,-75.06,-69.06,3
2016-07-25_21:42:50.00,668.0,-79.97,-74.71,3
2016-07-25_21:42:50.00,670.0,-83.41,-74.06,3
2016-07-25_21:42:50.00,672.0,-74.27,-73.45,2
2016-07-25_21:42:50.00,674.0,-76.47,-74.04,2
2016-07-25_21:42:50.00,676.0,-81.69,-76.32,3
2016-07-25_21:42:50.00,678.0,-78.91,-76.78,2
2016-07-25_21:42:50.00,680.0,-76.49,-79.84,1
2016-07-25_21:42:50.00,682.0,-80.26,-83.15,2
2016-07-25_21:42:50.00,684.0,-79.05,-85.17,1
2016-07-25_21:42:50.00,686.0,-74.86,-78.74,1
2016-07-25_21:42:50.00,688.0,-79.32,-82.29,2
2016-07-25_21:42:50.00,690.0,-81.76,-84.3,2
2016-07-25_21:42:50.00,692.0,-80.84,-85.41,1
2016-07-25_21:42:50.00,694.0,-84.31,-83.03,2
2016-07-25_21:42:50.00,696.0,-80.98,-81.39,2
2016-07-25_21:42:50.00,698.0,-78.93,-79.98,2
2016-07-25_21:42:50.00,700.0,-79.95,-82.39,2
2016-07-25_21:42:50.00,702.0,-78.91,-82.73,1
2016-07-25_21:42:50.00,704.0,-79.28,-85.51,1
2016-07-25_21:42:50.00,706.0,-77.75,-77.65,2
2016-07-25_21:42:50.00,708.0,-80.24,-80.01,2
2016-07-25_21:42:50.00,710.0,-75.01,-85.65,1
2016-07-25_21:42:50.00,712.0,-74.07,-82.17,1
2016-07-25_21:42:50.00,714.0,-77.06,-84.26,1
2016-07-25_21:43:00.00,628.0,-78.67,-79.36,2
2016-07-25_21:43:00.00,630.0,-83.47,-76.69,3
2016-07-25_21:43:00.00,632.0,-79.08,-81.86,2
2016-07-25_21:43:00.00,634.0,-80.3,-80.44,2
2016-07-25_21:43:00.00,636.0,-83.23,-79.18,3
2016-07-25_21:43:00.00,638.0,-74.16,-82.03,1
2016-07-25_21:43:00.00,640.0,-79.84,-86.53,1
2016-07-25_21:43:00.00,642.0,-78.0,-76.2,2
2016-07-25_21:43:00.00,644.0,-85.2,-79.01,3
2016-07-25_21:43:00.00,646.0,-81.63,-83.6,2
2016-07-25_21:43:00.00,648.0,-81.29,-81.03,2
2016-07-25_21:43:00.00,650.0,-84.68,-84.01,2
2016-07-25_21:43:00.00,652.0,-81.35,-80.42,2
2016-07-25_21:43:00.00,654.0,-82.4,-75.18,3
2016-07-25_21:43:00.00,656.0,-77.73,-75.82,2
2016-07-25_21:43:00.00,658.0,-79.01,-76.44,2
2016-07-25_21:43:00.00,660.0,-77.17,-71.41,3
2016-07-25_21:43:00.00,662.0,-74.2,-68.98,3
2016-07-25_21:43:00.00,664.0,-84.2,-69.88,3
2016-07-25_21:43:00.00,666.0,-75.45,-75.37,2
2016-07-25_21:43:00.00,668.0,-81.16,-79.2,2
2016-07-25_21:43:00.00,670.0,-77.64,-75.93,2
2016-07-25_21:43:00.00,672.0,-80.19,-80.12,2
2016-07-25_21:43:00.00,674.0,-79.74,-75.49,3
2016-07-25_21:43:00.00,676.0,-79.22,-79.65,2
2016-07-25_21:43:00.00,678.0,-75.16,-79.14,1
2016-07-25_21:43:00.00,680.0,-80.34,-79.93,2
2016-07-25_21:43:00.00,682.0,-81.58,-74.83,3
2016-07-25_21:43:00.00,684.0,-81.47,-84.78,1
2016-07-25_21:43:00.00,686.0,-75.85,-79.8,1
2016-07-25_21:43:10.00,602.0,-81.75,-75.68,3
2016-07-25_21:43:10.00,604.0,-79.54,-78.99,2
2016-07-25_21:43:10.00,606.0,-83.36,-78.23,3
2016-07-25_21:43:10.00,608.0,-78.56,-76.92,2
2016-07-25_21:43:10.00,610.0,-85.76,-73.92,3
2016-07-25_21:43:10.00,612.0,-90.26,-80.93,3
2016-07-25_21:43:10.00,614.0,-88.67,-79.43,3
2016-07-25_21:43:10.00,616.0,-78.89,-78.04,2
2016-07-25_21:43:10.00,618.0,-86.68,-81.34,3
2016-07-25_21:43:10.00,620.0,-83.12,-78.8,3
2016-07-25_21:43:10.00,622.0,-82.12,-73.66,3
2016-07-25_21:43:10.00,624.0,-81.21,-77.65,3
2016-07-25_21:43:10.00,626.0,-82.36,-77.12,3
2016-07-25_21:43:10.00,628.0,-82.72,-79.04,3
2016-07-25_21:43:10.00,630.0,-77.95,-77.34,2
2016-07-25_21:43:10.00,632.0,-77.32,-81.63,1
2016-07-25_21:43:10.00,634.0,-81.77,-79.45,2
2016-07-25_21:43:10.00,636.0,-83.41,-78.86,3
2016-07-25_21:43:10.00,638.0,-77.65,-76.48,2
2016-07-25_21:43:10.00,640.0,-82.51,-81.89,2
2016-07-25_21:43:10.00,642.0,-81.77,-80.42,2
2016-07-25_21:43:10.00,644.0,-84.68,-81.1,3
2016-07-25_21:43:10.00,646.0,-81.97,-77.21,3
2016-07-25_21:43:10.00,648.0,-77.05,-77.44,2
2016-07-25_21:43:10.00,650.0,-79.84,-74.88,3
2016-07-25_21:43:10.00,652.0,-78.18,-73.59,3
2016-07-25_21:43:10.00,654.0,-75.28,-70.39,3
2016-07-25_21:43:10.00,656.0,-81.4,-78.18,3
2016-07-25_21:43:10.00,658.0,-81.0,-73.78,3
2016-07-25_21:43:20.00,568.0,-74.8,-70.23,3
2016-07-25_21:43:20.00,570.0,-74.41,-71.83,2
2016-07-25_21:43:20.00,572.0,-77.4,-74.9,2
2016-07-25_21:43:20.00,574.0,-78.64,-73.68,3
2016-07-25_21:43:20.00,576.0,-78.07,-74.77,3
2016-07-25_21:43:20.00,578.0,-79.1,-75.11,3
2016-07-25_21:43:20.00,580.0,-78.62,-76.2,2
2016-07-25_21:43:20.00,582.0,-81.79,-75.38,3
2016-07-25_21:43:20.00,584.0,-80.56,-76.67,3
2016-07-25_21:43:20.00,586.0,-78.12,-75.96,2
2016-07-25_21:43:20.00,588.0,-80.47,-76.97,3
2016-07-25_21:43:20.00,590.0,-80.29,-77.04,3
2016-07-25_21:43:20.00,592.0,-83.6,-75.98,3
2016-07-25_21:43:20.00,594.0,-84.27,-74.75,3
2016-07-25_21:43:20.00,596.0,-79.74,-76.03,3
2016-07-25_21:43:20.00,598.0,-81.77,-75.41,3
2016-07-25_21:43:20.00,600.0,-81.83,-77.38,3
2016-07-25_21:43:20.00,602.0,-80.49,-73.06,3
2016-07-25_21:43:20.00,604.0,-83.52,-74.84,3
2016-07-25_21:43:20.00,606.0,-82.85,-74.34,3
2016-07-25_21:43:20.00,608.0,-82.7,-78.16,3
2016-07-25_21:43:20.00,610.0,-83.88,-78.88,3
2016-07-25_21:43:20.00,612.0,-84.49,-77.84,3
2016-07-25_21:43:20.00,614.0,-78.59,-76.77,2
2016-07-25_21:43:20.00,616.0,-79.27,-76.27,2
2016-07-25_21:43:20.00,618.0,-77.52,-77.95,2
2016-07-25_21:43:20.00,620.0,-80.02,-76.93,3
2016-07-25_21:43:20.00,622.0,-79.76,-80.1,2
2016-07-25_21:43:20.00,624.0,-83.31,-76.71,3
2016-07-25_21:43:30.00,540.0,-75.06,-71.26,3
2016-07-25_21:43:30.00,542.0,-80.43,-73.23,3
2016-07-25_21:43:30.00,544.0,-77.46,-69.93,3
2016-07-25_21:43:30.00,546.0,-72.44,-70.82,2
2016-07-25_21:43:30.00,548.0,-76.24,-70.4,3
2016-07-25_21:43:30.00,550.0,-79.4,-73.56,3
2016-07-25_21:43:30.00,552.0,-73.34,-66.77,3
2016-07-25_21:43:30.00,554.0,-76.85,-75.7,2
2016-07-25_21:43:30.00,556.0,-82.0,-69.84,3
2016-07-25_21:43:30.00,558.0,-77.95,-69.0,3
2016-07-25_21:43:30.00,560.0,-76.09,-71.69,3
2016-07-25_21:43:30.00,562.0,-78.72,-67.95,3
2016-07-25_21:43:30.00,564.0,-73.38,-68.4,3
2016-07-25_21:43:30.00,566.0,-76.24,-72.71,3
2016-07-25_21:43:30.00,568.0,-72.53,-73.55,2
2016-07-25_21:43:30.00,570.0,-76.14,-68.29,3
2016-07-25_21:43:30.00,572.0,-74.84,-73.69,2
2016-07-25_21:43:30.00,574.0,-77.83,-72.43,3
2016-07-25_21:43:30.00,576.0,-87.5,-73.66,3
2016-07-25_21:43:30.00,578.0,-78.25,-76.72,2
2016-07-25_21:43:30.00,580.0,-82.22,-76.91,3
2016-07-25_21:43:30.00,582.0,-78.09,-72.63,3
2016-07-25_21:43:30.00,584.0,-81.35,-74.61,3
2016-07-25_21:43:30.00,586.0,-85.18,-76.73,3
2016-07-25_21:43:30.00,588.0,-84.39,-73.61,3
2016-07-25_21:43:30.00,590.0,-81.51,-74.86,3
2016-07-25_21:43:30.00,592.0,-84.3,-77.73,3
2016-07-25_21:43:30.00,594.0,-83.07,-76.16,3
2016-07-25_21:43:40.00,508.0,-75.57,-68.93,3
2016-07-25_21:43:40.00,510.0,-78.77,-71.32,3
2016-07-25_21:43:40.00,512.0,-78.74,-68.45,3
2016-07-25_21:43:40.00,514.0,-77.08,-73.09,3
2016-07-25_21:43:40.00,516.0,-76.85,-71.63,3
2016-07-25_21:43:40.00,518.0,-78.24,-68.23,3
2016-07-25_21:43:40.00,520.0,-76.17,-70.38,3
2016-07-25_21:43:40.00,522.0,-74.92,-73.07,2
2016-07-25_21:43:40.00,524.0,-77.7,-73.02,3
2016-07-25_21:43:40.00,526.0,-72.48,-71.49,2
2016-07-25_21:43:40.00,528.0,-72.73,-68.2,3
2016-07-25_21:43:40.00,530.0,-77.67,-75.36,2
2016-07-25_21:43:40.00,532.0,-75.16,-71.43,3
2016-07-25_21:43:40.00,534.0,-74.13,-74.45,2
2016-07-25_21:43:40.00,536.0,-75.98,-73.25,2
2016-07-25_21:43:40.00,538.0,-75.07,-79.29,1
2016-07-25_21:43:40.00,540.0,-74.87,-74.05,2
2016-07-25_21:43:40.00,542.0,-75.01,-74.64,2
2016-07-25_21:43:40.00,544.0,-76.2,-71.75,3
2016-07-25_21:43:40.00,546.0,-77.24,-72.54,3
2016-07-25_21:43:40.00,548.0,-75.83,-73.94,2
2016-07-25_21:43:40.00,550.0,-74.07,-70.54,3
2016-07-25_21:43:40.00,552.0,-82.54,-72.86,3
2016-07-25_21:43:40.00,554.0,-81.64,-68.38,3
2016-07-25_21:43:40.00,556.0,-86.5,-71.56,3
2016-07-25_21:43:40.00,558.0,-78.53,-71.67,3
2016-07-25_21:43:40.00,560.0,-81.3,-72.12,3
2016-07-25_21:43:40.00,562.0,-82.44,-67.25,3
2016-07-25_21:43:40.00,564.0,-76.24,-69.37,3
2016-07-25_21:43:50.00,464.0,-70.24,-75.17,1
2016-07-25_21:43:50.00,466.0,-67.51,-76.19,1
2016-07-25_21:43:50.00,468.0,-70.78,-71.87,2
2016-07-25_21:43:50.00,470.0,-71.26,-72.6,2
2016-07-25_21:43:50.00,472.0,-67.54,-74.54,1
2016-07-25_21:43:50.00,474.0,-64.98,-75.08,1
2016-07-25_21:43:50.00,476.0,-66.31,-73.23,1
2016-07-25_21:43:50.00,478.0,-67.58,-73.04,1
2016-07-25_21:43:50.00,480.0,-66.06,-69.12,1
2016-07-25_21:43:50.00,482.0,-68.83,-70.89,2
2016-07-25_21:43:50.00,484.0,-70.99,-76.79,1
2016-07-25_21:43:50.00,486.0,-67.0,-72.71,1
2016-07-25_21:43:50.00,488.0,-68.82,-72.75,1
2016-07-25_21:43:50.00,490.0,-70.76,-76.72,1
2016-07-25_21:43:50.00,492.0,-71.35,-73.86,2
2016-07-25_21:43:50.00,494.0,-77.07,-74.46,2
2016-07-25_21:43:50.00,496.0,-79.36,-70.16,3
2016-07-25_21:43:50.00,498.0,-73.88,-75.38,2
2016-07-25_21:43:50.00,500.0,-75.8,-74.72,2
2016-07-25_21:43:50.00,502.0,-77.31,-70.61,3
2016-07-25_21:43:50.00,504.0,-74.65,-70.66,3
2016-07-25_21:43:50.00,506.0,-77.6,-68.73,3
2016-07-25_21:43:50.00,508.0,-77.72,-70.83,3
2016-07-25_21:43:50.00,510.0,-76.53,-71.61,3
2016-07-25_21:43:50.00,512.0,-77.0,-72.69,3
2016-07-25_21:43:50.00,514.0,-73.13,-67.33,3
2016-07-25_21:43:50.00,516.0,-74.56,-68.68,3
2016-07-25_21:43:50.00,518.0,-76.44,-71.27,3
2016-07-25_21:43:50.00,520.0,-75.09,-72.52,2
2016-07-25_21:43:50.00,522.0,-79.1,-73.64,3
2016-07-25_21:43:50.00,524.0,-76.47,-69.35,3
2016-07-25_21:43:50.00,526.0,-73.81,-73.99,2
2016-07-25_21:43:50.00,528.0,-73.16,-72.47,2
2016-07-25_21:43:50.00,530.0,-78.0,-69.99,3
2016-07-25_21:43:50.00,532.0,-77.54,-68.99,3
2016-07-25_21:43:50.00,534.0,-73.6,-71.4,2
2016-07-25_21:44:00.00,444.0,-66.67,-75.98,1
2016-07-25_21:44:00.00,446.0,-68.64,-76.19,1
2016-07-25_21:44:00.00,448.0,-68.62,-74.71,1
2016-07-25_21:44:00.00,450.0,-66.04,-72.97,1
2016-07-25_21:44:00.00,452.0,-67.56,-75.33,1
2016-07-25_21:44:00.00,454.0,-66.54,-76.16,1
2016-07-25_21:44:00.00,456.0,-68.78,-75.08,1
2016-07-25_21:44:00.00,458.0,-67.83,-75.38,1
2016-07-25_21:44:00.00,460.0,-69.4,-75.59,1
2016-07-25_21:44:00.00,462.0,-67.01,-73.76,1
2016-07-25_21:44:00.00,464.0,-70.84,-70.99,2
2016-07-25_21:44:00.00,466.0,-67.79,-73.1,1
2016-07-25_21:44:00.00,468.0,-66.29,-74.47,1
2016-07-25_21:44:00.00,470.0,-66.51,-74.44,1
2016-07-25_21:44:00.00,472.0,-67.53,-74.18,1
2016-07-25_21:44:00.00,474.0,-66.99,-75.34,1
2016-07-25_21:44:00.00,476.0,-64.44,-73.84,1
2016-07-25_21:44:00.00,478.0,-66.28,-71.72,1
2016-07-25_21:44:00.00,480.0,-69.03,-72.38,1
2016-07-25_21:44:00.00,482.0,-68.42,-72.77,1
2016-07-25_21:44:00.00,484.0,-70.27,-73.5,1
2016-07-25_21:44:00.00,486.0,-69.98,-72.77,2
2016-07-25_21:44:00.00,488.0,-71.8,-74.77,2
2016-07-25_21:44:00.00,490.0,-73.24,-75.91,2
2016-07-25_21:44:00.00,492.0,-71.62,-73.74,2
2016-07-25_21:44:00.00,494.0,-73.79,-74.73,2
2016-07-25_21:44:00.00,496.0,-74.34,-69.8,3
2016-07-25_21:44:00.00,498.0,-74.06,-74.1,2
2016-07-25_21:44:00.00,500.0,-73.43,-74.4,2
2016-07-25_21:44:00.00,502.0,-78.16,-70.23,3
2016-07-25_21:44:00.00,504.0,-75.13,-72.52,2
2016-07-25_21:44:00.00,506.0,-74.81,-72.97,2
2016-07-25_21:44:00.00,508.0,-76.86,-70.71,3
2016-07-25_21:44:00.00,510.0,-80.31,-69.21,3
2016-07-25_21:44:00.00,512.0,-79.13,-68.32,3
2016-07-25_21:44:00.00,514.0,-78.15,-72.24,3
2016-07-25_21:44:00.00,516.0,-76.36,-68.39,3
2016-07-25_21:44:00.00,518.0,-76.23,-72.93,3
2016-07-25_21:44:00.00,520.0,-76.88,-70.6,3
2016-07-25_21:44:00.00,522.0,-77.07,-71.4,3
2016-07-25_21:44:10.00,394.0,-78.49,-74.57,3
2016-07-25_21:44:10.00,396.0,-71.08,-74.54,1
2016-07-25_21:44:10.00,398.0,-77.63,-71.26,3
2016-07-25_21:44:10.00,400.0,-68.62,-74.8,1
2016-07-25_21:44:10.00,402.0,-74.36,-73.99,2
2016-07-25_21:44:10.00,404.0,-72.97,-74.02,2
2016-07-25_21:44:10.00,406.0,-73.65,-71.62,2
2016-07-25_21:44:10.00,408.0,-73.52,-73.17,2
2016-07-25_21:44:10.00,410.0,-76.69,-76.77,2
2016-07-25_21:44:10.00,412.0,-76.27,-73.53,2
2016-07-25_21:44:10.00,414.0,-76.02,-77.13,2
2016-07-25_21:44:10.00,416.0,-74.5,-76.96,2
2016-07-25_21:44:10.00,418.0,-75.8,-75.03,2
2016-07-25_21:44:10.00,420.0,-74.72,-80.56,1
2016-07-25_21:44:10.00,422.0,-74.05,-76.11,2
2016-07-25_21:44:10.00,424.0,-76.15,-77.76,2
2016-07-25_21:44:10.00,426.0,-71.43,-74.46,1
2016-07-25_21:44:10.00,428.0,-68.72,-75.67,1
2016-07-25_21:44:10.00,430.0,-70.37,-75.88,1
2016-07-25_21:44:10.00,432.0,-68.12,-78.25,1
2016-07-25_21:44:10.00,434.0,-69.63,-77.72,1
2016-07-25_21:44:10.00,436.0,-68.86,-77.45,1
2016-07-25_21:44:10.00,438.0,-66.49,-76.84,1
2016-07-25_21:44:10.00,440.0,-64.18,-74.08,1
2016-07-25_21:44:10.00,442.0,-65.27,-78.45,1
2016-07-25_21:44:10.00,444.0,-70.94,-78.77,1
2016-07-25_21:44:10.00,446.0,-69.99,-75.06,1
2016-07-25_21:44:10.00,448.0,-71.09,-77.82,1
2016-07-25_21:44:10.00,450.0,-66.14,-79.2,1
2016-07-25_21:44:10.00,452.0,-68.07,-73.89,1
2016-07-25_21:44:10.00,454.0,-66.5,-75.53,1
2016-07-25_21:44:10.00,456.0,-69.41,-75.59,1
2016-07-25_21:44:10.00,458.0,-69.08,-78.07,1
2016-07-25_21:44:10.00,460.0,-68.34,-74.09,1
2016-07-25_21:44:10.00,462.0,-65.06,-72.79,1
2016-07-25_21:44:10.00,464.0,-65.47,-72.87,1
2016-07-25_21:44:10.00,466.0,-62.22,-74.18,1
2016-07-25_21:44:10.00,468.0,-64.32,-70.93,1
2016-07-25_21:44:10.00,470.0,-65.65,-74.4,1
2016-07-25_21:44:10.00,472.0,-66.83,-74.18,1
2016-07-25_21:44:10.00,474.0,-65.63,-76.35,1
2016-07-25_21:44:10.00,476.0,-64.03,-75.26,1
2016-07-25_21:44:10.00,478.0,-68.02,-74.08,1
2016-07-25_21:44:10.00,480.0,-70.76,-76.54,1
2016-07-25_21:44:10.00,482.0,-66.92,-72.59,1
2016-07-25_21:44:10.00,484.0,-71.25,-73.21,2
2016-07-25_21:44:10.00,486.0,-70.05,-78.22,1
2016-07-25_21:44:10.00,488.0,-79.14,-73.3,3
2016-07-25_21:44:10.00,490.0,-74.24,-76.3,2
2016-07-25_21:44:10.00,492.0,-70.95,-72.78,2
2016-07-25_21:44:10.00,494.0,-73.77,-70.47,3
2016-07-25_21:44:10.00,496.0,-78.78,-74.78,3
2016-07-25_21:44:10.00,498.0,-73.48,-73.72,2
2016-07-25_21:44:10.00,500.0,-76.26,-71.21,3
2016-07-25_21:44:10.00,502.0,-76.0,-72.37,3
2016-07-25_21:44:10.00,504.0,-72.34,-72.61,2
2016-07-25_21:44:20.00,306.0,-80.63,-81.9,2
2016-07-25_21:44:20.00,308.0,-84.05,-81.61,2
2016-07-25_21:44:20.00,310.0,-76.23,-81.69,1
2016-07-25_21:44:20.00,312.0,-77.59,-83.4,1
2016-07-25_21:44:20.00,314.0,-75.3,-87.0,1
2016-07-25_21:44:20.00,316.0,-71.61,-90.0,1
2016-07-25_21:44:20.00,318.0,-74.11,-81.22,1
2016-07-25_21:44:20.00,320.0,-76.76,-80.29,1
2016-07-25_21:44:20.00,322.0,-71.02,-79.69,1
2016-07-25_21:44:20.00,324.0,-79.96,-80.04,2
2016-07-25_21:44:20.00,326.0,-69.71,-80.17,1
2016-07-25_21:44:20.00,328.0,-69.88,-80.09,1
2016-07-25_21:44:20.00,330.0,-71.2,-80.23,1
2016-07-25_21:44:20.00,332.0,-70.03,-75.47,1
2016-07-25_21:44:20.00,334.0,-68.24,-72.37,1
2016-07-25_21:44:20.00,336.0,-66.6,-74.25,1
2016-07-25_21:44:20.00,338.0,-68.18,-75.39,1
2016-07-25_21:44:20.00,340.0,-69.19,-73.85,1
2016-07-25_21:44:20.00,342.0,-70.42,-75.85,1
2016-07-25_21:44:20.00,344.0,-75.02,-77.27,2
2016-07-25_21:44:20.00,346.0,-70.85,-77.49,1
2016-07-25_21:44:20.00,348.0,-70.17,-74.99,1
2016-07-25_21:44:20.00,350.0,-69.58,-80.4,1
2016-07-25_21:44:20.00,352.0,-72.23,-70.95,2
2016-07-25_21:44:20.00,354.0,-68.61,-70.74,2
2016-07-25_21:44:20.00,356.0,-66.89,-72.28,1
2016-07-25_21:44:20.00,358.0,-69.49,-78.75,1
2016-07-25_21:44:20.00,360.0,-66.25,-71.83,1
2016-07-25_21:44:20.00,362.0,-67.71,-71.37,1
2016-07-25_21:44:20.00,364.0,-63.69,-69.91,1
2016-07-25_21:44:20.00,366.0,-69.38,-67.56,2
2016-07-25_21:44:20.00,368.0,-69.78,-70.99,2
2016-07-25_21:44:20.00,370.0,-70.0,-75.52,1
2016-07-25_21:44:20.00,372.0,-69.81,-75.67,1
2016-07-25_21:44:20.00,374.0,-69.97,-80.61,1
2016-07-25_21:44:20.00,376.0,-76.39,-76.31,2
2016-07-25_21:44:20.00,378.0,-73.03,-73.56,2
2016-07-25_21:44:20.00,380.0,-70.93,-75.12,1
2016-07-25_21:44:20.00,382.0,-71.04,-75.63,1
2016-07-25_21:44:20.00,384.0,-63.83,-70.11,1
2016-07-25_21:44:20.00,386.0,-67.77,-71.34,1
2016-07-25_21:44:20.00,388.0,-72.62,-78.07,1
2016-07-25_21:44:20.00,390.0,-70.52,-73.2,2
2016-07-25_21:44:20.00,392.0,-70.54,-77.36,1
2016-07-25_21:44:20.00,394.0,-70.78,-80.73,1
2016-07-25_21:44:20.00,396.0,-68.84,-75.98,1
2016-07-25_21:44:20.00,398.0,-68.31,-72.95,1
2016-07-25_21:44:20.00,400.0,-68.43,-71.39,2
2016-07-25_21:44:20.00,402.0,-69.25,-69.81,2
2016-07-25_21:44:20.00,404.0,-75.47,-74.15,2
2016-07-25_21:44:20.00,406.0,-72.82,-72.85,2
2016-07-25_21:44:20.00,408.0,-71.73,-75.6,1
2016-07-25_21:44:20.00,410.0,-75.63,-72.24,3
2016-07-25_21:44:20.00,412.0,-76.4,-75.26,2
2016-07-25_21:44:20.00,414.0,-76.0,-79.32,1
2016-07-25_21:44:20.00,416.0,-78.78,-81.27,2
2016-07-25_21:44:20.00,418.0,-78.71,-76.04,2
2016-07-25_21:44:20.00,420.0,-71.01,-74.79,1
2016-07-25_21:44:20.00,422.0,-73.11,-75.74,2
2016-07-25_21:44:20.00,424.0,-70.09,-77.51,1
2016-07-25_21:44:20.00,426.0,-72.97,-77.61,1
2016-07-25_21:44:20.00,428.0,-67.79,-76.68,1
2016-07-25_21:44:20.00,430.0,-74.46,-74.98,2
2016-07-25_21:44:20.00,432.0,-67.43,-74.51,1
2016-07-25_21:44:20.00,434.0,-68.49,-76.22,1
2016-07-25_21:44:20.00,436.0,-67.56,-79.47,1
2016-07-25_21:44:20.00,438.0,-69.49,-79.17,1
2016-07-25_21:44:20.00,440.0,-65.12,-80.24,1
2016-07-25_21:44:20.00,442.0,-63.74,-78.87,1
2016-07-25_21:44:20.00,444.0,-64.97,-72.34,1
2016-07-25_21:44:20.00,446.0,-64.46,-79.76,1
2016-07-25_21:44:20.00,448.0,-67.29,-77.75,1
2016-07-25_21:44:20.00,450.0,-65.14,-74.45,1
2016-07-25_21:44:20.00,452.0,-64.82,-75.23,1
2016-07-25_21:44:20.00,454.0,-70.12,-74.28,1
2016-07-25_21:44:20.00,456.0,-70.79,-75.31,1
2016-07-25_21:44:20.00,458.0,-67.08,-75.64,1
2016-07-25_21:44:20.00,460.0,-70.66,-72.69,2
2016-07-25_21:44:20.00,462.0,-69.4,-75.97,1
2016-07-25_21:44:20.00,464.0,-67.29,-79.45,1
2016-07-25_21:44:20.00,466.0,-66.22,-73.32,1
2016-07-25_21:44:20.00,468.0,-68.41,-72.61,1
2016-07-25_21:44:20.00,470.0,-67.51,-73.59,1
2016-07-25_21:44:20.00,472.0,-66.76,-71.81,1
2016-07-25_21:44:20.00,474.0,-67.86,-70.15,2
2016-07-25_21:44:20.00,476.0,-65.39,-72.17,1
2016-07-25_21:44:20.00,478.0,-67.93,-74.43,1
2016-07-25_21:44:20.00,480.0,-64.03,-69.1,1
2016-07-25_21:44:20.00,482.0,-69.5,-75.45,1
2016-07-25_21:44:20.00,484.0,-71.32,-72.02,2
2016-07-25_21:44:20.00,486.0,-69.76,-71.82,2
2016-07-25_21:44:20.00,488.0,-74.64,-78.59,1
2016-07-25_21:44:30.00,300.0,-83.27,-83.66,2
2016-07-25_21:44:30.00,302.0,-82.81,-86.83,1
2016-07-25_21:44:30.00,304.0,-76.12,-81.26,1
2016-07-25_21:44:30.00,306.0,-79.4,-82.29,2
2016-07-25_21:44:30.00,308.0,-78.08,-84.66,1
2016-07-25_21:44:30.00,310.0,-78.51,-85.61,1
2016-07-25_21:44:30.00,312.0,-81.64,-82.32,2
2016-07-25_21:44:30.00,314.0,-74.93,-75.23,2
2016-07-25_21:44:30.00,316.0,-77.71,-83.53,1
2016-07-25_21:44:30.00,318.0,-71.52,-78.72,1
2016-07-25_21:44:30.00,320.0,-72.38,-80.02,1
2016-07-25_21:44:30.00,322.0,-69.7,-82.18,1
2016-07-25_21:44:30.00,324.0,-73.63,-82.81,1
2016-07-25_21:44:30.00,326.0,-73.16,-82.82,1
2016-07-25_21:44:30.00,328.0,-69.57,-76.13,1
2016-07-25_21:44:30.00,330.0,-66.54,-76.04,1
2016-07-25_21:44:30.00,332.0,-66.04,-75.99,1
2016-07-25_21:44:30.00,334.0,-67.7,-77.78,1
2016-07-25_21:44:30.00,336.0,-68.57,-78.63,1
2016-07-25_21:44:30.00,338.0,-68.45,-74.7,1
2016-07-25_21:44:30.00,340.0,-67.0,-74.06,1
2016-07-25_21:44:30.00,342.0,-70.42,-76.5,1
2016-07-25_21:44:30.00,344.0,-72.23,-76.59,1
2016-07-25_21:44:30.00,346.0,-72.47,-74.81,2
2016-07-25_21:44:30.00,348.0,-71.5,-72.73,2
2016-07-25_21:44:30.00,350.0,-66.81,-75.49,1
2016-07-25_21:44:30.00,352.0,-64.95,-76.1,1
2016-07-25_21:44:30.00,354.0,-64.25,-70.38,1
2016-07-25_21:44:30.00,356.0,-73.0,-70.03,2
2016-07-25_21:44:30.00,358.0,-74.01,-66.73,3
2016-07-25_21:44:30.00,360.0,-66.53,-74.36,1
2016-07-25_21:44:30.00,362.0,-68.92,-68.63,2
2016-07-25_21:44:30.00,364.0,-66.33,-71.15,1
2016-07-25_21:44:30.00,366.0,-72.03,-74.89,2
2016-07-25_21:44:30.00,368.0,-68.75,-73.05,1
2016-07-25_21:44:30.00,370.0,-73.15,-75.81,2
2016-07-25_21:44:30.00,372.0,-69.97,-76.9,1
2016-07-25_21:44:30.00,374.0,-69.1,-78.17,1
2016-07-25_21:44:30.00,376.0,-71.82,-71.98,2
2016-07-25_21:44:30.00,378.0,-68.17,-77.41,1
2016-07-25_21:44:30.00,380.0,-69.55,-75.13,1
2016-07-25_21:44:30.00,382.0,-75.04,-72.18,2
2016-07-25_21:44:30.00,384.0,-70.92,-68.33,2
2016-07-25_21:44:30.00,386.0,-73.19,-71.18,2
2016-07-25_21:44:30.00,388.0,-67.97,-74.42,1
2016-07-25_21:44:30.00,390.0,-72.74,-69.96,2
2016-07-25_21:44:30.00,392.0,-71.79,-73.49,2
2016-07-25_21:44:30.00,394.0,-71.15,-77.93,1
2016-07-25_21:44:30.00,396.0,-68.53,-76.78,1
2016-07-25_21:44:30.00,398.0,-68.79,-70.77,2
2016-07-25_21:44:30.00,400.0,-70.04,-70.26,2
2016-07-25_21:44:30.00,402.0,-74.68,-75.44,2
2016-07-25_21:44:30.00,404.0,-69.62,-74.84,1
2016-07-25_21:44:30.00,406.0,-73.72,-71.45,2
2016-07-25_21:44:30.00,408.0,-74.85,-75.14,2
2016-07-25_21:44:30.00,410.0,-73.44,-73.8,2
2016-07-25_21:44:30.00,412.0,-71.16,-71.78,2
2016-07-25_21:44:30.00,414.0,-74.71,-86.08,1
2016-07-25_21:44:30.00,416.0,-73.02,-80.42,1
2016-07-25_21:44:30.00,418.0,-73.12,-72.43,2
2016-07-25_21:44:30.00,420.0,-70.04,-77.04,1
2016-07-25_21:44:30.00,422.0,-73.62,-79.62,1
2016-07-25_21:44:30.00,424.0,-77.44,-72.78,3
2016-07-25_21:44:30.00,426.0,-73.98,-73.68,2
2016-07-25_21:44:30.00,428.0,-71.64,-74.39,2
2016-07-25_21:44:30.00,430.0,-69.12,-76.78,1
2016-07-25_21:44:30.00,432.0,-68.05,-78.38,1
2016-07-25_21:44:30.00,434.0,-65.87,-75.59,1
2016-07-25_21:44:30.00,436.0,-74.51,-76.23,2
2016-07-25_21:44:30.00,438.0,-70.5,-72.83,2
2016-07-25_21:44:30.00,440.0,-71.6,-76.16,1
2016-07-25_21:44:30.00,442.0,-64.83,-74.83,1
2016-07-25_21:44:30.00,444.0,-67.27,-78.11,1
2016-07-25_21:44:30.00,446.0,-64.5,-75.98,1
2016-07-25_21:44:30.00,448.0,-64.16,-76.71,1
2016-07-25_21:44:30.00,450.0,-67.11,-75.8,1
2016-07-25_21:44:30.00,452.0,-67.88,-73.26,1
2016-07-25_21:44:30.00,454.0,-70.68,-70.34,2
2016-07-25_21:44:30.00,456.0,-66.99,-73.72,1
2016-07-25_21:44:30.00,458.0,-68.51,-77.0,1
2016-07-25_21:44:30.00,460.0,-71.05,-74.54,1
2016-07-25_21:44:30.00,462.0,-66.75,-72.73,1
2016-07-25_21:44:30.00,464.0,-70.24,-76.65,1
2016-07-25_21:44:30.00,466.0,-69.4,-73.58,1
2016-07-25_21:44:30.00,468.0,-69.72,-75.53,1
2016-07-25_21:44:30.00,470.0,-70.53,-69.42,2
2016-07-25_21:44:30.00,472.0,-67.61,-74.61,1
2016-07-25_21:44:30.00,474.0,-69.63,-76.74,1
2016-07-25_21:44:30.00,476.0,-67.61,-78.59,1
2016-07-25_21:44:30.00,478.0,-64.76,-77.87,1
2016-07-25_21:44:30.00,480.0,-66.71,-72.55,1
2016-07-25_21:44:30.00,482.0,-70.31,-72.09,2
2016-07-25_21:44:30.00,484.0,-70.18,-75.98,1
2016-07-25_21:44:30.00,486.0,-68.0,-74.36,1
2016-07-25_21:44:30.00,488.0,-66.89,-73.16,1
