DateTime,depth_m,18kHz_Sv,38kHz_Sv,code
2016-07-25_21:28:40.00,544.0,-85.25,-70.33,3
2016-07-25_21:28:40.00,546.0,-79.46,-68.87,3
2016-07-25_21:28:40.00,548.0,-78.64,-73.23,3
2016-07-25_21:28:40.00,550.0,-80.92,-71.4,3
2016-07-25_21:28:40.00,552.0,-81.84,-72.29,3
2016-07-25_21:28:40.00,554.0,-79.24,-70.33,3
2016-07-25_21:28:40.00,556.0,-79.77,-70.15,3
2016-07-25_21:28:40.00,558.0,-83.62,-68.66,3
2016-07-25_21:28:40.00,560.0,-81.15,-72.17,3
2016-07-25_21:28:40.00,562.0,-83.23,-71.98,3
2016-07-25_21:28:40.00,564.0,-84.4,-69.45,3
2016-07-25_21:28:40.00,566.0,-86.24,-68.39,3
2016-07-25_21:28:40.00,568.0,-80.86,-66.35,3
2016-07-25_21:28:40.00,570.0,-82.97,-68.64,3
2016-07-25_21:28:40.00,572.0,-81.81,-68.72,3
2016-07-25_21:28:40.00,574.0,-82.5,-71.05,3
2016-07-25_21:28:40.00,576.0,-82.9,-70.98,3
2016-07-25_21:28:40.00,578.0,-81.34,-75.57,3
2016-07-25_21:28:40.00,580.0,-78.47,-72.95,3
2016-07-25_21:28:40.00,582.0,-81.28,-73.61,3
2016-07-25_21:28:40.00,584.0,-82.88,-77.08,3
2016-07-25_21:28:40.00,586.0,-81.85,-75.19,3
2016-07-25_21:28:40.00,588.0,-82.5,-73.87,3
2016-07-25_21:28:40.00,590.0,-80.9,-76.38,3
2016-07-25_21:28:40.00,592.0,-86.16,-76.69,3
2016-07-25_21:28:40.00,594.0,-83.11,-75.95,3
2016-07-25_21:28:40.00,596.0,-83.59,-76.58,3
2016-07-25_21:28:40.00,598.0,-80.95,-76.43,3
2016-07-25_21:28:40.00,600.0,-78.94,-76.31,2
2016-07-25_21:28:40.00,602.0,-84.94,-77.22,3
2016-07-25_21:28:40.00,604.0,-82.12,-76.92,3
2016-07-25_21:28:40.00,606.0,-82.87,-80.58,2
2016-07-25_21:28:40.00,608.0,-79.9,-77.09,2
2016-07-25_21:28:40.00,610.0,-79.11,-76.23,2
2016-07-25_21:28:40.00,612.0,-79.58,-75.71,3
2016-07-25_21:28:40.00,614.0,-78.18,-74.64,3
2016-07-25_21:28:40.00,616.0,-79.33,-74.47,3
2016-07-25_21:28:40.00,618.0,-75.05,-78.5,1
2016-07-25_21:28:40.00,620.0,-80.02,-76.7,3
2016-07-25_21:28:40.00,622.0,-80.21,-78.43,2
2016-07-25_21:28:40.00,624.0,-78.66,-75.34,3
2016-07-25_21:28:40.00,626.0,-80.52,-77.97,2
2016-07-25_21:28:40.00,628.0,-82.12,-79.76,2
2016-07-25_21:28:40.00,630.0,-84.2,-77.66,3
2016-07-25_21:28:40.00,632.0,-79.1,-84.36,1
2016-07-25_21:28:40.00,634.0,-82.55,-78.08,3
2016-07-25_21:28:40.00,636.0,-81.87,-82.69,2
2016-07-25_21:28:40.00,638.0,-81.08,-77.11,3
2016-07-25_21:28:40.00,640.0,-79.23,-80.09,2
2016-07-25_21:28:40.00,642.0,-78.15,-77.47,2
2016-07-25_21:28:40.00,644.0,-71.51,-77.8,1
2016-07-25_21:28:40.00,646.0,-75.31,-78.14,2
2016-07-25_21:28:40.00,648.0,-79.96,-82.85,2
2016-07-25_21:28:40.00,650.0,-75.84,-81.57,1
2016-07-25_21:28:40.00,652.0,-79.3,-84.02,1
2016-07-25_21:28:40.00,654.0,-83.79,-80.05,3
2016-07-25_21:28:40.00,656.0,-85.11,-80.59,3
2016-07-25_21:28:40.00,658.0,-83.31,-82.36,2
2016-07-25_21:28:40.00,660.0,-82.33,-79.21,3
2016-07-25_21:28:40.00,662.0,-80.64,-80.35,2
2016-07-25_21:28:40.00,664.0,-83.33,-81.38,2
2016-07-25_21:28:40.00,666.0,-78.45,-76.26,2
2016-07-25_21:28:40.00,668.0,-82.1,-75.9,3
2016-07-25_21:28:50.00,562.0,-84.81,-68.82,3
2016-07-25_21:28:50.00,564.0,-86.6,-72.19,3
2016-07-25_21:28:50.00,566.0,-84.92,-69.02,3
2016-07-25_21:28:50.00,568.0,-82.09,-75.71,3
2016-07-25_21:28:50.00,570.0,-84.36,-68.72,3
2016-07-25_21:28:50.00,572.0,-81.27,-76.35,3
2016-07-25_21:28:50.00,574.0,-83.26,-72.2,3
2016-07-25_21:28:50.00,576.0,-79.99,-74.13,3
2016-07-25_21:28:50.00,578.0,-81.46,-76.7,3
2016-07-25_21:28:50.00,580.0,-80.54,-73.76,3
2016-07-25_21:28:50.00,582.0,-85.58,-77.06,3
2016-07-25_21:28:50.00,584.0,-84.4,-77.52,3
2016-07-25_21:28:50.00,586.0,-86.48,-72.94,3
2016-07-25_21:28:50.00,588.0,-81.89,-74.96,3
2016-07-25_21:28:50.00,590.0,-84.22,-78.84,3
2016-07-25_21:28:50.00,592.0,-87.58,-75.92,3
2016-07-25_21:28:50.00,594.0,-82.96,-75.29,3
2016-07-25_21:28:50.00,596.0,-79.48,-79.01,2
2016-07-25_21:28:50.00,598.0,-85.09,-79.06,3
2016-07-25_21:28:50.00,600.0,-85.72,-79.77,3
2016-07-25_21:28:50.00,602.0,-81.13,-78.06,3
2016-07-25_21:28:50.00,604.0,-82.46,-74.49,3
2016-07-25_21:28:50.00,606.0,-83.11,-78.93,3
2016-07-25_21:28:50.00,608.0,-77.63,-78.77,2
2016-07-25_21:28:50.00,610.0,-78.12,-76.8,2
2016-07-25_21:28:50.00,612.0,-78.37,-76.47,2
2016-07-25_21:28:50.00,614.0,-80.76,-76.79,3
2016-07-25_21:28:50.00,616.0,-80.88,-80.65,2
2016-07-25_21:28:50.00,618.0,-75.29,-77.64,2
2016-07-25_21:28:50.00,620.0,-77.28,-77.05,2
2016-07-25_21:28:50.00,622.0,-82.82,-77.65,3
2016-07-25_21:28:50.00,624.0,-78.56,-75.33,3
2016-07-25_21:28:50.00,626.0,-81.74,-77.61,3
2016-07-25_21:28:50.00,628.0,-79.62,-74.59,3
2016-07-25_21:28:50.00,630.0,-83.76,-80.84,2
2016-07-25_21:28:50.00,632.0,-82.32,-79.51,2
2016-07-25_21:28:50.00,634.0,-82.62,-76.77,3
2016-07-25_21:28:50.00,636.0,-79.57,-79.82,2
2016-07-25_21:28:50.00,638.0,-76.86,-75.05,2
2016-07-25_21:28:50.00,640.0,-78.43,-78.02,2
2016-07-25_21:28:50.00,642.0,-76.6,-78.12,2
2016-07-25_21:28:50.00,644.0,-73.69,-72.04,2
2016-07-25_21:28:50.00,646.0,-71.97,-78.25,1
2016-07-25_21:28:50.00,648.0,-76.25,-80.53,1
2016-07-25_21:28:50.00,650.0,-75.93,-81.02,1
2016-07-25_21:28:50.00,652.0,-79.77,-84.05,1
2016-07-25_21:28:50.00,654.0,-80.38,-87.39,1
2016-07-25_21:28:50.00,656.0,-81.67,-84.02,2
2016-07-25_21:28:50.00,658.0,-87.11,-80.56,3
2016-07-25_21:28:50.00,660.0,-77.97,-77.73,2
2016-07-25_21:28:50.00,662.0,-82.9,-81.77,2
2016-07-25_21:28:50.00,664.0,-81.23,-82.28,2
2016-07-25_21:28:50.00,666.0,-79.85,-81.34,2
2016-07-25_21:29:00.00,584.0,-81.52,-72.14,3
2016-07-25_21:29:00.00,586.0,-82.26,-70.66,3
2016-07-25_21:29:00.00,588.0,-86.67,-78.67,3
2016-07-25_21:29:00.00,590.0,-80.32,-79.02,2
2016-07-25_21:29:00.00,592.0,-82.32,-78.7,3
2016-07-25_21:29:00.00,594.0,-80.85,-77.32,3
2016-07-25_21:29:00.00,596.0,-90.88,-77.06,3
2016-07-25_21:29:00.00,598.0,-86.12,-77.76,3
2016-07-25_21:29:00.00,600.0,-82.04,-81.35,2
2016-07-25_21:29:00.00,602.0,-83.88,-76.17,3
2016-07-25_21:29:00.00,604.0,-84.87,-78.57,3
2016-07-25_21:29:00.00,606.0,-80.48,-77.34,3
2016-07-25_21:29:00.00,608.0,-77.21,-80.32,1
2016-07-25_21:29:00.00,610.0,-76.1,-78.47,2
2016-07-25_21:29:00.00,612.0,-78.2,-76.01,2
2016-07-25_21:29:00.00,614.0,-76.93,-76.35,2
2016-07-25_21:29:00.00,616.0,-76.66,-75.66,2
2016-07-25_21:29:00.00,618.0,-83.05,-75.89,3
2016-07-25_21:29:00.00,620.0,-74.63,-76.7,2
2016-07-25_21:29:00.00,622.0,-76.29,-79.51,1
2016-07-25_21:29:00.00,624.0,-79.11,-82.89,1
2016-07-25_21:29:00.00,626.0,-80.14,-78.68,2
2016-07-25_21:29:00.00,628.0,-82.95,-78.68,3
2016-07-25_21:29:00.00,630.0,-81.8,-80.88,2
2016-07-25_21:29:00.00,632.0,-75.58,-83.66,1
2016-07-25_21:29:00.00,634.0,-68.36,-79.84,1
2016-07-25_21:29:00.00,636.0,-79.6,-79.65,2
2016-07-25_21:29:00.00,638.0,-79.04,-85.45,1
2016-07-25_21:29:00.00,640.0,-75.73,-81.5,1
2016-07-25_21:29:00.00,642.0,-74.6,-84.26,1
2016-07-25_21:29:00.00,644.0,-68.09,-79.62,1
2016-07-25_21:29:00.00,646.0,-79.89,-78.88,2
2016-07-25_21:29:00.00,648.0,-77.15,-78.94,2
2016-07-25_21:29:00.00,650.0,-74.41,-79.72,1
2016-07-25_21:29:00.00,652.0,-76.63,-81.67,1
2016-07-25_21:29:00.00,654.0,-81.48,-84.07,2
2016-07-25_21:29:00.00,656.0,-80.1,-80.97,2
2016-07-25_21:29:00.00,658.0,-82.97,-81.53,2
2016-07-25_21:29:00.00,660.0,-84.0,-76.38,3
2016-07-25_21:29:00.00,662.0,-82.44,-79.45,2
2016-07-25_21:29:00.00,664.0,-84.27,-81.83,2
2016-07-25_21:29:00.00,666.0,-81.4,-79.28,2
2016-07-25_21:29:00.00,668.0,-83.82,-78.0,3
2016-07-25_21:29:00.00,670.0,-83.57,-78.09,3
2016-07-25_21:29:00.00,672.0,-79.21,-78.87,2
2016-07-25_21:29:10.00,590.0,-83.59,-70.26,3
2016-07-25_21:29:10.00,592.0,-83.29,-79.38,3
2016-07-25_21:29:10.00,594.0,-82.74,-76.47,3
2016-07-25_21:29:10.00,596.0,-80.65,-78.69,2
2016-07-25_21:29:10.00,598.0,-79.79,-80.05,2
2016-07-25_21:29:10.00,600.0,-84.45,-77.95,3
2016-07-25_21:29:10.00,602.0,-83.9,-79.64,3
2016-07-25_21:29:10.00,604.0,-84.52,-76.44,3
2016-07-25_21:29:10.00,606.0,-79.7,-79.46,2
2016-07-25_21:29:10.00,608.0,-79.22,-76.56,2
2016-07-25_21:29:10.00,610.0,-76.41,-78.76,2
2016-07-25_21:29:10.00,612.0,-79.22,-78.26,2
2016-07-25_21:29:10.00,614.0,-78.44,-78.71,2
2016-07-25_21:29:10.00,616.0,-77.3,-74.85,2
2016-07-25_21:29:10.00,618.0,-77.51,-76.34,2
2016-07-25_21:29:10.00,620.0,-80.14,-74.5,3
2016-07-25_21:29:10.00,622.0,-76.0,-75.21,2
2016-07-25_21:29:10.00,624.0,-81.15,-77.12,3
2016-07-25_21:29:10.00,626.0,-79.31,-78.72,2
2016-07-25_21:29:10.00,628.0,-81.3,-75.24,3
2016-07-25_21:29:10.00,630.0,-80.76,-79.79,2
2016-07-25_21:29:10.00,632.0,-79.65,-81.27,2
2016-07-25_21:29:10.00,634.0,-85.59,-79.02,3
2016-07-25_21:29:10.00,636.0,-77.55,-76.72,2
2016-07-25_21:29:10.00,638.0,-74.47,-82.83,1
2016-07-25_21:29:10.00,640.0,-73.73,-76.69,2
2016-07-25_21:29:10.00,642.0,-74.86,-78.87,1
2016-07-25_21:29:10.00,644.0,-75.78,-76.28,2
2016-07-25_21:29:10.00,646.0,-75.51,-80.95,1
2016-07-25_21:29:10.00,648.0,-76.74,-85.36,1
2016-07-25_21:29:10.00,650.0,-82.57,-75.55,3
2016-07-25_21:29:10.00,652.0,-79.33,-81.59,2
2016-07-25_21:29:10.00,654.0,-81.86,-87.66,1
2016-07-25_21:29:10.00,656.0,-83.98,-78.64,3
2016-07-25_21:29:10.00,658.0,-77.96,-76.81,2
2016-07-25_21:29:10.00,660.0,-82.85,-80.64,2
2016-07-25_21:29:10.00,662.0,-83.09,-82.31,2
2016-07-25_21:29:10.00,664.0,-86.98,-81.76,3
2016-07-25_21:29:10.00,666.0,-85.16,-78.94,3
2016-07-25_21:29:10.00,668.0,-83.37,-80.41,2
2016-07-25_21:29:10.00,670.0,-81.64,-79.28,2
2016-07-25_21:29:10.00,672.0,-82.35,-78.55,3
2016-07-25_21:29:10.00,674.0,-78.02,-80.49,2
2016-07-25_21:29:10.00,676.0,-78.11,-79.49,2
2016-07-25_21:29:20.00,606.0,-81.03,-76.48,3
2016-07-25_21:29:20.00,608.0,-78.69,-75.01,3
2016-07-25_21:29:20.00,610.0,-80.07,-75.07,3
2016-07-25_21:29:20.00,612.0,-77.53,-80.31,2
2016-07-25_21:29:20.00,614.0,-76.43,-75.7,2
2016-07-25_21:29:20.00,616.0,-77.72,-75.4,2
2016-07-25_21:29:20.00,618.0,-79.68,-78.48,2
2016-07-25_21:29:20.00,620.0,-78.04,-77.86,2
2016-07-25_21:29:20.00,622.0,-79.48,-77.39,2
2016-07-25_21:29:20.00,624.0,-81.55,-80.38,2
2016-07-25_21:29:20.00,626.0,-82.95,-78.06,3
2016-07-25_21:29:20.00,628.0,-83.16,-79.16,3
2016-07-25_21:29:20.00,630.0,-81.62,-80.68,2
2016-07-25_21:29:20.00,632.0,-82.12,-78.9,3
2016-07-25_21:29:20.00,634.0,-77.44,-80.96,1
2016-07-25_21:29:20.00,636.0,-81.24,-76.42,3
2016-07-25_21:29:20.00,638.0,-77.57,-82.86,1
2016-07-25_21:29:20.00,640.0,-76.93,-80.32,1
2016-07-25_21:29:20.00,642.0,-77.3,-76.75,2
2016-07-25_21:29:20.00,644.0,-73.85,-76.99,1
2016-07-25_21:29:20.00,646.0,-74.26,-76.13,2
2016-07-25_21:29:20.00,648.0,-69.64,-78.34,1
2016-07-25_21:29:20.00,650.0,-71.68,-78.9,1
2016-07-25_21:29:20.00,652.0,-72.88,-82.52,1
2016-07-25_21:29:20.00,654.0,-82.09,-78.76,3
2016-07-25_21:29:20.00,656.0,-77.65,-83.24,1
2016-07-25_21:29:20.00,658.0,-79.92,-81.06,2
2016-07-25_21:29:20.00,660.0,-83.2,-84.03,2
2016-07-25_21:29:20.00,662.0,-82.84,-80.57,2
2016-07-25_21:29:20.00,664.0,-82.32,-80.28,2
2016-07-25_21:29:20.00,666.0,-80.59,-78.66,2
2016-07-25_21:29:20.00,668.0,-82.51,-79.87,2
2016-07-25_21:29:20.00,670.0,-80.89,-80.56,2
2016-07-25_21:29:20.00,672.0,-78.4,-73.47,3
2016-07-25_21:29:20.00,674.0,-81.97,-76.73,3
2016-07-25_21:29:20.00,676.0,-80.06,-78.14,2
2016-07-25_21:29:20.00,678.0,-79.91,-78.18,2
2016-07-25_21:29:20.00,680.0,-80.35,-80.62,2
2016-07-25_21:29:20.00,682.0,-79.21,-79.97,2
2016-07-25_21:29:20.00,684.0,-82.49,-83.44,2
2016-07-25_21:29:20.00,686.0,-80.49,-81.35,2
2016-07-25_21:29:20.00,688.0,-81.38,-81.23,2
2016-07-25_21:29:20.00,690.0,-78.88,-80.86,2
2016-07-25_21:29:30.00,628.0,-84.06,-76.62,3
2016-07-25_21:29:30.00,630.0,-79.06,-78.56,2
2016-07-25_21:29:30.00,632.0,-79.48,-81.77,2
2016-07-25_21:29:30.00,634.0,-78.08,-80.62,2
2016-07-25_21:29:30.00,636.0,-81.53,-76.7,3
2016-07-25_21:29:30.00,638.0,-81.33,-83.05,2
2016-07-25_21:29:30.00,640.0,-84.32,-80.91,3
2016-07-25_21:29:30.00,642.0,-78.06,-81.02,2
2016-07-25_21:29:30.00,644.0,-79.92,-74.48,3
2016-07-25_21:29:30.00,646.0,-77.29,-74.27,3
2016-07-25_21:29:30.00,648.0,-76.5,-81.4,1
2016-07-25_21:29:30.00,650.0,-70.58,-78.45,1
2016-07-25_21:29:30.00,652.0,-73.77,-79.31,1
2016-07-25_21:29:30.00,654.0,-74.29,-81.17,1
2016-07-25_21:29:30.00,656.0,-78.9,-81.48,2
2016-07-25_21:29:30.00,658.0,-84.85,-81.61,3
2016-07-25_21:29:30.00,660.0,-80.64,-83.73,1
2016-07-25_21:29:30.00,662.0,-82.8,-83.26,2
2016-07-25_21:29:30.00,664.0,-85.23,-81.12,3
2016-07-25_21:29:30.00,666.0,-80.26,-78.69,2
2016-07-25_21:29:30.00,668.0,-87.52,-76.95,3
2016-07-25_21:29:30.00,670.0,-81.64,-82.59,2
2016-07-25_21:29:30.00,672.0,-83.64,-77.93,3
2016-07-25_21:29:30.00,674.0,-80.08,-79.99,2
2016-07-25_21:29:30.00,676.0,-80.26,-78.4,2
2016-07-25_21:29:30.00,678.0,-80.31,-75.95,3
2016-07-25_21:29:30.00,680.0,-84.44,-78.35,3
2016-07-25_21:29:30.00,682.0,-80.75,-81.02,2
2016-07-25_21:29:30.00,684.0,-85.77,-81.45,3
2016-07-25_21:29:30.00,686.0,-78.6,-82.03,1
2016-07-25_21:29:30.00,688.0,-82.88,-81.47,2
2016-07-25_21:29:30.00,690.0,-83.15,-85.16,2
2016-07-25_21:29:30.00,692.0,-73.7,-85.95,1
2016-07-25_21:29:30.00,694.0,-82.91,-85.36,2
2016-07-25_21:29:30.00,696.0,-79.76,-86.14,1
2016-07-25_21:29:30.00,698.0,-81.05,-85.6,1
2016-07-25_21:29:30.00,700.0,-77.06,-82.58,1
2016-07-25_21:29:30.00,702.0,-79.58,-85.24,1
2016-07-25_21:29:30.00,704.0,-83.16,-84.33,2
2016-07-25_21:29:30.00,706.0,-82.07,-82.32,2
2016-07-25_21:29:30.00,708.0,-81.6,-79.64,2
2016-07-25_21:29:30.00,710.0,-78.25,-83.5,1
2016-07-25_21:29:30.00,712.0,-82.13,-78.22,3
2016-07-25_21:29:30.00,714.0,-76.32,-79.43,1
2016-07-25_21:29:30.00,716.0,-83.84,-82.46,2
2016-07-25_21:29:40.00,632.0,-76.02,-81.16,1
2016-07-25_21:29:40.00,634.0,-76.48,-75.63,2
2016-07-25_21:29:40.00,636.0,-76.96,-80.65,1
2016-07-25_21:29:40.00,638.0,-82.68,-77.1,3
2016-07-25_21:29:40.00,640.0,-83.3,-74.91,3
2016-07-25_21:29:40.00,642.0,-78.75,-84.32,1
2016-07-25_21:29:40.00,644.0,-72.47,-74.91,2
2016-07-25_21:29:40.00,646.0,-68.89,-74.9,1
2016-07-25_21:29:40.00,648.0,-72.37,-75.59,1
2016-07-25_21:29:40.00,650.0,-71.84,-78.97,1
2016-07-25_21:29:40.00,652.0,-75.86,-84.09,1
2016-07-25_21:29:40.00,654.0,-84.35,-82.55,2
2016-07-25_21:29:40.00,656.0,-79.13,-80.14,2
2016-07-25_21:29:40.00,658.0,-79.98,-82.38,2
2016-07-25_21:29:40.00,660.0,-84.32,-84.17,2
2016-07-25_21:29:40.00,662.0,-84.21,-80.82,3
2016-07-25_21:29:40.00,664.0,-83.29,-81.76,2
2016-07-25_21:29:40.00,666.0,-80.96,-77.21,3
2016-07-25_21:29:40.00,668.0,-82.25,-80.46,2
2016-07-25_21:29:40.00,670.0,-80.02,-74.41,3
2016-07-25_21:29:40.00,672.0,-79.9,-79.81,2
2016-07-25_21:29:40.00,674.0,-88.0,-82.9,3
2016-07-25_21:29:40.00,676.0,-82.88,-82.9,2
2016-07-25_21:29:40.00,678.0,-79.87,-81.07,2
2016-07-25_21:29:40.00,680.0,-79.43,-84.55,1
2016-07-25_21:29:40.00,682.0,-82.81,-80.43,2
2016-07-25_21:29:40.00,684.0,-77.54,-80.95,1
2016-07-25_21:29:40.00,686.0,-83.74,-83.71,2
2016-07-25_21:29:40.00,688.0,-79.88,-81.5,2
2016-07-25_21:29:40.00,690.0,-80.61,-84.31,1
2016-07-25_21:29:40.00,692.0,-80.75,-82.09,2
2016-07-25_21:29:40.00,694.0,-81.11,-83.69,2
2016-07-25_21:29:40.00,696.0,-79.74,-78.88,2
2016-07-25_21:29:40.00,698.0,-82.47,-79.83,2
2016-07-25_21:29:40.00,700.0,-78.4,-80.17,2
2016-07-25_21:29:40.00,702.0,-79.74,-82.85,1
2016-07-25_21:29:40.00,704.0,-85.2,-83.18,2
2016-07-25_21:29:40.00,706.0,-82.57,-80.14,2
2016-07-25_21:29:40.00,708.0,-80.13,-80.45,2
2016-07-25_21:29:40.00,710.0,-76.83,-89.9,1
2016-07-25_21:29:40.00,712.0,-75.78,-81.62,1
2016-07-25_21:29:40.00,714.0,-77.28,-89.63,1
2016-07-25_21:29:40.00,716.0,-77.75,-81.81,1
2016-07-25_21:29:40.00,718.0,-76.98,-78.79,2
2016-07-25_21:29:40.00,720.0,-77.68,-84.21,1
2016-07-25_21:29:40.00,722.0,-78.3,-85.58,1
2016-07-25_21:29:50.00,680.0,-78.1,-81.57,1
2016-07-25_21:29:50.00,682.0,-77.54,-81.04,1
2016-07-25_21:29:50.00,684.0,-77.6,-83.78,1
2016-07-25_21:29:50.00,686.0,-80.9,-84.73,1
2016-07-25_21:29:50.00,688.0,-78.86,-80.24,2
2016-07-25_21:29:50.00,690.0,-78.44,-83.92,1
2016-07-25_21:29:50.00,692.0,-81.14,-85.58,1
2016-07-25_21:29:50.00,694.0,-80.39,-86.74,1
2016-07-25_21:29:50.00,696.0,-82.2,-79.58,2
2016-07-25_21:29:50.00,698.0,-77.76,-84.14,1
2016-07-25_21:29:50.00,700.0,-74.72,-82.2,1
2016-07-25_21:29:50.00,702.0,-83.76,-85.97,2
2016-07-25_21:29:50.00,704.0,-82.93,-81.92,2
2016-07-25_21:29:50.00,706.0,-75.38,-78.38,2
2016-07-25_21:29:50.00,708.0,-79.25,-80.37,2
2016-07-25_21:29:50.00,710.0,-81.14,-81.97,2
2016-07-25_21:29:50.00,712.0,-76.61,-80.54,1
2016-07-25_21:29:50.00,714.0,-80.52,-84.66,1
2016-07-25_21:29:50.00,716.0,-81.4,-75.42,3
2016-07-25_21:29:50.00,718.0,-81.79,-81.45,2
2016-07-25_21:29:50.00,720.0,-76.17,-85.03,1
2016-07-25_21:29:50.00,722.0,-76.45,-83.25,1
2016-07-25_21:29:50.00,724.0,-79.18,-83.62,1
2016-07-25_21:29:50.00,726.0,-74.1,-80.09,1
2016-07-25_21:29:50.00,728.0,-74.75,-83.86,1
2016-07-25_21:29:50.00,730.0,-75.08,-82.07,1
2016-07-25_21:29:50.00,732.0,-75.33,-84.17,1
2016-07-25_21:29:50.00,734.0,-75.67,-77.69,2
2016-07-25_21:29:50.00,736.0,-80.49,-81.7,2
2016-07-25_21:29:50.00,738.0,-75.34,-83.29,1
2016-07-25_21:29:50.00,740.0,-74.48,-84.44,1
2016-07-25_21:29:50.00,742.0,-80.66,-82.19,2
2016-07-25_21:29:50.00,744.0,-79.24,-87.47,1
2016-07-25_21:29:50.00,746.0,-78.82,-83.32,1
2016-07-25_21:29:50.00,748.0,-80.99,-80.19,2
2016-07-25_21:29:50.00,750.0,-82.1,-82.82,2
2016-07-25_21:29:50.00,752.0,-80.28,-85.98,1
2016-07-25_21:29:50.00,754.0,-81.67,-83.02,2
2016-07-25_21:29:50.00,756.0,-79.26,-81.48,2
2016-07-25_21:29:50.00,758.0,-82.11,-82.84,2
2016-07-25_21:29:50.00,760.0,-77.71,-89.28,1
2016-07-25_21:29:50.00,762.0,-79.82,-85.54,1
2016-07-25_21:29:50.00,764.0,-79.25,-85.17,1
2016-07-25_21:29:50.00,766.0,-83.53,-88.84,1
2016-07-25_21:29:50.00,768.0,-79.54,-83.98,1
2016-07-25_21:29:50.00,770.0,-79.25,-86.98,1
2016-07-25_21:29:50.00,772.0,-79.57,-84.22,1
2016-07-25_21:29:50.00,774.0,-81.52,-79.94,2
2016-07-25_21:29:50.00,776.0,-77.28,-85.04,1
2016-07-25_21:29:50.00,778.0,-79.85,-81.04,2
2016-07-25_21:30:00.00,680.0,-79.4,-79.72,2
2016-07-25_21:30:00.00,682.0,-78.45,-81.95,1
2016-07-25_21:30:00.00,684.0,-75.36,-81.47,1
2016-07-25_21:30:00.00,686.0,-76.59,-81.55,1
2016-07-25_21:30:00.00,688.0,-78.39,-83.22,1
2016-07-25_21:30:00.00,690.0,-78.51,-81.24,2
2016-07-25_21:30:00.00,692.0,-77.67,-82.48,1
2016-07-25_21:30:00.00,694.0,-81.14,-82.46,2
2016-07-25_21:30:00.00,696.0,-78.31,-82.9,1
2016-07-25_21:30:00.00,698.0,-77.88,-84.43,1
2016-07-25_21:30:00.00,700.0,-81.97,-83.99,2
2016-07-25_21:30:00.00,702.0,-78.58,-81.09,2
2016-07-25_21:30:00.00,704.0,-80.46,-87.65,1
2016-07-25_21:30:00.00,706.0,-80.62,-84.41,1
2016-07-25_21:30:00.00,708.0,-81.66,-82.45,2
2016-07-25_21:30:00.00,710.0,-73.12,-78.1,1
2016-07-25_21:30:00.00,712.0,-78.0,-81.05,1
2016-07-25_21:30:00.00,714.0,-77.75,-78.29,2
2016-07-25_21:30:00.00,716.0,-74.47,-79.62,1
2016-07-25_21:30:00.00,718.0,-75.03,-80.53,1
2016-07-25_21:30:00.00,720.0,-75.85,-80.3,1
2016-07-25_21:30:00.00,722.0,-77.77,-82.96,1
2016-07-25_21:30:00.00,724.0,-76.88,-83.31,1
2016-07-25_21:30:00.00,726.0,-75.16,-81.36,1
2016-07-25_21:30:00.00,728.0,-73.18,-83.42,1
2016-07-25_21:30:00.00,730.0,-74.51,-77.97,1
2016-07-25_21:30:00.00,732.0,-76.07,-83.63,1
2016-07-25_21:30:00.00,734.0,-73.06,-82.49,1
2016-07-25_21:30:00.00,736.0,-77.58,-80.33,2
2016-07-25_21:30:00.00,738.0,-79.48,-83.99,1
2016-07-25_21:30:00.00,740.0,-74.75,-82.59,1
2016-07-25_21:30:00.00,742.0,-77.88,-83.27,1
2016-07-25_21:30:00.00,744.0,-79.71,-83.2,1
2016-07-25_21:30:00.00,746.0,-78.55,-84.39,1
2016-07-25_21:30:00.00,748.0,-76.09,-83.52,1
2016-07-25_21:30:00.00,750.0,-79.63,-85.72,1
2016-07-25_21:30:00.00,752.0,-77.82,-82.28,1
2016-07-25_21:30:00.00,754.0,-77.21,-82.47,1
2016-07-25_21:30:00.00,756.0,-80.21,-83.21,1
2016-07-25_21:30:00.00,758.0,-76.8,-82.28,1
2016-07-25_21:30:00.00,760.0,-79.83,-81.36,2
2016-07-25_21:30:00.00,762.0,-80.7,-83.15,2
2016-07-25_21:30:00.00,764.0,-78.0,-83.03,1
2016-07-25_21:30:00.00,766.0,-77.91,-81.23,1
2016-07-25_21:30:00.00,768.0,-80.43,-84.27,1
2016-07-25_21:30:00.00,770.0,-80.14,-84.1,1
2016-07-25_21:30:00.00,772.0,-77.74,-86.98,1
2016-07-25_21:30:00.00,774.0,-80.28,-85.51,1
2016-07-25_21:30:00.00,776.0,-79.22,-82.06,2
2016-07-25_21:30:00.00,778.0,-79.25,-84.05,1
2016-07-25_21:30:10.00,698.0,-79.98,-83.78,1
2016-07-25_21:30:10.00,700.0,-78.17,-80.46,2
2016-07-25_21:30:10.00,702.0,-78.75,-80.24,2
2016-07-25_21:30:10.00,704.0,-79.52,-78.42,2
2016-07-25_21:30:10.00,706.0,-79.82,-80.72,2
2016-07-25_21:30:10.00,708.0,-76.45,-85.77,1
2016-07-25_21:30:10.00,710.0,-79.98,-80.69,2
2016-07-25_21:30:10.00,712.0,-81.25,-81.69,2
2016-07-25_21:30:10.00,714.0,-80.69,-81.47,2
2016-07-25_21:30:10.00,716.0,-79.48,-79.53,2
2016-07-25_21:30:10.00,718.0,-81.11,-79.89,2
2016-07-25_21:30:10.00,720.0,-78.11,-81.88,1
2016-07-25_21:30:10.00,722.0,-77.85,-85.52,1
2016-07-25_21:30:10.00,724.0,-74.87,-80.89,1
2016-07-25_21:30:10.00,726.0,-75.34,-85.27,1
2016-07-25_21:30:10.00,728.0,-75.01,-77.06,2
2016-07-25_21:30:10.00,730.0,-79.75,-81.88,2
2016-07-25_21:30:10.00,732.0,-74.03,-83.73,1
2016-07-25_21:30:10.00,734.0,-78.03,-78.58,2
2016-07-25_21:30:10.00,736.0,-81.15,-80.45,2
2016-07-25_21:30:10.00,738.0,-82.22,-84.56,2
2016-07-25_21:30:10.00,740.0,-78.66,-81.09,2
2016-07-25_21:30:10.00,742.0,-82.14,-79.67,2
2016-07-25_21:30:10.00,744.0,-82.1,-86.61,1
2016-07-25_21:30:10.00,746.0,-82.46,-76.75,3
2016-07-25_21:30:10.00,748.0,-76.6,-83.75,1
2016-07-25_21:30:10.00,750.0,-78.99,-81.76,2
2016-07-25_21:30:10.00,752.0,-77.52,-82.77,1
2016-07-25_21:30:10.00,754.0,-80.87,-84.62,1
2016-07-25_21:30:10.00,756.0,-78.07,-88.55,1
2016-07-25_21:30:10.00,758.0,-76.6,-81.75,1
2016-07-25_21:30:10.00,760.0,-82.75,-85.7,2
2016-07-25_21:30:10.00,762.0,-79.44,-82.28,2
2016-07-25_21:30:10.00,764.0,-75.93,-83.35,1
2016-07-25_21:30:10.00,766.0,-76.69,-84.12,1
2016-07-25_21:30:10.00,768.0,-72.19,-85.37,1
2016-07-25_21:30:10.00,770.0,-80.13,-82.47,2
2016-07-25_21:30:10.00,772.0,-82.1,-83.6,2
2016-07-25_21:30:10.00,774.0,-80.82,-88.07,1
2016-07-25_21:30:10.00,776.0,-79.92,-88.59,1
2016-07-25_21:30:10.00,778.0,-78.98,-84.31,1
2016-07-25_21:30:10.00,780.0,-83.39,-84.51,2
2016-07-25_21:30:10.00,782.0,-82.34,-89.1,1
2016-07-25_21:30:10.00,784.0,-86.28,-83.45,2
2016-07-25_21:30:10.00,786.0,-80.7,-84.25,1
2016-07-25_21:30:10.00,788.0,-78.59,-84.83,1
2016-07-25_21:30:10.00,790.0,-78.91,-85.28,1
2016-07-25_21:30:10.00,792.0,-80.23,-86.67,1
2016-07-25_21:30:10.00,794.0,-79.73,-85.09,1
2016-07-25_21:30:10.00,796.0,-81.41,-87.76,1
2016-07-25_21:30:20.00,720.0,-74.5,-83.33,1
2016-07-25_21:30:20.00,722.0,-75.94,-79.76,1
2016-07-25_21:30:20.00,724.0,-76.98,-82.03,1
2016-07-25_21:30:20.00,726.0,-73.36,-81.34,1
2016-07-25_21:30:20.00,728.0,-77.82,-81.08,1
2016-07-25_21:30:20.00,730.0,-74.23,-84.44,1
2016-07-25_21:30:20.00,732.0,-79.63,-80.18,2
2016-07-25_21:30:20.00,734.0,-80.31,-77.57,2
2016-07-25_21:30:20.00,736.0,-74.35,-84.54,1
2016-07-25_21:30:20.00,738.0,-79.25,-86.11,1
2016-07-25_21:30:20.00,740.0,-82.22,-83.94,2
2016-07-25_21:30:20.00,742.0,-75.94,-82.63,1
2016-07-25_21:30:20.00,744.0,-77.83,-81.61,1
2016-07-25_21:30:20.00,746.0,-75.72,-84.18,1
2016-07-25_21:30:20.00,748.0,-76.42,-82.62,1
2016-07-25_21:30:20.00,750.0,-79.22,-80.57,2
2016-07-25_21:30:20.00,752.0,-79.93,-84.81,1
2016-07-25_21:30:20.00,754.0,-79.78,-87.45,1
2016-07-25_21:30:20.00,756.0,-77.9,-82.37,1
2016-07-25_21:30:20.00,758.0,-81.57,-85.66,1
2016-07-25_21:30:20.00,760.0,-77.46,-88.04,1
2016-07-25_21:30:20.00,762.0,-82.55,-89.16,1
2016-07-25_21:30:20.00,764.0,-78.32,-83.21,1
2016-07-25_21:30:20.00,766.0,-81.44,-82.45,2
2016-07-25_21:30:20.00,768.0,-78.72,-82.29,1
2016-07-25_21:30:20.00,770.0,-79.41,-81.15,2
2016-07-25_21:30:20.00,772.0,-80.61,-83.93,1
2016-07-25_21:30:20.00,774.0,-79.13,-85.48,1
2016-07-25_21:30:20.00,776.0,-83.18,-84.91,2
2016-07-25_21:30:20.00,778.0,-81.92,-82.85,2
2016-07-25_21:30:20.00,780.0,-81.69,-86.9,1
2016-07-25_21:30:20.00,782.0,-79.49,-87.59,1
2016-07-25_21:30:20.00,784.0,-80.99,-85.71,1
2016-07-25_21:30:20.00,786.0,-77.31,-82.55,1
2016-07-25_21:30:20.00,788.0,-85.08,-82.76,2
2016-07-25_21:30:20.00,790.0,-87.7,-88.85,2
2016-07-25_21:30:20.00,792.0,-79.34,-83.96,1
2016-07-25_21:30:20.00,794.0,-85.29,-86.31,2
2016-07-25_21:30:20.00,796.0,-77.49,-88.37,1
2016-07-25_21:30:20.00,798.0,-83.1,-86.15,1
2016-07-25_21:30:20.00,800.0,-84.13,-82.27,2
2016-07-25_21:30:20.00,802.0,-84.19,-89.09,1
2016-07-25_21:30:20.00,804.0,-82.73,-86.27,1
2016-07-25_21:30:20.00,806.0,-78.97,-84.3,1
2016-07-25_21:30:20.00,808.0,-79.5,-92.25,1
2016-07-25_21:30:20.00,810.0,-80.67,-83.33,2
2016-07-25_21:30:20.00,812.0,-81.6,-85.95,1
2016-07-25_21:30:20.00,814.0,-83.14,-83.2,2
2016-07-25_21:30:20.00,816.0,-74.84,-85.99,1
2016-07-25_21:30:20.00,818.0,-78.46,-89.75,1
2016-07-25_21:30:30.00,750.0,-76.19,-84.81,1
2016-07-25_21:30:30.00,752.0,-79.1,-84.4,1
2016-07-25_21:30:30.00,754.0,-80.36,-88.86,1
2016-07-25_21:30:30.00,756.0,-77.33,-84.79,1
2016-07-25_21:30:30.00,758.0,-79.32,-88.4,1
2016-07-25_21:30:30.00,760.0,-78.31,-84.19,1
2016-07-25_21:30:30.00,762.0,-78.77,-86.04,1
2016-07-25_21:30:30.00,764.0,-76.75,-81.44,1
2016-07-25_21:30:30.00,766.0,-79.33,-86.06,1
2016-07-25_21:30:30.00,768.0,-77.46,-81.46,1
2016-07-25_21:30:30.00,770.0,-80.22,-87.52,1
2016-07-25_21:30:30.00,772.0,-79.32,-80.35,2
2016-07-25_21:30:30.00,774.0,-77.42,-81.01,1
2016-07-25_21:30:30.00,776.0,-81.49,-86.57,1
2016-07-25_21:30:30.00,778.0,-80.38,-84.58,1
2016-07-25_21:30:30.00,780.0,-75.43,-83.51,1
2016-07-25_21:30:30.00,782.0,-78.99,-84.14,1
2016-07-25_21:30:30.00,784.0,-83.81,-87.88,1
2016-07-25_21:30:30.00,786.0,-81.25,-85.48,1
2016-07-25_21:30:30.00,788.0,-79.04,-87.58,1
2016-07-25_21:30:30.00,790.0,-83.45,-83.49,2
2016-07-25_21:30:30.00,792.0,-85.11,-87.62,2
2016-07-25_21:30:30.00,794.0,-78.06,-91.97,1
2016-07-25_21:30:30.00,796.0,-83.57,-84.38,2
2016-07-25_21:30:30.00,798.0,-81.09,-83.19,2
2016-07-25_21:30:30.00,800.0,-80.66,-87.0,1
2016-07-25_21:30:30.00,802.0,-80.87,-82.69,2
2016-07-25_21:30:30.00,804.0,-82.81,-86.06,1
2016-07-25_21:30:30.00,806.0,-82.85,-77.24,3
2016-07-25_21:30:30.00,808.0,-77.82,-87.34,1
2016-07-25_21:30:30.00,810.0,-76.01,-83.63,1
2016-07-25_21:30:30.00,812.0,-79.86,-81.42,2
2016-07-25_21:30:30.00,814.0,-80.56,-84.52,1
2016-07-25_21:30:30.00,816.0,-79.39,-83.37,1
2016-07-25_21:30:30.00,818.0,-82.1,-83.26,2
2016-07-25_21:30:30.00,820.0,-82.96,-84.09,2
2016-07-25_21:30:30.00,822.0,-80.46,-81.58,2
2016-07-25_21:30:30.00,824.0,-80.87,-86.34,1
2016-07-25_21:30:30.00,826.0,-77.11,-82.31,1
2016-07-25_21:30:30.00,828.0,-74.8,-83.09,1
2016-07-25_21:30:30.00,830.0,-80.52,-78.46,2
2016-07-25_21:30:30.00,832.0,-78.89,-81.42,2
2016-07-25_21:30:30.00,834.0,-76.42,-81.99,1
2016-07-25_21:30:30.00,836.0,-84.87,-79.13,3
2016-07-25_21:30:30.00,838.0,-81.21,-81.9,2
2016-07-25_21:30:30.00,840.0,-84.34,-80.86,3
2016-07-25_21:30:30.00,842.0,-78.95,-80.08,2
2016-07-25_21:30:30.00,844.0,-82.59,-82.62,2
2016-07-25_21:30:30.00,846.0,-76.62,-83.76,1
2016-07-25_21:30:30.00,848.0,-78.2,-85.35,1
2016-07-25_21:30:40.00,788.0,-80.32,-84.59,1
2016-07-25_21:30:40.00,790.0,-82.73,-90.21,1
2016-07-25_21:30:40.00,792.0,-81.28,-86.4,1
2016-07-25_21:30:40.00,794.0,-80.05,-87.33,1
2016-07-25_21:30:40.00,796.0,-78.94,-83.45,1
2016-07-25_21:30:40.00,798.0,-80.74,-85.9,1
2016-07-25_21:30:40.00,800.0,-80.17,-85.49,1
2016-07-25_21:30:40.00,802.0,-79.85,-82.28,2
2016-07-25_21:30:40.00,804.0,-80.17,-83.92,1
2016-07-25_21:30:40.00,806.0,-78.89,-82.08,1
2016-07-25_21:30:40.00,808.0,-78.83,-83.69,1
2016-07-25_21:30:40.00,810.0,-78.76,-85.5,1
2016-07-25_21:30:40.00,812.0,-77.44,-85.11,1
2016-07-25_21:30:40.00,814.0,-79.01,-85.7,1
2016-07-25_21:30:40.00,816.0,-78.94,-84.72,1
2016-07-25_21:30:40.00,818.0,-77.33,-80.72,1
2016-07-25_21:30:40.00,820.0,-77.22,-80.84,1
2016-07-25_21:30:40.00,822.0,-79.17,-82.43,1
2016-07-25_21:30:40.00,824.0,-78.32,-79.81,2
2016-07-25_21:30:40.00,826.0,-80.71,-80.94,2
2016-07-25_21:30:40.00,828.0,-76.28,-84.35,1
2016-07-25_21:30:40.00,830.0,-78.35,-80.97,2
2016-07-25_21:30:40.00,832.0,-79.95,-79.69,2
2016-07-25_21:30:40.00,834.0,-75.92,-77.69,2
2016-07-25_21:30:40.00,836.0,-78.89,-83.16,1
2016-07-25_21:30:40.00,838.0,-79.16,-80.75,2
2016-07-25_21:30:40.00,840.0,-81.48,-84.07,2
2016-07-25_21:30:40.00,842.0,-82.75,-81.7,2
2016-07-25_21:30:40.00,844.0,-82.88,-84.68,2
2016-07-25_21:30:40.00,846.0,-78.88,-84.55,1
2016-07-25_21:30:40.00,848.0,-78.78,-83.36,1
2016-07-25_21:30:40.00,850.0,-82.29,-83.44,2
2016-07-25_21:30:40.00,852.0,-80.64,-85.95,1
2016-07-25_21:30:40.00,854.0,-81.2,-83.55,2
2016-07-25_21:30:40.00,856.0,-77.34,-85.92,1
2016-07-25_21:30:40.00,858.0,-82.09,-85.97,1
2016-07-25_21:30:40.00,860.0,-79.24,-87.71,1
2016-07-25_21:30:40.00,862.0,-81.07,-87.89,1
2016-07-25_21:30:40.00,864.0,-80.06,-84.54,1
2016-07-25_21:30:40.00,866.0,-78.44,-85.38,1
2016-07-25_21:30:40.00,868.0,-79.04,-86.59,1
2016-07-25_21:30:40.00,870.0,-79.47,-86.64,1
2016-07-25_21:30:40.00,872.0,-80.22,-84.01,1
2016-07-25_21:30:40.00,874.0,-80.1,-86.71,1
2016-07-25_21:30:40.00,876.0,-80.09,-85.55,1
2016-07-25_21:30:40.00,878.0,-81.1,-86.67,1
2016-07-25_21:30:40.00,880.0,-81.74,-87.94,1
2016-07-25_21:30:40.00,882.0,-81.15,-86.54,1
2016-07-25_21:30:40.00,884.0,-81.35,-85.15,1
2016-07-25_21:30:50.00,830.0,-78.25,-81.48,1
2016-07-25_21:30:50.00,832.0,-81.31,-80.54,2
2016-07-25_21:30:50.00,834.0,-77.16,-84.06,1
2016-07-25_21:30:50.00,836.0,-78.17,-83.68,1
2016-07-25_21:30:50.00,838.0,-80.98,-82.61,2
2016-07-25_21:30:50.00,840.0,-75.78,-84.71,1
2016-07-25_21:30:50.00,842.0,-79.18,-88.5,1
2016-07-25_21:30:50.00,844.0,-83.26,-90.09,1
2016-07-25_21:30:50.00,846.0,-77.26,-85.77,1
2016-07-25_21:30:50.00,848.0,-81.89,-83.05,2
2016-07-25_21:30:50.00,850.0,-80.34,-82.95,2
2016-07-25_21:30:50.00,852.0,-80.31,-82.83,2
2016-07-25_21:30:50.00,854.0,-82.49,-80.26,2
2016-07-25_21:30:50.00,856.0,-78.38,-88.08,1
2016-07-25_21:30:50.00,858.0,-87.61,-85.27,2
2016-07-25_21:30:50.00,860.0,-81.79,-85.93,1
2016-07-25_21:30:50.00,862.0,-88.31,-86.99,2
2016-07-25_21:30:50.00,864.0,-77.44,-87.2,1
2016-07-25_21:30:50.00,866.0,-80.35,-88.5,1
2016-07-25_21:30:50.00,868.0,-80.25,-85.91,1
2016-07-25_21:30:50.00,870.0,-81.05,-83.91,2
2016-07-25_21:30:50.00,872.0,-81.64,-87.61,1
2016-07-25_21:30:50.00,874.0,-82.75,-89.98,1
2016-07-25_21:30:50.00,876.0,-80.87,-83.42,2
2016-07-25_21:30:50.00,878.0,-87.03,-90.49,1
2016-07-25_21:30:50.00,880.0,-82.8,-92.18,1
2016-07-25_21:30:50.00,882.0,-81.39,-86.6,1
2016-07-25_21:30:50.00,884.0,-86.59,-86.83,2
2016-07-25_21:30:50.00,886.0,-84.9,-88.84,1
2016-07-25_21:30:50.00,888.0,-81.0,-84.78,1
2016-07-25_21:30:50.00,890.0,-81.32,-90.91,1
2016-07-25_21:30:50.00,892.0,-79.71,-85.8,1
2016-07-25_21:30:50.00,894.0,-84.34,-90.11,1
2016-07-25_21:30:50.00,896.0,-78.78,-90.51,1
2016-07-25_21:30:50.00,898.0,-80.06,-87.55,1
2016-07-25_21:30:50.00,900.0,-82.88,-86.97,1
2016-07-25_21:30:50.00,902.0,-78.46,-87.88,1
2016-07-25_21:30:50.00,904.0,-79.24,-82.92,1
2016-07-25_21:30:50.00,906.0,-82.21,-85.48,1
2016-07-25_21:30:50.00,908.0,-81.96,-82.89,2
2016-07-25_21:30:50.00,910.0,-82.11,-85.66,1
2016-07-25_21:30:50.00,912.0,-80.07,-83.31,1
2016-07-25_21:30:50.00,914.0,-80.02,-84.89,1
2016-07-25_21:30:50.00,916.0,-78.75,-83.85,1
2016-07-25_21:30:50.00,918.0,-84.06,-86.82,2
2016-07-25_21:30:50.00,920.0,-77.91,-83.74,1
2016-07-25_21:30:50.00,922.0,-80.3,-89.41,1
2016-07-25_21:30:50.00,924.0,-84.41,-85.06,2
2016-07-25_21:30:50.00,926.0,-82.58,-88.65,1
2016-07-25_21:30:50.00,928.0,-77.95,-86.53,1
2016-07-25_21:30:50.00,930.0,-80.51,-86.72,1
2016-07-25_21:30:50.00,932.0,-78.58,-82.98,1
2016-07-25_21:31:00.00,854.0,-69.57,-84.29,1
2016-07-25_21:31:00.00,856.0,-77.13,-80.92,1
2016-07-25_21:31:00.00,858.0,-78.96,-90.07,1
2016-07-25_21:31:00.00,860.0,-78.57,-82.45,1
2016-07-25_21:31:00.00,862.0,-82.03,-91.57,1
2016-07-25_21:31:00.00,864.0,-82.61,-85.39,2
2016-07-25_21:31:00.00,866.0,-80.27,-83.94,1
2016-07-25_21:31:00.00,868.0,-82.04,-82.58,2
2016-07-25_21:31:00.00,870.0,-81.38,-83.15,2
2016-07-25_21:31:00.00,872.0,-83.63,-89.7,1
2016-07-25_21:31:00.00,874.0,-78.54,-83.93,1
2016-07-25_21:31:00.00,876.0,-77.2,-86.48,1
2016-07-25_21:31:00.00,878.0,-79.82,-87.0,1
2016-07-25_21:31:00.00,880.0,-81.14,-87.19,1
2016-07-25_21:31:00.00,882.0,-81.43,-86.37,1
2016-07-25_21:31:00.00,884.0,-76.49,-85.8,1
2016-07-25_21:31:00.00,886.0,-79.16,-87.9,1
2016-07-25_21:31:00.00,888.0,-82.88,-86.46,1
2016-07-25_21:31:00.00,890.0,-83.37,-88.87,1
2016-07-25_21:31:00.00,892.0,-82.73,-85.67,2
2016-07-25_21:31:00.00,894.0,-81.02,-87.82,1
2016-07-25_21:31:00.00,896.0,-78.23,-87.86,1
2016-07-25_21:31:00.00,898.0,-82.26,-83.02,2
2016-07-25_21:31:00.00,900.0,-78.98,-85.01,1
2016-07-25_21:31:00.00,902.0,-81.84,-84.57,2
2016-07-25_21:31:00.00,904.0,-82.55,-89.75,1
2016-07-25_21:31:00.00,906.0,-79.65,-84.37,1
2016-07-25_21:31:00.00,908.0,-81.59,-84.49,2
2016-07-25_21:31:00.00,910.0,-81.51,-85.72,1
2016-07-25_21:31:00.00,912.0,-83.03,-82.66,2
2016-07-25_21:31:00.00,914.0,-81.0,-83.57,2
2016-07-25_21:31:00.00,916.0,-81.75,-86.97,1
2016-07-25_21:31:00.00,918.0,-81.44,-85.49,1
2016-07-25_21:31:00.00,920.0,-80.14,-84.24,1
2016-07-25_21:31:00.00,922.0,-79.23,-87.08,1
2016-07-25_21:31:00.00,924.0,-81.71,-85.4,1
2016-07-25_21:31:00.00,926.0,-77.81,-89.12,1
2016-07-25_21:31:00.00,928.0,-77.83,-85.79,1
2016-07-25_21:31:00.00,930.0,-79.02,-85.55,1
2016-07-25_21:31:00.00,932.0,-78.71,-86.08,1
2016-07-25_21:31:00.00,934.0,-80.31,-87.45,1
2016-07-25_21:31:00.00,936.0,-78.13,-86.71,1
2016-07-25_21:31:00.00,938.0,-77.23,-86.25,1
2016-07-25_21:31:00.00,940.0,-81.97,-87.73,1
2016-07-25_21:31:00.00,942.0,-84.19,-87.15,2
2016-07-25_21:31:00.00,944.0,-76.44,-83.71,1
2016-07-25_21:31:00.00,946.0,-81.8,-87.32,1
2016-07-25_21:31:00.00,948.0,-79.73,-85.18,1
2016-07-25_21:31:00.00,950.0,-85.49,-87.43,2
2016-07-25_21:31:00.00,952.0,-78.61,-88.25,1
2016-07-25_21:31:00.00,954.0,-82.35,-87.46,1
2016-07-25_21:31:00.00,956.0,-84.01,-84.75,2
2016-07-25_21:31:00.00,958.0,-82.65,-84.35,2
2016-07-25_21:31:10.00,904.0,-80.86,-81.29,2
2016-07-25_21:31:10.00,906.0,-82.86,-82.76,2
2016-07-25_21:31:10.00,908.0,-75.52,-88.38,1
2016-07-25_21:31:10.00,910.0,-81.5,-85.64,1
2016-07-25_21:31:10.00,912.0,-79.25,-85.34,1
2016-07-25_21:31:10.00,914.0,-78.72,-88.09,1
2016-07-25_21:31:10.00,916.0,-79.95,-89.81,1
2016-07-25_21:31:10.00,918.0,-82.05,-85.33,1
2016-07-25_21:31:10.00,920.0,-79.38,-87.35,1
2016-07-25_21:31:10.00,922.0,-79.92,-91.28,1
2016-07-25_21:31:10.00,924.0,-76.05,-88.76,1
2016-07-25_21:31:10.00,926.0,-80.8,-89.38,1
2016-07-25_21:31:10.00,928.0,-79.34,-89.1,1
2016-07-25_21:31:10.00,930.0,-78.0,-83.92,1
2016-07-25_21:31:10.00,932.0,-82.32,-86.71,1
2016-07-25_21:31:10.00,934.0,-79.26,-85.08,1
2016-07-25_21:31:10.00,936.0,-81.57,-84.9,1
2016-07-25_21:31:10.00,938.0,-80.3,-88.26,1
2016-07-25_21:31:10.00,940.0,-82.3,-84.92,2
2016-07-25_21:31:10.00,942.0,-79.65,-84.78,1
2016-07-25_21:31:10.00,944.0,-77.08,-85.81,1
2016-07-25_21:31:10.00,946.0,-80.92,-90.09,1
2016-07-25_21:31:10.00,948.0,-79.77,-89.79,1
2016-07-25_21:31:10.00,950.0,-84.02,-83.49,2
2016-07-25_21:31:10.00,952.0,-79.55,-84.93,1
2016-07-25_21:31:10.00,954.0,-80.91,-89.83,1
2016-07-25_21:31:10.00,956.0,-80.62,-85.61,1
2016-07-25_21:31:10.00,958.0,-79.09,-81.85,2
2016-07-25_21:31:10.00,960.0,-77.11,-83.95,1
2016-07-25_21:31:10.00,962.0,-78.61,-87.2,1
2016-07-25_21:31:10.00,964.0,-76.45,-84.88,1
2016-07-25_21:31:10.00,966.0,-78.16,-85.25,1
2016-07-25_21:31:10.00,968.0,-81.4,-92.17,1
2016-07-25_21:31:10.00,970.0,-76.11,-85.43,1
2016-07-25_21:31:10.00,972.0,-85.79,-90.56,1
2016-07-25_21:31:10.00,974.0,-76.65,-83.64,1
2016-07-25_21:31:10.00,976.0,-79.0,-86.89,1
2016-07-25_21:31:10.00,978.0,-80.23,-83.66,1
2016-07-25_21:31:10.00,980.0,-81.11,-83.94,2
2016-07-25_21:31:10.00,982.0,-81.76,-84.16,2
2016-07-25_21:31:10.00,984.0,-76.43,-84.53,1
2016-07-25_21:31:10.00,986.0,-81.24,-83.78,2
2016-07-25_21:31:10.00,988.0,-84.22,-81.45,2
2016-07-25_21:31:10.00,990.0,-81.55,-83.69,2
2016-07-25_21:31:10.00,992.0,-75.49,-86.17,1
2016-07-25_21:31:10.00,994.0,-76.78,-85.21,1
2016-07-25_21:31:10.00,996.0,-83.96,-88.38,1
2016-07-25_21:31:10.00,998.0,-78.99,-85.48,1
2016-07-25_21:31:10.00,1000.0,-79.51,-85.58,1
2016-07-25_21:31:10.00,1002.0,-81.52,-86.31,1
2016-07-25_21:31:20.00,916.0,-80.74,-84.26,1
2016-07-25_21:31:20.00,918.0,-78.03,-86.05,1
2016-07-25_21:31:20.00,920.0,-78.8,-89.74,1
2016-07-25_21:31:20.00,922.0,-79.9,-87.52,1
2016-07-25_21:31:20.00,924.0,-79.55,-85.54,1
2016-07-25_21:31:20.00,926.0,-80.03,-84.64,1
2016-07-25_21:31:20.00,928.0,-84.93,-84.38,2
2016-07-25_21:31:20.00,930.0,-82.82,-89.01,1
2016-07-25_21:31:20.00,932.0,-80.22,-85.18,1
2016-07-25_21:31:20.00,934.0,-79.49,-87.44,1
2016-07-25_21:31:20.00,936.0,-80.73,-84.75,1
2016-07-25_21:31:20.00,938.0,-80.65,-81.27,2
2016-07-25_21:31:20.00,940.0,-77.4,-82.58,1
2016-07-25_21:31:20.00,942.0,-80.61,-85.65,1
2016-07-25_21:31:20.00,944.0,-81.27,-86.93,1
2016-07-25_21:31:20.00,946.0,-82.48,-85.02,2
2016-07-25_21:31:20.00,948.0,-81.34,-84.82,1
2016-07-25_21:31:20.00,950.0,-80.25,-86.12,1
2016-07-25_21:31:20.00,952.0,-82.01,-85.66,1
2016-07-25_21:31:20.00,954.0,-81.83,-88.65,1
2016-07-25_21:31:20.00,956.0,-76.16,-86.99,1
2016-07-25_21:31:20.00,958.0,-82.95,-84.89,2
2016-07-25_21:31:20.00,960.0,-82.5,-83.2,2
2016-07-25_21:31:20.00,962.0,-80.53,-86.8,1
2016-07-25_21:31:20.00,964.0,-78.21,-84.9,1
2016-07-25_21:31:20.00,966.0,-78.73,-85.25,1
2016-07-25_21:31:20.00,968.0,-81.18,-84.1,2
2016-07-25_21:31:20.00,970.0,-82.16,-84.11,2
2016-07-25_21:31:20.00,972.0,-74.39,-76.11,2
2016-07-25_21:31:20.00,974.0,-77.39,-79.2,2
2016-07-25_21:31:20.00,976.0,-75.45,-80.89,1
2016-07-25_21:31:20.00,978.0,-80.61,-82.68,2
2016-07-25_21:31:20.00,980.0,-77.9,-87.72,1
2016-07-25_21:31:20.00,982.0,-78.32,-86.16,1
2016-07-25_21:31:20.00,984.0,-80.12,-83.59,1
2016-07-25_21:31:20.00,986.0,-81.58,-85.39,1
2016-07-25_21:31:20.00,988.0,-79.75,-85.39,1
2016-07-25_21:31:20.00,990.0,-80.48,-85.43,1
2016-07-25_21:31:20.00,992.0,-76.72,-84.92,1
2016-07-25_21:31:20.00,994.0,-80.93,-83.83,2
2016-07-25_21:31:20.00,996.0,-79.99,-82.41,2
2016-07-25_21:31:20.00,998.0,-81.52,-85.35,1
2016-07-25_21:31:20.00,1000.0,-80.94,-85.71,1
2016-07-25_21:31:20.00,1002.0,-80.87,-82.22,2
2016-07-25_21:31:20.00,1004.0,-79.67,-82.8,1
2016-07-25_21:31:20.00,1006.0,-80.36,-81.99,2
2016-07-25_21:31:20.00,1008.0,-80.19,-84.19,1
2016-07-25_21:31:20.00,1010.0,-81.61,-82.75,2
2016-07-25_21:31:30.00,932.0,-79.01,-88.21,1
2016-07-25_21:31:30.00,934.0,-82.91,-84.67,2
2016-07-25_21:31:30.00,936.0,-82.88,-82.22,2
2016-07-25_21:31:30.00,938.0,-77.15,-89.05,1
2016-07-25_21:31:30.00,940.0,-79.95,-88.69,1
2016-07-25_21:31:30.00,942.0,-81.16,-86.5,1
2016-07-25_21:31:30.00,944.0,-82.86,-85.56,2
2016-07-25_21:31:30.00,946.0,-80.17,-87.5,1
2016-07-25_21:31:30.00,948.0,-77.77,-89.15,1
2016-07-25_21:31:30.00,950.0,-85.66,-87.09,2
2016-07-25_21:31:30.00,952.0,-80.57,-87.79,1
2016-07-25_21:31:30.00,954.0,-76.75,-85.82,1
2016-07-25_21:31:30.00,956.0,-79.09,-87.09,1
2016-07-25_21:31:30.00,958.0,-81.04,-83.47,2
2016-07-25_21:31:30.00,960.0,-81.91,-81.76,2
2016-07-25_21:31:30.00,962.0,-83.21,-88.27,1
2016-07-25_21:31:30.00,964.0,-82.97,-88.65,1
2016-07-25_21:31:30.00,966.0,-82.58,-87.11,1
2016-07-25_21:31:30.00,968.0,-80.72,-85.98,1
2016-07-25_21:31:30.00,970.0,-80.65,-86.57,1
2016-07-25_21:31:30.00,972.0,-78.41,-89.95,1
2016-07-25_21:31:30.00,974.0,-79.53,-85.66,1
2016-07-25_21:31:30.00,976.0,-79.42,-86.19,1
2016-07-25_21:31:30.00,978.0,-81.1,-84.67,1
2016-07-25_21:31:30.00,980.0,-80.36,-85.48,1
2016-07-25_21:31:30.00,982.0,-76.9,-84.7,1
2016-07-25_21:31:30.00,984.0,-84.46,-85.67,2
2016-07-25_21:31:30.00,986.0,-80.62,-83.66,1
2016-07-25_21:31:30.00,988.0,-83.9,-83.89,2
2016-07-25_21:31:30.00,990.0,-79.57,-85.22,1
2016-07-25_21:31:30.00,992.0,-83.53,-85.15,2
2016-07-25_21:31:30.00,994.0,-79.87,-85.31,1
2016-07-25_21:31:30.00,996.0,-78.43,-81.47,1
2016-07-25_21:31:30.00,998.0,-79.3,-84.94,1
2016-07-25_21:31:30.00,1000.0,-83.92,-85.24,2
2016-07-25_21:31:30.00,1002.0,-80.53,-85.84,1
2016-07-25_21:31:30.00,1004.0,-80.95,-87.42,1
2016-07-25_21:31:30.00,1006.0,-79.06,-84.43,1
2016-07-25_21:31:30.00,1008.0,-82.87,-87.17,1
2016-07-25_21:31:30.00,1010.0,-79.31,-86.56,1
2016-07-25_21:31:30.00,1012.0,-82.68,-83.72,2
2016-07-25_21:31:30.00,1014.0,-81.73,-82.65,2
2016-07-25_21:31:30.00,1016.0,-81.92,-80.17,2
2016-07-25_21:31:30.00,1018.0,-77.61,-82.74,1
2016-07-25_21:31:30.00,1020.0,-76.88,-88.71,1
2016-07-25_21:31:30.00,1022.0,-82.94,-84.72,2
2016-07-25_21:31:30.00,1024.0,-83.33,-84.27,2
2016-07-25_21:31:30.00,1026.0,-85.1,-84.95,2
2016-07-25_21:31:40.00,968.0,-74.52,-84.62,1
2016-07-25_21:31:40.00,970.0,-74.91,-82.22,1
2016-07-25_21:31:40.00,972.0,-75.32,-82.96,1
2016-07-25_21:31:40.00,974.0,-73.19,-87.52,1
2016-07-25_21:31:40.00,976.0,-76.33,-82.17,1
2016-07-25_21:31:40.00,978.0,-71.44,-82.35,1
2016-07-25_21:31:40.00,980.0,-76.22,-85.21,1
2016-07-25_21:31:40.00,982.0,-77.91,-85.59,1
2016-07-25_21:31:40.00,984.0,-74.59,-83.06,1
2016-07-25_21:31:40.00,986.0,-75.58,-84.02,1
2016-07-25_21:31:40.00,988.0,-75.82,-86.82,1
2016-07-25_21:31:40.00,990.0,-75.44,-85.48,1
2016-07-25_21:31:40.00,992.0,-76.38,-82.3,1
2016-07-25_21:31:40.00,994.0,-74.17,-85.38,1
2016-07-25_21:31:40.00,996.0,-78.81,-84.3,1
2016-07-25_21:31:40.00,998.0,-78.9,-82.74,1
2016-07-25_21:31:40.00,1000.0,-80.05,-88.54,1
2016-07-25_21:31:40.00,1002.0,-79.25,-83.38,1
2016-07-25_21:31:40.00,1004.0,-74.71,-83.58,1
2016-07-25_21:31:40.00,1006.0,-78.06,-84.75,1
2016-07-25_21:31:40.00,1008.0,-77.98,-83.07,1
2016-07-25_21:31:40.00,1010.0,-82.78,-85.17,2
2016-07-25_21:31:40.00,1012.0,-77.32,-84.83,1
2016-07-25_21:31:40.00,1014.0,-80.98,-87.26,1
2016-07-25_21:31:40.00,1016.0,-78.43,-88.41,1
2016-07-25_21:31:40.00,1018.0,-80.03,-81.32,2
2016-07-25_21:31:40.00,1020.0,-80.48,-83.78,1
2016-07-25_21:31:40.00,1022.0,-83.89,-84.82,2
2016-07-25_21:31:40.00,1024.0,-80.17,-88.28,1
2016-07-25_21:31:40.00,1026.0,-82.22,-87.63,1
2016-07-25_21:31:40.00,1028.0,-78.36,-80.54,2
2016-07-25_21:31:40.00,1030.0,-80.9,-81.21,2
2016-07-25_21:31:40.00,1032.0,-84.57,-81.37,3
2016-07-25_21:31:40.00,1034.0,-81.78,-81.54,2
2016-07-25_21:31:40.00,1036.0,-85.02,-83.78,2
2016-07-25_21:31:40.00,1038.0,-85.54,-80.61,3
2016-07-25_21:31:40.00,1040.0,-82.34,-80.48,2
2016-07-25_21:31:40.00,1042.0,-79.59,-81.36,2
2016-07-25_21:31:40.00,1044.0,-85.97,-79.23,3
2016-07-25_21:31:40.00,1046.0,-86.42,-88.03,2
2016-07-25_21:31:40.00,1048.0,-85.32,-82.33,2
2016-07-25_21:31:40.00,1050.0,-85.45,-83.88,2
2016-07-25_21:31:40.00,1052.0,-84.04,-84.42,2
2016-07-25_21:31:40.00,1054.0,-88.03,-82.76,3
2016-07-25_21:31:40.00,1056.0,-87.11,-83.54,3
2016-07-25_21:31:40.00,1058.0,-81.91,-82.49,2
2016-07-25_21:31:40.00,1060.0,-85.09,-78.93,3
2016-07-25_21:31:40.00,1062.0,-82.65,-81.79,2
2016-07-25_21:31:40.00,1064.0,-81.85,-77.95,3
2016-07-25_21:31:40.00,1066.0,-83.17,-79.84,3
2016-07-25_21:31:50.00,986.0,-79.5,-85.34,1
2016-07-25_21:31:50.00,988.0,-84.25,-82.26,2
2016-07-25_21:31:50.00,990.0,-80.64,-84.23,1
2016-07-25_21:31:50.00,992.0,-81.09,-87.8,1
2016-07-25_21:31:50.00,994.0,-78.12,-87.91,1
2016-07-25_21:31:50.00,996.0,-78.75,-85.43,1
2016-07-25_21:31:50.00,998.0,-79.39,-86.29,1
2016-07-25_21:31:50.00,1000.0,-85.25,-91.3,1
2016-07-25_21:31:50.00,1002.0,-79.88,-85.54,1
2016-07-25_21:31:50.00,1004.0,-80.49,-87.45,1
2016-07-25_21:31:50.00,1006.0,-79.95,-86.62,1
2016-07-25_21:31:50.00,1008.0,-80.89,-82.59,2
2016-07-25_21:31:50.00,1010.0,-77.35,-83.21,1
2016-07-25_21:31:50.00,1012.0,-83.67,-88.09,1
2016-07-25_21:31:50.00,1014.0,-82.07,-82.0,2
2016-07-25_21:31:50.00,1016.0,-81.22,-85.97,1
2016-07-25_21:31:50.00,1018.0,-81.8,-82.28,2
2016-07-25_21:31:50.00,1020.0,-80.35,-84.65,1
2016-07-25_21:31:50.00,1022.0,-82.89,-86.05,1
2016-07-25_21:31:50.00,1024.0,-81.94,-84.04,2
2016-07-25_21:31:50.00,1026.0,-86.63,-85.19,2
2016-07-25_21:31:50.00,1028.0,-78.55,-83.59,1
2016-07-25_21:31:50.00,1030.0,-84.44,-78.71,3
2016-07-25_21:31:50.00,1032.0,-78.83,-85.06,1
2016-07-25_21:31:50.00,1034.0,-81.8,-84.94,1
2016-07-25_21:31:50.00,1036.0,-83.21,-82.83,2
2016-07-25_21:31:50.00,1038.0,-80.67,-81.91,2
2016-07-25_21:31:50.00,1040.0,-85.44,-81.24,3
2016-07-25_21:31:50.00,1042.0,-84.47,-84.19,2
2016-07-25_21:31:50.00,1044.0,-85.36,-85.61,2
2016-07-25_21:31:50.00,1046.0,-85.43,-85.85,2
2016-07-25_21:31:50.00,1048.0,-82.07,-84.57,2
2016-07-25_21:31:50.00,1050.0,-85.97,-82.41,3
2016-07-25_21:31:50.00,1052.0,-83.93,-83.78,2
2016-07-25_21:31:50.00,1054.0,-83.1,-88.33,1
2016-07-25_21:31:50.00,1056.0,-86.79,-84.36,2
2016-07-25_21:31:50.00,1058.0,-86.0,-87.43,2
2016-07-25_21:31:50.00,1060.0,-85.32,-81.33,3
2016-07-25_21:31:50.00,1062.0,-85.37,-82.22,3
2016-07-25_21:31:50.00,1064.0,-84.98,-79.88,3
2016-07-25_21:31:50.00,1066.0,-83.64,-84.93,2
2016-07-25_21:31:50.00,1068.0,-79.59,-81.66,2
2016-07-25_21:31:50.00,1070.0,-82.83,-81.99,2
2016-07-25_21:31:50.00,1072.0,-85.35,-83.36,2
2016-07-25_21:31:50.00,1074.0,-85.73,-84.51,2
2016-07-25_21:31:50.00,1076.0,-86.92,-88.23,2
2016-07-25_21:31:50.00,1078.0,-86.81,-85.08,2
2016-07-25_21:31:50.00,1080.0,-83.67,-83.9,2
2016-07-25_21:31:50.00,1082.0,-86.87,-89.14,2
2016-07-25_21:31:50.00,1084.0,-84.87,-88.38,1
2016-07-25_21:31:50.00,1086.0,-85.75,-83.66,2
2016-07-25_21:31:50.00,1088.0,-86.06,-85.43,2
2016-07-25_21:31:50.00,1090.0,-86.25,-86.84,2
2016-07-25_21:32:00.00,998.0,-80.12,-84.54,1
2016-07-25_21:32:00.00,1000.0,-82.79,-85.16,2
2016-07-25_21:32:00.00,1002.0,-81.09,-86.66,1
2016-07-25_21:32:00.00,1004.0,-80.47,-86.95,1
2016-07-25_21:32:00.00,1006.0,-81.84,-84.21,2
2016-07-25_21:32:00.00,1008.0,-79.18,-84.06,1
2016-07-25_21:32:00.00,1010.0,-80.92,-86.88,1
2016-07-25_21:32:00.00,1012.0,-81.28,-84.52,1
2016-07-25_21:32:00.00,1014.0,-80.37,-83.75,1
2016-07-25_21:32:00.00,1016.0,-82.55,-82.79,2
2016-07-25_21:32:00.00,1018.0,-79.76,-82.03,2
2016-07-25_21:32:00.00,1020.0,-82.12,-84.19,2
2016-07-25_21:32:00.00,1022.0,-78.54,-83.55,1
2016-07-25_21:32:00.00,1024.0,-81.47,-84.07,2
2016-07-25_21:32:00.00,1026.0,-79.11,-82.67,1
2016-07-25_21:32:00.00,1028.0,-82.25,-80.76,2
2016-07-25_21:32:00.00,1030.0,-81.14,-85.61,1
2016-07-25_21:32:00.00,1032.0,-80.64,-84.08,1
2016-07-25_21:32:00.00,1034.0,-81.32,-81.73,2
2016-07-25_21:32:00.00,1036.0,-80.74,-83.01,2
2016-07-25_21:32:00.00,1038.0,-82.63,-83.21,2
2016-07-25_21:32:00.00,1040.0,-83.59,-82.54,2
2016-07-25_21:32:00.00,1042.0,-82.43,-84.39,2
2016-07-25_21:32:00.00,1044.0,-83.01,-85.11,2
2016-07-25_21:32:00.00,1046.0,-81.35,-83.81,2
2016-07-25_21:32:00.00,1048.0,-83.95,-84.66,2
2016-07-25_21:32:00.00,1050.0,-85.55,-83.49,2
2016-07-25_21:32:00.00,1052.0,-84.89,-85.18,2
2016-07-25_21:32:00.00,1054.0,-82.08,-84.84,2
2016-07-25_21:32:00.00,1056.0,-84.94,-85.99,2
2016-07-25_21:32:00.00,1058.0,-83.92,-83.04,2
2016-07-25_21:32:00.00,1060.0,-87.12,-79.67,3
2016-07-25_21:32:00.00,1062.0,-81.93,-79.96,2
2016-07-25_21:32:00.00,1064.0,-84.0,-80.55,3
2016-07-25_21:32:00.00,1066.0,-87.65,-81.26,3
2016-07-25_21:32:00.00,1068.0,-86.0,-84.1,2
2016-07-25_21:32:00.00,1070.0,-84.69,-83.89,2
2016-07-25_21:32:00.00,1072.0,-82.96,-84.09,2
2016-07-25_21:32:00.00,1074.0,-85.0,-86.76,2
2016-07-25_21:32:00.00,1076.0,-82.49,-83.93,2
2016-07-25_21:32:00.00,1078.0,-85.2,-83.92,2
2016-07-25_21:32:00.00,1080.0,-82.36,-86.16,1
2016-07-25_21:32:00.00,1082.0,-83.87,-89.06,1
2016-07-25_21:32:00.00,1084.0,-83.98,-87.31,1
2016-07-25_21:32:00.00,1086.0,-83.39,-84.93,2
2016-07-25_21:32:00.00,1088.0,-84.34,-85.71,2
2016-07-25_21:32:00.00,1090.0,-85.33,-84.97,2
2016-07-25_21:32:00.00,1092.0,-85.73,-88.29,2
2016-07-25_21:32:00.00,1094.0,-85.89,-85.64,2
2016-07-25_21:32:00.00,1096.0,-83.35,-88.07,1
2016-07-25_21:32:00.00,1098.0,-82.93,-84.1,2
2016-07-25_21:32:10.00,1006.0,-80.17,-85.77,1
2016-07-25_21:32:10.00,1008.0,-81.72,-84.34,2
2016-07-25_21:32:10.00,1010.0,-76.13,-84.23,1
2016-07-25_21:32:10.00,1012.0,-79.32,-87.7,1
2016-07-25_21:32:10.00,1014.0,-88.88,-83.81,3
2016-07-25_21:32:10.00,1016.0,-82.8,-79.5,3
2016-07-25_21:32:10.00,1018.0,-83.31,-81.13,2
2016-07-25_21:32:10.00,1020.0,-79.63,-89.71,1
2016-07-25_21:32:10.00,1022.0,-81.3,-91.16,1
2016-07-25_21:32:10.00,1024.0,-81.52,-81.86,2
2016-07-25_21:32:10.00,1026.0,-80.8,-85.72,1
2016-07-25_21:32:10.00,1028.0,-82.29,-84.69,2
2016-07-25_21:32:10.00,1030.0,-79.08,-83.31,1
2016-07-25_21:32:10.00,1032.0,-80.21,-83.41,1
2016-07-25_21:32:10.00,1034.0,-81.79,-82.05,2
2016-07-25_21:32:10.00,1036.0,-82.57,-82.69,2
2016-07-25_21:32:10.00,1038.0,-83.38,-83.16,2
2016-07-25_21:32:10.00,1040.0,-83.73,-83.49,2
2016-07-25_21:32:10.00,1042.0,-80.25,-81.98,2
2016-07-25_21:32:10.00,1044.0,-84.14,-82.25,2
2016-07-25_21:32:10.00,1046.0,-82.17,-84.21,2
2016-07-25_21:32:10.00,1048.0,-86.3,-82.84,3
2016-07-25_21:32:10.00,1050.0,-84.12,-79.18,3
2016-07-25_21:32:10.00,1052.0,-83.73,-87.82,1
2016-07-25_21:32:10.00,1054.0,-81.27,-83.21,2
2016-07-25_21:32:10.00,1056.0,-85.7,-83.07,2
2016-07-25_21:32:10.00,1058.0,-83.43,-85.61,2
2016-07-25_21:32:10.00,1060.0,-82.7,-83.42,2
2016-07-25_21:32:10.00,1062.0,-86.13,-82.43,3
2016-07-25_21:32:10.00,1064.0,-83.22,-83.66,2
2016-07-25_21:32:10.00,1066.0,-84.93,-82.94,2
2016-07-25_21:32:10.00,1068.0,-83.41,-78.85,3
2016-07-25_21:32:10.00,1070.0,-78.09,-87.7,1
2016-07-25_21:32:10.00,1072.0,-80.23,-84.76,1
2016-07-25_21:32:10.00,1074.0,-75.04,-81.69,1
2016-07-25_21:32:10.00,1076.0,-82.42,-84.3,2
2016-07-25_21:32:10.00,1078.0,-83.34,-85.19,2
2016-07-25_21:32:10.00,1080.0,-83.18,-90.21,1
2016-07-25_21:32:10.00,1082.0,-87.21,-90.42,1
2016-07-25_21:32:10.00,1084.0,-85.11,-88.46,1
2016-07-25_21:32:10.00,1086.0,-86.03,-90.68,1
2016-07-25_21:32:10.00,1088.0,-84.96,-86.03,2
2016-07-25_21:32:10.00,1090.0,-86.67,-85.17,2
2016-07-25_21:32:10.00,1092.0,-83.77,-90.27,1
2016-07-25_21:32:10.00,1094.0,-85.3,-86.99,2
2016-07-25_21:32:10.00,1096.0,-85.9,-86.82,2
2016-07-25_21:32:10.00,1098.0,-85.83,-84.02,2
2016-07-25_21:32:10.00,1100.0,-87.2,-91.54,1
2016-07-25_21:32:10.00,1102.0,-83.9,-89.42,1
2016-07-25_21:32:20.00,1018.0,-80.58,-85.21,1
2016-07-25_21:32:20.00,1020.0,-81.14,-85.73,1
2016-07-25_21:32:20.00,1022.0,-85.71,-82.24,3
2016-07-25_21:32:20.00,1024.0,-83.2,-81.01,2
2016-07-25_21:32:20.00,1026.0,-84.89,-84.09,2
2016-07-25_21:32:20.00,1028.0,-85.31,-81.25,3
2016-07-25_21:32:20.00,1030.0,-83.67,-82.56,2
2016-07-25_21:32:20.00,1032.0,-85.79,-81.2,3
2016-07-25_21:32:20.00,1034.0,-84.9,-84.53,2
2016-07-25_21:32:20.00,1036.0,-81.34,-82.52,2
2016-07-25_21:32:20.00,1038.0,-82.79,-82.78,2
2016-07-25_21:32:20.00,1040.0,-86.03,-82.79,3
2016-07-25_21:32:20.00,1042.0,-81.51,-84.19,2
2016-07-25_21:32:20.00,1044.0,-83.63,-84.08,2
2016-07-25_21:32:20.00,1046.0,-87.87,-81.32,3
2016-07-25_21:32:20.00,1048.0,-82.41,-84.17,2
2016-07-25_21:32:20.00,1050.0,-86.68,-87.62,2
2016-07-25_21:32:20.00,1052.0,-87.56,-84.67,2
2016-07-25_21:32:20.00,1054.0,-84.66,-83.42,2
2016-07-25_21:32:20.00,1056.0,-82.92,-83.78,2
2016-07-25_21:32:20.00,1058.0,-86.09,-85.17,2
2016-07-25_21:32:20.00,1060.0,-82.56,-86.15,1
2016-07-25_21:32:20.00,1062.0,-82.02,-80.18,2
2016-07-25_21:32:20.00,1064.0,-84.12,-82.63,2
2016-07-25_21:32:20.00,1066.0,-84.79,-83.09,2
2016-07-25_21:32:20.00,1068.0,-85.66,-87.7,2
2016-07-25_21:32:20.00,1070.0,-87.66,-80.37,3
2016-07-25_21:32:20.00,1072.0,-85.85,-82.23,3
2016-07-25_21:32:20.00,1074.0,-85.05,-81.53,3
2016-07-25_21:32:20.00,1076.0,-85.59,-81.99,3
2016-07-25_21:32:20.00,1078.0,-84.78,-79.61,3
2016-07-25_21:32:20.00,1080.0,-87.05,-89.41,2
2016-07-25_21:32:20.00,1082.0,-81.22,-86.11,1
2016-07-25_21:32:20.00,1084.0,-84.3,-85.64,2
2016-07-25_21:32:20.00,1086.0,-88.07,-90.16,2
2016-07-25_21:32:20.00,1088.0,-84.5,-86.31,2
2016-07-25_21:32:20.00,1090.0,-87.4,-84.51,2
2016-07-25_21:32:20.00,1092.0,-86.31,-88.81,2
2016-07-25_21:32:20.00,1094.0,-85.3,-86.35,2
2016-07-25_21:32:20.00,1096.0,-82.64,-84.77,2
2016-07-25_21:32:20.00,1098.0,-84.93,-87.35,2
2016-07-25_21:32:20.00,1100.0,-89.29,-83.2,3
2016-07-25_21:32:20.00,1102.0,-86.14,-87.18,2
2016-07-25_21:32:20.00,1104.0,-86.75,-85.87,2
2016-07-25_21:32:20.00,1106.0,-87.35,-86.18,2
2016-07-25_21:32:30.00,1020.0,-82.63,-83.34,2
2016-07-25_21:32:30.00,1022.0,-82.32,-80.88,2
2016-07-25_21:32:30.00,1024.0,-80.25,-87.19,1
2016-07-25_21:32:30.00,1026.0,-79.63,-89.25,1
2016-07-25_21:32:30.00,1028.0,-83.16,-85.48,2
2016-07-25_21:32:30.00,1030.0,-82.65,-82.08,2
2016-07-25_21:32:30.00,1032.0,-85.6,-84.47,2
2016-07-25_21:32:30.00,1034.0,-85.2,-86.02,2
2016-07-25_21:32:30.00,1036.0,-82.77,-82.2,2
2016-07-25_21:32:30.00,1038.0,-80.69,-83.1,2
2016-07-25_21:32:30.00,1040.0,-83.93,-79.36,3
2016-07-25_21:32:30.00,1042.0,-84.89,-83.78,2
2016-07-25_21:32:30.00,1044.0,-85.99,-85.77,2
2016-07-25_21:32:30.00,1046.0,-86.72,-89.11,2
2016-07-25_21:32:30.00,1048.0,-85.18,-86.14,2
2016-07-25_21:32:30.00,1050.0,-85.16,-83.28,2
2016-07-25_21:32:30.00,1052.0,-88.2,-80.86,3
2016-07-25_21:32:30.00,1054.0,-83.46,-88.61,1
2016-07-25_21:32:30.00,1056.0,-82.44,-85.43,2
2016-07-25_21:32:30.00,1058.0,-83.56,-83.49,2
2016-07-25_21:32:30.00,1060.0,-86.25,-83.01,3
2016-07-25_21:32:30.00,1062.0,-85.88,-84.59,2
2016-07-25_21:32:30.00,1064.0,-84.7,-80.75,3
2016-07-25_21:32:30.00,1066.0,-84.54,-81.11,3
2016-07-25_21:32:30.00,1068.0,-88.64,-86.12,2
2016-07-25_21:32:30.00,1070.0,-87.19,-83.06,3
2016-07-25_21:32:30.00,1072.0,-85.04,-81.79,3
2016-07-25_21:32:30.00,1074.0,-86.69,-82.09,3
2016-07-25_21:32:30.00,1076.0,-83.12,-82.31,2
2016-07-25_21:32:30.00,1078.0,-79.65,-83.73,1
2016-07-25_21:32:30.00,1080.0,-82.4,-83.46,2
2016-07-25_21:32:30.00,1082.0,-83.85,-86.68,2
2016-07-25_21:32:30.00,1084.0,-84.37,-87.92,1
2016-07-25_21:32:30.00,1086.0,-86.22,-84.69,2
2016-07-25_21:32:30.00,1088.0,-87.45,-81.75,3
2016-07-25_21:32:30.00,1090.0,-86.82,-84.33,2
2016-07-25_21:32:30.00,1092.0,-82.83,-87.14,1
2016-07-25_21:32:30.00,1094.0,-87.24,-90.67,1
2016-07-25_21:32:30.00,1096.0,-84.0,-90.56,1
2016-07-25_21:32:30.00,1098.0,-84.36,-83.48,2
2016-07-25_21:32:30.00,1100.0,-86.17,-86.66,2
2016-07-25_21:32:30.00,1102.0,-86.12,-87.39,2
2016-07-25_21:32:30.00,1104.0,-86.68,-89.17,2
2016-07-25_21:32:30.00,1106.0,-85.83,-86.8,2
2016-07-25_21:32:30.00,1108.0,-85.75,-84.17,2
2016-07-25_21:32:40.00,1020.0,-82.01,-84.33,2
2016-07-25_21:32:40.00,1022.0,-80.23,-87.01,1
2016-07-25_21:32:40.00,1024.0,-81.14,-83.19,2
2016-07-25_21:32:40.00,1026.0,-79.96,-82.62,2
2016-07-25_21:32:40.00,1028.0,-85.57,-84.18,2
2016-07-25_21:32:40.00,1030.0,-80.28,-82.09,2
2016-07-25_21:32:40.00,1032.0,-82.26,-83.31,2
2016-07-25_21:32:40.00,1034.0,-82.67,-81.22,2
2016-07-25_21:32:40.00,1036.0,-84.67,-82.05,2
2016-07-25_21:32:40.00,1038.0,-84.0,-82.01,2
2016-07-25_21:32:40.00,1040.0,-82.07,-80.46,2
2016-07-25_21:32:40.00,1042.0,-85.41,-79.98,3
2016-07-25_21:32:40.00,1044.0,-85.28,-81.97,3
2016-07-25_21:32:40.00,1046.0,-83.11,-81.82,2
2016-07-25_21:32:40.00,1048.0,-85.81,-87.61,2
2016-07-25_21:32:40.00,1050.0,-86.37,-82.77,3
2016-07-25_21:32:40.00,1052.0,-85.87,-84.53,2
2016-07-25_21:32:40.00,1054.0,-83.41,-84.21,2
2016-07-25_21:32:40.00,1056.0,-88.95,-82.72,3
2016-07-25_21:32:40.00,1058.0,-88.16,-81.48,3
2016-07-25_21:32:40.00,1060.0,-84.79,-83.33,2
2016-07-25_21:32:40.00,1062.0,-83.88,-82.71,2
2016-07-25_21:32:40.00,1064.0,-84.41,-82.83,2
2016-07-25_21:32:40.00,1066.0,-85.53,-82.92,2
2016-07-25_21:32:40.00,1068.0,-84.81,-83.64,2
2016-07-25_21:32:40.00,1070.0,-84.71,-83.36,2
2016-07-25_21:32:40.00,1072.0,-85.0,-81.78,3
2016-07-25_21:32:40.00,1074.0,-82.61,-82.64,2
2016-07-25_21:32:40.00,1076.0,-85.55,-83.17,2
2016-07-25_21:32:40.00,1078.0,-82.9,-86.15,1
2016-07-25_21:32:40.00,1080.0,-82.39,-85.84,1
2016-07-25_21:32:40.00,1082.0,-84.33,-85.77,2
2016-07-25_21:32:40.00,1084.0,-84.48,-84.83,2
2016-07-25_21:32:40.00,1086.0,-84.74,-88.35,1
2016-07-25_21:32:40.00,1088.0,-84.13,-85.86,2
2016-07-25_21:32:40.00,1090.0,-82.87,-85.24,2
2016-07-25_21:32:40.00,1092.0,-83.6,-85.98,2
2016-07-25_21:32:40.00,1094.0,-86.7,-86.89,2
2016-07-25_21:32:40.00,1096.0,-83.35,-86.73,1
2016-07-25_21:32:40.00,1098.0,-84.09,-84.29,2
2016-07-25_21:32:40.00,1100.0,-85.87,-84.63,2
2016-07-25_21:32:40.00,1102.0,-86.17,-87.03,2
2016-07-25_21:32:40.00,1104.0,-84.39,-85.94,2
2016-07-25_21:32:40.00,1106.0,-85.06,-84.61,2
2016-07-25_21:32:40.00,1108.0,-84.76,-87.34,2
2016-07-25_21:32:40.00,1110.0,-84.21,-83.66,2
2016-07-25_21:32:50.00,1026.0,-82.18,-86.87,1
2016-07-25_21:32:50.00,1028.0,-82.39,-82.05,2
2016-07-25_21:32:50.00,1030.0,-80.07,-84.4,1
2016-07-25_21:32:50.00,1032.0,-81.16,-81.86,2
2016-07-25_21:32:50.00,1034.0,-82.39,-84.98,2
2016-07-25_21:32:50.00,1036.0,-87.38,-82.37,3
2016-07-25_21:32:50.00,1038.0,-84.01,-84.48,2
2016-07-25_21:32:50.00,1040.0,-83.55,-82.13,2
2016-07-25_21:32:50.00,1042.0,-84.28,-79.17,3
2016-07-25_21:32:50.00,1044.0,-86.68,-86.96,2
2016-07-25_21:32:50.00,1046.0,-84.85,-82.97,2
2016-07-25_21:32:50.00,1048.0,-84.54,-84.55,2
2016-07-25_21:32:50.00,1050.0,-83.3,-85.27,2
2016-07-25_21:32:50.00,1052.0,-86.83,-83.41,3
2016-07-25_21:32:50.00,1054.0,-89.01,-84.54,3
2016-07-25_21:32:50.00,1056.0,-85.73,-83.67,2
2016-07-25_21:32:50.00,1058.0,-84.02,-84.56,2
2016-07-25_21:32:50.00,1060.0,-86.43,-85.17,2
2016-07-25_21:32:50.00,1062.0,-86.51,-83.06,3
2016-07-25_21:32:50.00,1064.0,-84.64,-84.67,2
2016-07-25_21:32:50.00,1066.0,-84.78,-89.0,1
2016-07-25_21:32:50.00,1068.0,-82.72,-87.17,1
2016-07-25_21:32:50.00,1070.0,-84.51,-80.89,3
2016-07-25_21:32:50.00,1072.0,-90.21,-82.74,3
2016-07-25_21:32:50.00,1074.0,-87.34,-84.84,2
2016-07-25_21:32:50.00,1076.0,-85.19,-85.25,2
2016-07-25_21:32:50.00,1078.0,-80.0,-82.71,2
2016-07-25_21:32:50.00,1080.0,-82.06,-85.87,1
2016-07-25_21:32:50.00,1082.0,-82.33,-84.54,2
2016-07-25_21:32:50.00,1084.0,-85.09,-80.99,3
2016-07-25_21:32:50.00,1086.0,-87.69,-86.85,2
2016-07-25_21:32:50.00,1088.0,-83.05,-85.56,2
2016-07-25_21:32:50.00,1090.0,-83.64,-84.14,2
2016-07-25_21:32:50.00,1092.0,-87.08,-86.9,2
2016-07-25_21:32:50.00,1094.0,-84.0,-86.45,2
2016-07-25_21:32:50.00,1096.0,-83.32,-82.02,2
2016-07-25_21:32:50.00,1098.0,-85.94,-86.77,2
2016-07-25_21:32:50.00,1100.0,-82.61,-89.8,1
2016-07-25_21:32:50.00,1102.0,-82.26,-85.82,1
2016-07-25_21:32:50.00,1104.0,-90.91,-84.57,3
2016-07-25_21:32:50.00,1106.0,-83.95,-88.73,1
2016-07-25_21:32:50.00,1108.0,-84.15,-85.8,2
2016-07-25_21:32:50.00,1110.0,-86.46,-85.28,2
2016-07-25_21:32:50.00,1112.0,-83.39,-80.23,3
2016-07-25_21:32:50.00,1114.0,-85.18,-85.21,2
2016-07-25_21:32:50.00,1116.0,-82.42,-86.88,1
2016-07-25_21:33:00.00,1034.0,-83.77,-84.38,2
2016-07-25_21:33:00.00,1036.0,-84.62,-83.76,2
2016-07-25_21:33:00.00,1038.0,-84.75,-87.05,2
2016-07-25_21:33:00.00,1040.0,-88.17,-88.02,2
2016-07-25_21:33:00.00,1042.0,-89.59,-84.98,3
2016-07-25_21:33:00.00,1044.0,-84.06,-79.49,3
2016-07-25_21:33:00.00,1046.0,-82.99,-86.21,1
2016-07-25_21:33:00.00,1048.0,-82.76,-82.83,2
2016-07-25_21:33:00.00,1050.0,-87.93,-81.55,3
2016-07-25_21:33:00.00,1052.0,-86.98,-81.94,3
2016-07-25_21:33:00.00,1054.0,-84.83,-83.78,2
2016-07-25_21:33:00.00,1056.0,-83.53,-81.81,2
2016-07-25_21:33:00.00,1058.0,-86.94,-80.56,3
2016-07-25_21:33:00.00,1060.0,-84.32,-83.32,2
2016-07-25_21:33:00.00,1062.0,-87.35,-90.27,2
2016-07-25_21:33:00.00,1064.0,-81.9,-82.14,2
2016-07-25_21:33:00.00,1066.0,-89.02,-88.17,2
2016-07-25_21:33:00.00,1068.0,-87.09,-84.18,2
2016-07-25_21:33:00.00,1070.0,-82.51,-83.12,2
2016-07-25_21:33:00.00,1072.0,-86.09,-86.94,2
2016-07-25_21:33:00.00,1074.0,-83.48,-84.58,2
2016-07-25_21:33:00.00,1076.0,-81.26,-85.2,1
2016-07-25_21:33:00.00,1078.0,-82.13,-85.47,1
2016-07-25_21:33:00.00,1080.0,-82.07,-84.56,2
2016-07-25_21:33:00.00,1082.0,-85.37,-83.69,2
2016-07-25_21:33:00.00,1084.0,-84.03,-81.0,3
2016-07-25_21:33:00.00,1086.0,-82.03,-87.93,1
2016-07-25_21:33:00.00,1088.0,-83.33,-84.61,2
2016-07-25_21:33:00.00,1090.0,-82.47,-85.35,2
2016-07-25_21:33:00.00,1092.0,-81.69,-82.8,2
2016-07-25_21:33:00.00,1094.0,-84.73,-87.15,2
2016-07-25_21:33:00.00,1096.0,-85.09,-86.14,2
2016-07-25_21:33:00.00,1098.0,-83.09,-84.17,2
2016-07-25_21:33:00.00,1100.0,-84.4,-81.99,2
2016-07-25_21:33:00.00,1102.0,-84.18,-86.08,2
2016-07-25_21:33:00.00,1104.0,-86.18,-88.67,2
2016-07-25_21:33:00.00,1106.0,-86.92,-86.57,2
2016-07-25_21:33:00.00,1108.0,-86.44,-86.06,2
2016-07-25_21:33:00.00,1110.0,-85.12,-84.69,2
2016-07-25_21:33:00.00,1112.0,-83.13,-80.51,2
2016-07-25_21:33:00.00,1114.0,-86.33,-87.29,2
2016-07-25_21:33:00.00,1116.0,-87.72,-83.03,3
2016-07-25_21:33:00.00,1118.0,-85.42,-81.12,3
2016-07-25_21:33:00.00,1120.0,-83.52,-86.17,2
2016-07-25_21:33:00.00,1122.0,-85.33,-82.46,2
2016-07-25_21:33:00.00,1124.0,-86.33,-84.68,2
2016-07-25_21:33:10.00,1042.0,-82.21,-81.86,2
2016-07-25_21:33:10.00,1044.0,-82.1,-85.54,1
2016-07-25_21:33:10.00,1046.0,-78.49,-81.95,1
2016-07-25_21:33:10.00,1048.0,-82.69,-85.48,2
2016-07-25_21:33:10.00,1050.0,-82.4,-82.43,2
2016-07-25_21:33:10.00,1052.0,-83.24,-83.28,2
2016-07-25_21:33:10.00,1054.0,-81.25,-83.96,2
2016-07-25_21:33:10.00,1056.0,-87.83,-82.7,3
2016-07-25_21:33:10.00,1058.0,-85.95,-82.62,3
2016-07-25_21:33:10.00,1060.0,-82.56,-86.31,1
2016-07-25_21:33:10.00,1062.0,-83.76,-86.58,2
2016-07-25_21:33:10.00,1064.0,-82.86,-88.92,1
2016-07-25_21:33:10.00,1066.0,-86.64,-80.86,3
2016-07-25_21:33:10.00,1068.0,-84.92,-83.1,2
2016-07-25_21:33:10.00,1070.0,-84.69,-85.67,2
2016-07-25_21:33:10.00,1072.0,-84.8,-83.34,2
2016-07-25_21:33:10.00,1074.0,-85.44,-80.4,3
2016-07-25_21:33:10.00,1076.0,-86.48,-81.58,3
2016-07-25_21:33:10.00,1078.0,-84.79,-82.74,2
2016-07-25_21:33:10.00,1080.0,-83.57,-83.55,2
2016-07-25_21:33:10.00,1082.0,-83.8,-81.82,2
2016-07-25_21:33:10.00,1084.0,-86.29,-80.28,3
2016-07-25_21:33:10.00,1086.0,-83.85,-81.99,2
2016-07-25_21:33:10.00,1088.0,-85.03,-82.29,2
2016-07-25_21:33:10.00,1090.0,-83.76,-84.43,2
2016-07-25_21:33:10.00,1092.0,-84.9,-84.32,2
2016-07-25_21:33:10.00,1094.0,-87.27,-86.46,2
2016-07-25_21:33:10.00,1096.0,-84.74,-83.31,2
2016-07-25_21:33:10.00,1098.0,-85.64,-85.15,2
2016-07-25_21:33:10.00,1100.0,-85.74,-82.35,3
2016-07-25_21:33:10.00,1102.0,-83.61,-81.96,2
2016-07-25_21:33:10.00,1104.0,-83.6,-87.13,1
2016-07-25_21:33:10.00,1106.0,-86.74,-80.69,3
2016-07-25_21:33:10.00,1108.0,-81.55,-83.49,2
2016-07-25_21:33:10.00,1110.0,-82.08,-87.12,1
2016-07-25_21:33:10.00,1112.0,-82.7,-81.33,2
2016-07-25_21:33:10.00,1114.0,-86.38,-85.71,2
2016-07-25_21:33:10.00,1116.0,-84.72,-85.64,2
2016-07-25_21:33:10.00,1118.0,-85.06,-86.85,2
2016-07-25_21:33:10.00,1120.0,-83.83,-87.66,1
2016-07-25_21:33:10.00,1122.0,-82.82,-84.66,2
2016-07-25_21:33:10.00,1124.0,-85.73,-86.76,2
2016-07-25_21:33:10.00,1126.0,-83.75,-80.7,3
2016-07-25_21:33:10.00,1128.0,-86.76,-84.35,2
2016-07-25_21:33:10.00,1130.0,-85.25,-86.97,2
2016-07-25_21:33:10.00,1132.0,-86.28,-83.52,2
2016-07-25_21:33:10.00,1134.0,-84.72,-86.18,2
2016-07-25_21:33:20.00,1048.0,-81.23,-86.29,1
2016-07-25_21:33:20.00,1050.0,-84.9,-82.6,2
2016-07-25_21:33:20.00,1052.0,-85.34,-84.09,2
2016-07-25_21:33:20.00,1054.0,-83.31,-84.09,2
2016-07-25_21:33:20.00,1056.0,-80.83,-85.21,1
2016-07-25_21:33:20.00,1058.0,-83.8,-84.74,2
2016-07-25_21:33:20.00,1060.0,-83.7,-82.24,2
2016-07-25_21:33:20.00,1062.0,-83.58,-84.8,2
2016-07-25_21:33:20.00,1064.0,-86.03,-83.87,2
2016-07-25_21:33:20.00,1066.0,-82.96,-87.6,1
2016-07-25_21:33:20.00,1068.0,-84.22,-81.81,2
2016-07-25_21:33:20.00,1070.0,-86.99,-81.32,3
2016-07-25_21:33:20.00,1072.0,-85.02,-81.97,3
2016-07-25_21:33:20.00,1074.0,-87.7,-84.46,3
2016-07-25_21:33:20.00,1076.0,-85.83,-87.09,2
2016-07-25_21:33:20.00,1078.0,-87.42,-83.66,3
2016-07-25_21:33:20.00,1080.0,-86.93,-81.79,3
2016-07-25_21:33:20.00,1082.0,-85.88,-80.11,3
2016-07-25_21:33:20.00,1084.0,-83.8,-81.12,2
2016-07-25_21:33:20.00,1086.0,-82.13,-85.28,1
2016-07-25_21:33:20.00,1088.0,-83.62,-82.82,2
2016-07-25_21:33:20.00,1090.0,-83.75,-84.58,2
2016-07-25_21:33:20.00,1092.0,-87.54,-85.75,2
2016-07-25_21:33:20.00,1094.0,-86.04,-86.13,2
2016-07-25_21:33:20.00,1096.0,-85.04,-84.88,2
2016-07-25_21:33:20.00,1098.0,-87.51,-83.61,3
2016-07-25_21:33:20.00,1100.0,-85.62,-84.43,2
2016-07-25_21:33:20.00,1102.0,-86.18,-84.5,2
2016-07-25_21:33:20.00,1104.0,-85.7,-82.57,3
2016-07-25_21:33:20.00,1106.0,-85.39,-86.37,2
2016-07-25_21:33:20.00,1108.0,-81.12,-85.58,1
2016-07-25_21:33:20.00,1110.0,-82.41,-82.33,2
2016-07-25_21:33:20.00,1112.0,-81.17,-82.38,2
2016-07-25_21:33:20.00,1114.0,-83.93,-84.61,2
2016-07-25_21:33:20.00,1116.0,-85.13,-86.53,2
2016-07-25_21:33:20.00,1118.0,-84.53,-83.69,2
2016-07-25_21:33:20.00,1120.0,-84.11,-84.63,2
2016-07-25_21:33:20.00,1122.0,-87.64,-88.41,2
2016-07-25_21:33:20.00,1124.0,-84.33,-85.48,2
2016-07-25_21:33:20.00,1126.0,-85.12,-85.41,2
2016-07-25_21:33:20.00,1128.0,-85.08,-86.74,2
2016-07-25_21:33:20.00,1130.0,-83.44,-83.34,2
2016-07-25_21:33:20.00,1132.0,-71.33,-78.85,1
2016-07-25_21:33:20.00,1134.0,-76.25,-84.72,1
2016-07-25_21:33:20.00,1136.0,-80.04,-89.16,1
2016-07-25_21:33:20.00,1138.0,-81.55,-85.67,1
2016-07-25_21:33:20.00,1140.0,-84.42,-85.31,2
2016-07-25_21:33:20.00,1142.0,-83.0,-85.96,2
2016-07-25_21:33:20.00,1144.0,-86.6,-86.63,2
2016-07-25_21:33:20.00,1146.0,-87.78,-85.84,2
2016-07-25_21:33:30.00,1050.0,-86.31,-86.8,2
2016-07-25_21:33:30.00,1052.0,-84.34,-83.03,2
2016-07-25_21:33:30.00,1054.0,-82.98,-82.56,2
2016-07-25_21:33:30.00,1056.0,-70.66,-82.52,1
2016-07-25_21:33:30.00,1058.0,-77.47,-84.13,1
2016-07-25_21:33:30.00,1060.0,-81.25,-81.82,2
2016-07-25_21:33:30.00,1062.0,-82.16,-86.26,1
2016-07-25_21:33:30.00,1064.0,-85.33,-78.42,3
2016-07-25_21:33:30.00,1066.0,-87.37,-82.69,3
2016-07-25_21:33:30.00,1068.0,-86.2,-79.82,3
2016-07-25_21:33:30.00,1070.0,-85.46,-83.99,2
2016-07-25_21:33:30.00,1072.0,-85.0,-84.36,2
2016-07-25_21:33:30.00,1074.0,-84.16,-83.4,2
2016-07-25_21:33:30.00,1076.0,-86.34,-83.58,2
2016-07-25_21:33:30.00,1078.0,-85.93,-83.45,2
2016-07-25_21:33:30.00,1080.0,-86.52,-82.49,3
2016-07-25_21:33:30.00,1082.0,-72.45,-85.86,1
2016-07-25_21:33:30.00,1084.0,-70.7,-86.61,1
2016-07-25_21:33:30.00,1086.0,-75.31,-79.21,1
2016-07-25_21:33:30.00,1088.0,-81.48,-84.29,2
2016-07-25_21:33:30.00,1090.0,-82.67,-86.86,1
2016-07-25_21:33:30.00,1092.0,-82.88,-85.27,2
2016-07-25_21:33:30.00,1094.0,-82.43,-81.78,2
2016-07-25_21:33:30.00,1096.0,-83.21,-85.96,2
2016-07-25_21:33:30.00,1098.0,-83.11,-84.68,2
2016-07-25_21:33:30.00,1100.0,-86.18,-88.91,2
2016-07-25_21:33:30.00,1102.0,-85.58,-87.4,2
2016-07-25_21:33:30.00,1104.0,-82.51,-84.37,2
2016-07-25_21:33:30.00,1106.0,-84.37,-86.14,2
2016-07-25_21:33:30.00,1108.0,-83.0,-81.47,2
2016-07-25_21:33:30.00,1110.0,-85.37,-84.9,2
2016-07-25_21:33:30.00,1112.0,-81.24,-86.65,1
2016-07-25_21:33:30.00,1114.0,-81.61,-83.41,2
2016-07-25_21:33:30.00,1116.0,-83.72,-85.02,2
2016-07-25_21:33:30.00,1118.0,-84.54,-84.74,2
2016-07-25_21:33:30.00,1120.0,-86.91,-82.86,3
2016-07-25_21:33:30.00,1122.0,-85.39,-88.84,1
2016-07-25_21:33:30.00,1124.0,-85.54,-85.85,2
2016-07-25_21:33:30.00,1126.0,-84.84,-85.73,2
2016-07-25_21:33:30.00,1128.0,-86.81,-83.3,3
2016-07-25_21:33:30.00,1130.0,-87.63,-84.35,3
2016-07-25_21:33:30.00,1132.0,-86.83,-87.67,2
2016-07-25_21:33:30.00,1134.0,-85.12,-85.49,2
2016-07-25_21:33:30.00,1136.0,-84.45,-88.69,1
2016-07-25_21:33:30.00,1138.0,-82.5,-86.27,1
2016-07-25_21:33:30.00,1140.0,-85.37,-86.65,2
2016-07-25_21:33:30.00,1142.0,-83.63,-86.69,1
2016-07-25_21:33:30.00,1144.0,-85.09,-84.82,2
2016-07-25_21:33:30.00,1146.0,-84.13,-81.56,2
2016-07-25_21:33:30.00,1148.0,-83.72,-84.25,2
2016-07-25_21:33:30.00,1150.0,-84.74,-77.86,3
2016-07-25_21:33:30.00,1152.0,-82.84,-85.82,2
2016-07-25_21:33:30.00,1154.0,-81.42,-79.14,2
2016-07-25_21:33:30.00,1156.0,-82.9,-81.55,2
2016-07-25_21:33:40.00,1068.0,-85.49,-87.4,2
2016-07-25_21:33:40.00,1070.0,-84.33,-84.65,2
2016-07-25_21:33:40.00,1072.0,-86.1,-83.33,2
2016-07-25_21:33:40.00,1074.0,-88.55,-83.32,3
2016-07-25_21:33:40.00,1076.0,-84.99,-89.7,1
2016-07-25_21:33:40.00,1078.0,-88.4,-83.1,3
2016-07-25_21:33:40.00,1080.0,-86.94,-83.04,3
2016-07-25_21:33:40.00,1082.0,-88.2,-85.97,2
2016-07-25_21:33:40.00,1084.0,-84.43,-84.24,2
2016-07-25_21:33:40.00,1086.0,-85.2,-84.07,2
2016-07-25_21:33:40.00,1088.0,-81.54,-82.39,2
2016-07-25_21:33:40.00,1090.0,-83.92,-86.39,2
2016-07-25_21:33:40.00,1092.0,-86.58,-86.64,2
2016-07-25_21:33:40.00,1094.0,-83.87,-89.36,1
2016-07-25_21:33:40.00,1096.0,-87.83,-88.84,2
2016-07-25_21:33:40.00,1098.0,-86.97,-83.53,3
2016-07-25_21:33:40.00,1100.0,-87.91,-80.59,3
2016-07-25_21:33:40.00,1102.0,-87.25,-88.27,2
2016-07-25_21:33:40.00,1104.0,-89.32,-84.59,3
2016-07-25_21:33:40.00,1106.0,-84.51,-85.38,2
2016-07-25_21:33:40.00,1108.0,-85.07,-81.36,3
2016-07-25_21:33:40.00,1110.0,-85.89,-83.04,2
2016-07-25_21:33:40.00,1112.0,-86.46,-84.85,2
2016-07-25_21:33:40.00,1114.0,-86.04,-86.26,2
2016-07-25_21:33:40.00,1116.0,-84.7,-84.03,2
2016-07-25_21:33:40.00,1118.0,-86.36,-87.75,2
2016-07-25_21:33:40.00,1120.0,-84.71,-85.67,2
2016-07-25_21:33:40.00,1122.0,-85.25,-84.57,2
2016-07-25_21:33:40.00,1124.0,-85.4,-86.15,2
2016-07-25_21:33:40.00,1126.0,-85.57,-84.24,2
2016-07-25_21:33:40.00,1128.0,-83.32,-84.99,2
2016-07-25_21:33:40.00,1130.0,-87.4,-82.02,3
2016-07-25_21:33:40.00,1132.0,-90.0,-83.5,3
2016-07-25_21:33:40.00,1134.0,-86.23,-87.42,2
2016-07-25_21:33:40.00,1136.0,-83.44,-89.45,1
2016-07-25_21:33:40.00,1138.0,-85.02,-90.5,1
2016-07-25_21:33:40.00,1140.0,-86.86,-87.4,2
2016-07-25_21:33:40.00,1142.0,-86.17,-85.31,2
2016-07-25_21:33:40.00,1144.0,-83.8,-86.12,2
2016-07-25_21:33:40.00,1146.0,-84.37,-81.75,2
2016-07-25_21:33:40.00,1148.0,-86.79,-83.47,3
2016-07-25_21:33:40.00,1150.0,-85.61,-78.87,3
2016-07-25_21:33:40.00,1152.0,-85.71,-81.51,3
2016-07-25_21:33:40.00,1154.0,-87.09,-84.0,3
2016-07-25_21:33:40.00,1156.0,-84.6,-80.3,3
2016-07-25_21:33:40.00,1158.0,-83.6,-84.02,2
2016-07-25_21:33:40.00,1160.0,-82.88,-83.41,2
2016-07-25_21:33:40.00,1162.0,-83.56,-84.34,2
2016-07-25_21:33:40.00,1164.0,-85.78,-82.82,2
2016-07-25_21:33:40.00,1166.0,-86.11,-83.79,2
2016-07-25_21:33:50.00,1068.0,-83.81,-87.13,1
2016-07-25_21:33:50.00,1070.0,-80.76,-84.92,1
2016-07-25_21:33:50.00,1072.0,-90.21,-87.52,2
2016-07-25_21:33:50.00,1074.0,-87.19,-86.14,2
2016-07-25_21:33:50.00,1076.0,-86.37,-84.22,2
2016-07-25_21:33:50.00,1078.0,-85.01,-83.85,2
2016-07-25_21:33:50.00,1080.0,-85.11,-88.07,2
2016-07-25_21:33:50.00,1082.0,-81.7,-84.15,2
2016-07-25_21:33:50.00,1084.0,-86.05,-84.43,2
2016-07-25_21:33:50.00,1086.0,-84.72,-84.55,2
2016-07-25_21:33:50.00,1088.0,-84.08,-86.73,2
2016-07-25_21:33:50.00,1090.0,-84.4,-83.97,2
2016-07-25_21:33:50.00,1092.0,-84.84,-86.5,2
2016-07-25_21:33:50.00,1094.0,-84.71,-82.47,2
2016-07-25_21:33:50.00,1096.0,-87.49,-84.04,3
2016-07-25_21:33:50.00,1098.0,-85.08,-83.08,2
2016-07-25_21:33:50.00,1100.0,-83.39,-82.53,2
2016-07-25_21:33:50.00,1102.0,-84.41,-86.38,2
2016-07-25_21:33:50.00,1104.0,-85.54,-86.71,2
2016-07-25_21:33:50.00,1106.0,-84.84,-86.09,2
2016-07-25_21:33:50.00,1108.0,-86.82,-85.93,2
2016-07-25_21:33:50.00,1110.0,-86.84,-81.47,3
2016-07-25_21:33:50.00,1112.0,-86.71,-82.76,3
2016-07-25_21:33:50.00,1114.0,-85.27,-86.11,2
2016-07-25_21:33:50.00,1116.0,-86.04,-91.04,1
2016-07-25_21:33:50.00,1118.0,-84.2,-84.61,2
2016-07-25_21:33:50.00,1120.0,-82.29,-89.66,1
2016-07-25_21:33:50.00,1122.0,-85.5,-85.16,2
2016-07-25_21:33:50.00,1124.0,-83.17,-85.19,2
2016-07-25_21:33:50.00,1126.0,-87.39,-86.84,2
2016-07-25_21:33:50.00,1128.0,-87.34,-89.51,2
2016-07-25_21:33:50.00,1130.0,-84.42,-87.32,2
2016-07-25_21:33:50.00,1132.0,-87.66,-85.65,2
2016-07-25_21:33:50.00,1134.0,-83.44,-82.97,2
2016-07-25_21:33:50.00,1136.0,-84.19,-85.73,2
2016-07-25_21:33:50.00,1138.0,-83.15,-82.71,2
2016-07-25_21:33:50.00,1140.0,-86.12,-83.37,2
2016-07-25_21:33:50.00,1142.0,-88.96,-83.5,3
2016-07-25_21:33:50.00,1144.0,-86.01,-84.2,2
2016-07-25_21:33:50.00,1146.0,-82.21,-83.67,2
2016-07-25_21:33:50.00,1148.0,-85.75,-83.37,2
2016-07-25_21:33:50.00,1150.0,-85.5,-81.01,3
2016-07-25_21:33:50.00,1152.0,-84.32,-82.26,2
2016-07-25_21:33:50.00,1154.0,-86.73,-83.3,3
2016-07-25_21:33:50.00,1156.0,-84.45,-86.15,2
2016-07-25_21:33:50.00,1158.0,-85.82,-81.45,3
2016-07-25_21:33:50.00,1160.0,-81.63,-84.55,2
2016-07-25_21:33:50.00,1162.0,-81.22,-83.52,2
2016-07-25_21:33:50.00,1164.0,-83.36,-84.62,2
2016-07-25_21:33:50.00,1166.0,-83.44,-89.15,1
2016-07-25_21:33:50.00,1168.0,-83.33,-83.96,2
2016-07-25_21:34:00.00,1066.0,-83.82,-85.7,2
2016-07-25_21:34:00.00,1068.0,-84.9,-84.38,2
2016-07-25_21:34:00.00,1070.0,-84.28,-82.83,2
2016-07-25_21:34:00.00,1072.0,-84.36,-83.43,2
2016-07-25_21:34:00.00,1074.0,-85.48,-82.96,2
2016-07-25_21:34:00.00,1076.0,-82.07,-83.68,2
2016-07-25_21:34:00.00,1078.0,-84.9,-84.81,2
2016-07-25_21:34:00.00,1080.0,-80.63,-81.97,2
2016-07-25_21:34:00.00,1082.0,-83.36,-84.67,2
2016-07-25_21:34:00.00,1084.0,-84.79,-84.36,2
2016-07-25_21:34:00.00,1086.0,-83.08,-85.95,2
2016-07-25_21:34:00.00,1088.0,-87.98,-85.64,2
2016-07-25_21:34:00.00,1090.0,-86.88,-83.27,3
2016-07-25_21:34:00.00,1092.0,-87.07,-83.27,3
2016-07-25_21:34:00.00,1094.0,-83.81,-86.83,1
2016-07-25_21:34:00.00,1096.0,-87.37,-87.82,2
2016-07-25_21:34:00.00,1098.0,-87.45,-85.53,2
2016-07-25_21:34:00.00,1100.0,-87.09,-84.89,2
2016-07-25_21:34:00.00,1102.0,-84.2,-86.73,2
2016-07-25_21:34:00.00,1104.0,-86.09,-86.28,2
2016-07-25_21:34:00.00,1106.0,-87.06,-86.39,2
2016-07-25_21:34:00.00,1108.0,-85.12,-85.9,2
2016-07-25_21:34:00.00,1110.0,-86.01,-85.78,2
2016-07-25_21:34:00.00,1112.0,-86.38,-84.18,2
2016-07-25_21:34:00.00,1114.0,-88.31,-85.71,2
2016-07-25_21:34:00.00,1116.0,-85.81,-86.67,2
2016-07-25_21:34:00.00,1118.0,-88.6,-85.91,2
2016-07-25_21:34:00.00,1120.0,-84.53,-85.89,2
2016-07-25_21:34:00.00,1122.0,-85.36,-84.69,2
2016-07-25_21:34:00.00,1124.0,-85.35,-84.77,2
2016-07-25_21:34:00.00,1126.0,-86.41,-88.48,2
2016-07-25_21:34:00.00,1128.0,-87.55,-83.76,3
2016-07-25_21:34:00.00,1130.0,-84.37,-86.35,2
2016-07-25_21:34:00.00,1132.0,-84.55,-85.13,2
2016-07-25_21:34:00.00,1134.0,-85.25,-83.04,2
2016-07-25_21:34:00.00,1136.0,-85.27,-83.93,2
2016-07-25_21:34:00.00,1138.0,-86.45,-85.62,2
2016-07-25_21:34:00.00,1140.0,-86.58,-84.59,2
2016-07-25_21:34:00.00,1142.0,-84.73,-87.31,2
2016-07-25_21:34:00.00,1144.0,-86.21,-85.07,2
2016-07-25_21:34:00.00,1146.0,-85.5,-86.01,2
2016-07-25_21:34:00.00,1148.0,-86.63,-83.64,2
2016-07-25_21:34:00.00,1150.0,-85.83,-84.03,2
2016-07-25_21:34:00.00,1152.0,-85.57,-85.66,2
2016-07-25_21:34:00.00,1154.0,-87.67,-88.33,2
2016-07-25_21:34:00.00,1156.0,-85.48,-86.5,2
2016-07-25_21:34:00.00,1158.0,-85.48,-87.08,2
2016-07-25_21:34:00.00,1160.0,-86.19,-88.3,2
2016-07-25_21:34:00.00,1162.0,-85.52,-85.17,2
2016-07-25_21:34:00.00,1164.0,-84.2,-85.58,2
2016-07-25_21:34:00.00,1166.0,-85.48,-85.48,2
2016-07-25_21:34:00.00,1168.0,-84.31,-83.35,2
2016-07-25_21:34:00.00,1170.0,-86.41,-83.61,2
2016-07-25_21:34:10.00,1060.0,-87.54,-82.46,3
2016-07-25_21:34:10.00,1062.0,-84.48,-87.04,2
2016-07-25_21:34:10.00,1064.0,-84.33,-83.7,2
2016-07-25_21:34:10.00,1066.0,-85.07,-84.36,2
2016-07-25_21:34:10.00,1068.0,-80.26,-82.79,2
2016-07-25_21:34:10.00,1070.0,-83.4,-83.15,2
2016-07-25_21:34:10.00,1072.0,-83.44,-84.55,2
2016-07-25_21:34:10.00,1074.0,-83.5,-82.07,2
2016-07-25_21:34:10.00,1076.0,-83.24,-84.07,2
2016-07-25_21:34:10.00,1078.0,-80.87,-87.37,1
2016-07-25_21:34:10.00,1080.0,-83.6,-83.58,2
2016-07-25_21:34:10.00,1082.0,-81.64,-84.63,2
2016-07-25_21:34:10.00,1084.0,-84.55,-83.8,2
2016-07-25_21:34:10.00,1086.0,-84.32,-85.65,2
2016-07-25_21:34:10.00,1088.0,-82.19,-86.18,1
2016-07-25_21:34:10.00,1090.0,-82.47,-88.82,1
2016-07-25_21:34:10.00,1092.0,-84.71,-86.64,2
2016-07-25_21:34:10.00,1094.0,-80.97,-85.57,1
2016-07-25_21:34:10.00,1096.0,-85.92,-84.57,2
2016-07-25_21:34:10.00,1098.0,-82.34,-84.53,2
2016-07-25_21:34:10.00,1100.0,-82.35,-84.6,2
2016-07-25_21:34:10.00,1102.0,-84.4,-88.58,1
2016-07-25_21:34:10.00,1104.0,-85.08,-85.71,2
2016-07-25_21:34:10.00,1106.0,-84.72,-87.08,2
2016-07-25_21:34:10.00,1108.0,-84.38,-85.99,2
2016-07-25_21:34:10.00,1110.0,-83.87,-84.91,2
2016-07-25_21:34:10.00,1112.0,-88.67,-86.1,2
2016-07-25_21:34:10.00,1114.0,-85.25,-89.9,1
2016-07-25_21:34:10.00,1116.0,-84.8,-85.81,2
2016-07-25_21:34:10.00,1118.0,-79.19,-87.6,1
2016-07-25_21:34:10.00,1120.0,-86.39,-84.95,2
2016-07-25_21:34:10.00,1122.0,-86.25,-86.69,2
2016-07-25_21:34:10.00,1124.0,-85.95,-83.78,2
2016-07-25_21:34:10.00,1126.0,-81.64,-89.13,1
2016-07-25_21:34:10.00,1128.0,-86.21,-89.47,1
2016-07-25_21:34:10.00,1130.0,-85.06,-86.99,2
2016-07-25_21:34:10.00,1132.0,-85.65,-84.38,2
2016-07-25_21:34:10.00,1134.0,-84.39,-91.03,1
2016-07-25_21:34:10.00,1136.0,-83.28,-82.0,2
2016-07-25_21:34:10.00,1138.0,-82.64,-81.35,2
2016-07-25_21:34:10.00,1140.0,-83.22,-86.25,1
2016-07-25_21:34:10.00,1142.0,-85.12,-86.61,2
2016-07-25_21:34:10.00,1144.0,-83.06,-78.94,3
2016-07-25_21:34:10.00,1146.0,-86.82,-82.67,3
2016-07-25_21:34:10.00,1148.0,-84.37,-86.48,2
2016-07-25_21:34:10.00,1150.0,-85.16,-82.4,2
2016-07-25_21:34:10.00,1152.0,-79.93,-84.75,1
2016-07-25_21:34:10.00,1154.0,-84.46,-86.87,2
2016-07-25_21:34:10.00,1156.0,-85.22,-84.68,2
2016-07-25_21:34:10.00,1158.0,-84.45,-89.02,1
2016-07-25_21:34:10.00,1160.0,-86.2,-86.43,2
2016-07-25_21:34:10.00,1162.0,-85.64,-87.64,2
2016-07-25_21:34:20.00,1048.0,-81.36,-87.52,1
2016-07-25_21:34:20.00,1050.0,-75.06,-83.19,1
2016-07-25_21:34:20.00,1052.0,-83.76,-82.9,2
2016-07-25_21:34:20.00,1054.0,-81.73,-89.18,1
2016-07-25_21:34:20.00,1056.0,-83.1,-86.42,1
2016-07-25_21:34:20.00,1058.0,-86.94,-85.93,2
2016-07-25_21:34:20.00,1060.0,-84.84,-88.5,1
2016-07-25_21:34:20.00,1062.0,-82.79,-83.88,2
2016-07-25_21:34:20.00,1064.0,-82.19,-85.99,1
2016-07-25_21:34:20.00,1066.0,-82.66,-83.78,2
2016-07-25_21:34:20.00,1068.0,-86.46,-83.04,3
2016-07-25_21:34:20.00,1070.0,-84.38,-84.96,2
2016-07-25_21:34:20.00,1072.0,-81.05,-84.48,1
2016-07-25_21:34:20.00,1074.0,-83.29,-84.65,2
2016-07-25_21:34:20.00,1076.0,-84.03,-84.34,2
2016-07-25_21:34:20.00,1078.0,-83.02,-87.48,1
2016-07-25_21:34:20.00,1080.0,-82.38,-81.63,2
2016-07-25_21:34:20.00,1082.0,-89.83,-86.33,3
2016-07-25_21:34:20.00,1084.0,-86.6,-83.17,3
2016-07-25_21:34:20.00,1086.0,-84.95,-84.66,2
2016-07-25_21:34:20.00,1088.0,-82.97,-86.55,1
2016-07-25_21:34:20.00,1090.0,-84.63,-85.99,2
2016-07-25_21:34:20.00,1092.0,-84.0,-83.3,2
2016-07-25_21:34:20.00,1094.0,-86.04,-81.98,3
2016-07-25_21:34:20.00,1096.0,-85.79,-86.45,2
2016-07-25_21:34:20.00,1098.0,-87.32,-81.69,3
2016-07-25_21:34:20.00,1100.0,-86.0,-83.57,2
2016-07-25_21:34:20.00,1102.0,-84.22,-82.17,2
2016-07-25_21:34:20.00,1104.0,-84.28,-89.21,1
2016-07-25_21:34:20.00,1106.0,-83.23,-86.23,2
2016-07-25_21:34:20.00,1108.0,-84.01,-83.14,2
2016-07-25_21:34:20.00,1110.0,-84.29,-84.78,2
2016-07-25_21:34:20.00,1112.0,-87.39,-83.64,3
2016-07-25_21:34:20.00,1114.0,-84.8,-84.78,2
2016-07-25_21:34:20.00,1116.0,-84.13,-83.35,2
2016-07-25_21:34:20.00,1118.0,-86.7,-81.89,3
2016-07-25_21:34:20.00,1120.0,-83.99,-84.22,2
2016-07-25_21:34:20.00,1122.0,-84.1,-87.03,2
2016-07-25_21:34:20.00,1124.0,-84.0,-88.41,1
2016-07-25_21:34:20.00,1126.0,-86.13,-86.44,2
2016-07-25_21:34:20.00,1128.0,-86.13,-89.14,1
2016-07-25_21:34:20.00,1130.0,-83.5,-79.64,3
2016-07-25_21:34:20.00,1132.0,-89.08,-80.54,3
2016-07-25_21:34:20.00,1134.0,-87.54,-80.47,3
2016-07-25_21:34:20.00,1136.0,-85.08,-87.67,2
2016-07-25_21:34:20.00,1138.0,-82.3,-83.36,2
2016-07-25_21:34:30.00,1026.0,-81.23,-84.83,1
2016-07-25_21:34:30.00,1028.0,-85.83,-84.27,2
2016-07-25_21:34:30.00,1030.0,-89.79,-81.56,3
2016-07-25_21:34:30.00,1032.0,-79.74,-84.6,1
2016-07-25_21:34:30.00,1034.0,-83.24,-82.62,2
2016-07-25_21:34:30.00,1036.0,-83.25,-81.87,2
2016-07-25_21:34:30.00,1038.0,-84.26,-79.93,3
2016-07-25_21:34:30.00,1040.0,-86.43,-79.92,3
2016-07-25_21:34:30.00,1042.0,-83.78,-82.96,2
2016-07-25_21:34:30.00,1044.0,-84.61,-81.25,3
2016-07-25_21:34:30.00,1046.0,-83.75,-86.64,2
2016-07-25_21:34:30.00,1048.0,-85.11,-81.59,3
2016-07-25_21:34:30.00,1050.0,-84.76,-82.57,2
2016-07-25_21:34:30.00,1052.0,-84.22,-81.47,2
2016-07-25_21:34:30.00,1054.0,-84.79,-81.95,2
2016-07-25_21:34:30.00,1056.0,-83.57,-86.82,1
2016-07-25_21:34:30.00,1058.0,-85.61,-85.07,2
2016-07-25_21:34:30.00,1060.0,-83.34,-82.49,2
2016-07-25_21:34:30.00,1062.0,-82.0,-83.75,2
2016-07-25_21:34:30.00,1064.0,-80.36,-86.81,1
2016-07-25_21:34:30.00,1066.0,-90.61,-83.38,3
2016-07-25_21:34:30.00,1068.0,-81.42,-84.81,1
2016-07-25_21:34:30.00,1070.0,-82.05,-85.3,1
2016-07-25_21:34:30.00,1072.0,-90.31,-83.27,3
2016-07-25_21:34:30.00,1074.0,-85.61,-81.7,3
2016-07-25_21:34:30.00,1076.0,-84.68,-82.55,2
2016-07-25_21:34:30.00,1078.0,-84.18,-82.04,2
2016-07-25_21:34:30.00,1080.0,-88.97,-82.66,3
2016-07-25_21:34:30.00,1082.0,-86.16,-85.93,2
2016-07-25_21:34:30.00,1084.0,-88.2,-86.65,2
2016-07-25_21:34:30.00,1086.0,-85.9,-81.0,3
2016-07-25_21:34:30.00,1088.0,-86.74,-81.59,3
2016-07-25_21:34:30.00,1090.0,-84.43,-86.84,2
2016-07-25_21:34:30.00,1092.0,-83.33,-85.04,2
2016-07-25_21:34:30.00,1094.0,-85.96,-86.38,2
2016-07-25_21:34:30.00,1096.0,-86.68,-82.3,3
2016-07-25_21:34:30.00,1098.0,-86.58,-82.84,3
2016-07-25_21:34:30.00,1100.0,-84.91,-83.91,2
2016-07-25_21:34:30.00,1102.0,-84.36,-82.57,2
2016-07-25_21:34:30.00,1104.0,-87.68,-83.98,3
2016-07-25_21:34:30.00,1106.0,-86.02,-81.79,3
2016-07-25_21:34:30.00,1108.0,-86.13,-85.7,2
2016-07-25_21:34:30.00,1110.0,-88.77,-85.45,3
2016-07-25_21:34:30.00,1112.0,-87.59,-84.37,3
2016-07-25_21:34:30.00,1114.0,-85.11,-83.14,2
2016-07-25_21:34:40.00,1000.0,-80.38,-85.61,1
2016-07-25_21:34:40.00,1002.0,-80.52,-85.68,1
2016-07-25_21:34:40.00,1004.0,-79.78,-86.1,1
2016-07-25_21:34:40.00,1006.0,-84.72,-84.95,2
2016-07-25_21:34:40.00,1008.0,-79.0,-83.82,1
2016-07-25_21:34:40.00,1010.0,-81.57,-83.51,2
2016-07-25_21:34:40.00,1012.0,-81.62,-85.35,1
2016-07-25_21:34:40.00,1014.0,-68.62,-75.48,1
2016-07-25_21:34:40.00,1016.0,-75.85,-79.73,1
2016-07-25_21:34:40.00,1018.0,-72.28,-75.87,1
2016-07-25_21:34:40.00,1020.0,-81.63,-85.13,1
2016-07-25_21:34:40.00,1022.0,-82.71,-82.6,2
2016-07-25_21:34:40.00,1024.0,-79.71,-82.48,2
2016-07-25_21:34:40.00,1026.0,-80.46,-86.81,1
2016-07-25_21:34:40.00,1028.0,-82.55,-86.53,1
2016-07-25_21:34:40.00,1030.0,-83.67,-81.78,2
2016-07-25_21:34:40.00,1032.0,-83.97,-84.32,2
2016-07-25_21:34:40.00,1034.0,-83.46,-83.21,2
2016-07-25_21:34:40.00,1036.0,-82.55,-82.56,2
2016-07-25_21:34:40.00,1038.0,-82.27,-82.17,2
2016-07-25_21:34:40.00,1040.0,-82.15,-82.69,2
2016-07-25_21:34:40.00,1042.0,-83.43,-82.72,2
2016-07-25_21:34:40.00,1044.0,-83.32,-79.89,3
2016-07-25_21:34:40.00,1046.0,-83.65,-84.57,2
2016-07-25_21:34:40.00,1048.0,-84.06,-87.68,1
2016-07-25_21:34:40.00,1050.0,-83.68,-81.5,2
2016-07-25_21:34:40.00,1052.0,-86.71,-80.3,3
2016-07-25_21:34:40.00,1054.0,-83.31,-83.89,2
2016-07-25_21:34:40.00,1056.0,-85.17,-84.86,2
2016-07-25_21:34:40.00,1058.0,-83.2,-84.06,2
2016-07-25_21:34:40.00,1060.0,-81.82,-83.8,2
2016-07-25_21:34:40.00,1062.0,-81.24,-85.59,1
2016-07-25_21:34:40.00,1064.0,-84.01,-86.0,2
2016-07-25_21:34:40.00,1066.0,-82.95,-84.46,2
2016-07-25_21:34:40.00,1068.0,-84.19,-87.56,1
2016-07-25_21:34:40.00,1070.0,-84.24,-82.11,2
2016-07-25_21:34:40.00,1072.0,-82.73,-85.8,1
2016-07-25_21:34:40.00,1074.0,-85.62,-84.57,2
2016-07-25_21:34:40.00,1076.0,-86.12,-81.25,3
2016-07-25_21:34:40.00,1078.0,-85.71,-80.29,3
2016-07-25_21:34:40.00,1080.0,-84.81,-85.47,2
2016-07-25_21:34:40.00,1082.0,-84.33,-82.04,2
2016-07-25_21:34:40.00,1084.0,-84.98,-83.08,2
2016-07-25_21:34:40.00,1086.0,-84.25,-84.2,2
2016-07-25_21:34:50.00,966.0,-80.75,-85.88,1
2016-07-25_21:34:50.00,968.0,-76.17,-87.81,1
2016-07-25_21:34:50.00,970.0,-81.31,-86.87,1
2016-07-25_21:34:50.00,972.0,-78.35,-84.63,1
2016-07-25_21:34:50.00,974.0,-80.33,-86.52,1
2016-07-25_21:34:50.00,976.0,-78.79,-83.3,1
2016-07-25_21:34:50.00,978.0,-81.0,-86.75,1
2016-07-25_21:34:50.00,980.0,-80.01,-85.54,1
2016-07-25_21:34:50.00,982.0,-71.86,-83.2,1
2016-07-25_21:34:50.00,984.0,-72.04,-83.56,1
2016-07-25_21:34:50.00,986.0,-78.53,-91.15,1
2016-07-25_21:34:50.00,988.0,-77.71,-83.98,1
2016-07-25_21:34:50.00,990.0,-82.35,-83.24,2
2016-07-25_21:34:50.00,992.0,-84.05,-85.39,2
2016-07-25_21:34:50.00,994.0,-84.65,-84.76,2
2016-07-25_21:34:50.00,996.0,-77.9,-88.3,1
2016-07-25_21:34:50.00,998.0,-80.64,-87.03,1
2016-07-25_21:34:50.00,1000.0,-80.9,-85.77,1
2016-07-25_21:34:50.00,1002.0,-77.96,-87.57,1
2016-07-25_21:34:50.00,1004.0,-79.69,-86.65,1
2016-07-25_21:34:50.00,1006.0,-81.54,-87.06,1
2016-07-25_21:34:50.00,1008.0,-81.2,-85.85,1
2016-07-25_21:34:50.00,1010.0,-85.58,-85.88,2
2016-07-25_21:34:50.00,1012.0,-83.3,-84.47,2
2016-07-25_21:34:50.00,1014.0,-82.72,-85.2,2
2016-07-25_21:34:50.00,1016.0,-82.08,-79.27,2
2016-07-25_21:34:50.00,1018.0,-83.93,-82.28,2
2016-07-25_21:34:50.00,1020.0,-84.89,-79.2,3
2016-07-25_21:34:50.00,1022.0,-83.26,-84.6,2
2016-07-25_21:34:50.00,1024.0,-81.65,-85.12,1
2016-07-25_21:34:50.00,1026.0,-82.44,-83.37,2
2016-07-25_21:34:50.00,1028.0,-79.99,-87.88,1
2016-07-25_21:34:50.00,1030.0,-81.49,-79.53,2
2016-07-25_21:34:50.00,1032.0,-82.27,-87.67,1
2016-07-25_21:34:50.00,1034.0,-82.69,-85.19,2
2016-07-25_21:34:50.00,1036.0,-85.25,-81.71,3
2016-07-25_21:34:50.00,1038.0,-82.78,-80.93,2
2016-07-25_21:34:50.00,1040.0,-82.22,-85.23,1
2016-07-25_21:34:50.00,1042.0,-86.27,-82.54,3
2016-07-25_21:34:50.00,1044.0,-78.18,-83.43,1
2016-07-25_21:34:50.00,1046.0,-82.69,-84.25,2
2016-07-25_21:34:50.00,1048.0,-86.92,-82.66,3
2016-07-25_21:34:50.00,1050.0,-86.72,-82.63,3
2016-07-25_21:34:50.00,1052.0,-81.94,-82.97,2
2016-07-25_21:34:50.00,1054.0,-80.75,-78.26,2
2016-07-25_21:34:50.00,1056.0,-85.84,-85.55,2
2016-07-25_21:34:50.00,1058.0,-85.47,-83.01,2
2016-07-25_21:34:50.00,1060.0,-85.71,-86.58,2
2016-07-25_21:34:50.00,1062.0,-80.89,-88.21,1
2016-07-25_21:35:00.00,944.0,-83.64,-87.94,1
2016-07-25_21:35:00.00,946.0,-76.97,-88.65,1
2016-07-25_21:35:00.00,948.0,-80.27,-90.79,1
2016-07-25_21:35:00.00,950.0,-81.13,-82.17,2
2016-07-25_21:35:00.00,952.0,-84.38,-86.95,2
2016-07-25_21:35:00.00,954.0,-82.25,-86.67,1
2016-07-25_21:35:00.00,956.0,-79.34,-83.91,1
2016-07-25_21:35:00.00,958.0,-86.49,-87.96,2
2016-07-25_21:35:00.00,960.0,-80.67,-91.11,1
2016-07-25_21:35:00.00,962.0,-85.53,-89.85,1
2016-07-25_21:35:00.00,964.0,-85.4,-84.28,2
2016-07-25_21:35:00.00,966.0,-81.85,-87.56,1
2016-07-25_21:35:00.00,968.0,-82.19,-81.17,2
2016-07-25_21:35:00.00,970.0,-82.52,-86.52,1
2016-07-25_21:35:00.00,972.0,-82.69,-87.17,1
2016-07-25_21:35:00.00,974.0,-79.63,-88.5,1
2016-07-25_21:35:00.00,976.0,-78.01,-85.95,1
2016-07-25_21:35:00.00,978.0,-79.15,-84.45,1
2016-07-25_21:35:00.00,980.0,-77.55,-84.38,1
2016-07-25_21:35:00.00,982.0,-79.86,-84.93,1
2016-07-25_21:35:00.00,984.0,-83.32,-85.19,2
2016-07-25_21:35:00.00,986.0,-83.06,-85.35,2
2016-07-25_21:35:00.00,988.0,-80.95,-80.63,2
2016-07-25_21:35:00.00,990.0,-81.72,-83.59,2
2016-07-25_21:35:00.00,992.0,-85.19,-88.47,1
2016-07-25_21:35:00.00,994.0,-83.63,-88.58,1
2016-07-25_21:35:00.00,996.0,-84.58,-87.7,1
2016-07-25_21:35:00.00,998.0,-83.43,-87.49,1
2016-07-25_21:35:00.00,1000.0,-77.18,-84.18,1
2016-07-25_21:35:00.00,1002.0,-83.61,-82.32,2
2016-07-25_21:35:00.00,1004.0,-78.29,-85.28,1
2016-07-25_21:35:00.00,1006.0,-84.73,-85.72,2
2016-07-25_21:35:00.00,1008.0,-87.7,-83.53,3
2016-07-25_21:35:00.00,1010.0,-82.41,-84.29,2
2016-07-25_21:35:00.00,1012.0,-81.18,-83.33,2
2016-07-25_21:35:00.00,1014.0,-78.93,-80.95,2
2016-07-25_21:35:00.00,1016.0,-81.44,-84.13,2
2016-07-25_21:35:00.00,1018.0,-79.79,-82.66,2
2016-07-25_21:35:00.00,1020.0,-84.46,-84.67,2
2016-07-25_21:35:00.00,1022.0,-82.15,-88.06,1
2016-07-25_21:35:00.00,1024.0,-87.16,-86.85,2
2016-07-25_21:35:00.00,1026.0,-83.99,-85.77,2
2016-07-25_21:35:00.00,1028.0,-82.05,-88.4,1
2016-07-25_21:35:00.00,1030.0,-80.85,-88.26,1
2016-07-25_21:35:00.00,1032.0,-83.66,-86.59,2
2016-07-25_21:35:00.00,1034.0,-84.1,-82.03,2
2016-07-25_21:35:00.00,1036.0,-84.69,-86.25,2
2016-07-25_21:35:00.00,1038.0,-82.96,-83.3,2
2016-07-25_21:35:00.00,1040.0,-84.72,-85.42,2
2016-07-25_21:35:00.00,1042.0,-85.43,-82.91,2
2016-07-25_21:35:10.00,942.0,-84.38,-85.48,2
2016-07-25_21:35:10.00,944.0,-82.74,-84.35,2
2016-07-25_21:35:10.00,946.0,-77.83,-84.43,1
2016-07-25_21:35:10.00,948.0,-79.64,-90.43,1
2016-07-25_21:35:10.00,950.0,-81.77,-89.88,1
2016-07-25_21:35:10.00,952.0,-79.35,-91.7,1
2016-07-25_21:35:10.00,954.0,-80.64,-87.01,1
2016-07-25_21:35:10.00,956.0,-80.54,-84.88,1
2016-07-25_21:35:10.00,958.0,-85.04,-84.81,2
2016-07-25_21:35:10.00,960.0,-74.63,-85.49,1
2016-07-25_21:35:10.00,962.0,-79.67,-90.73,1
2016-07-25_21:35:10.00,964.0,-82.76,-88.63,1
2016-07-25_21:35:10.00,966.0,-79.28,-86.5,1
2016-07-25_21:35:10.00,968.0,-82.64,-88.98,1
2016-07-25_21:35:10.00,970.0,-82.1,-87.8,1
2016-07-25_21:35:10.00,972.0,-81.46,-91.45,1
2016-07-25_21:35:10.00,974.0,-80.34,-92.29,1
2016-07-25_21:35:10.00,976.0,-78.6,-84.16,1
2016-07-25_21:35:10.00,978.0,-80.65,-85.62,1
2016-07-25_21:35:10.00,980.0,-80.47,-86.42,1
2016-07-25_21:35:10.00,982.0,-82.56,-88.21,1
2016-07-25_21:35:10.00,984.0,-83.46,-86.5,1
2016-07-25_21:35:10.00,986.0,-80.45,-85.28,1
2016-07-25_21:35:10.00,988.0,-80.43,-83.08,2
2016-07-25_21:35:10.00,990.0,-83.4,-90.46,1
2016-07-25_21:35:10.00,992.0,-83.98,-86.41,2
2016-07-25_21:35:10.00,994.0,-80.84,-82.69,2
2016-07-25_21:35:10.00,996.0,-80.49,-85.08,1
2016-07-25_21:35:10.00,998.0,-84.57,-85.58,2
2016-07-25_21:35:10.00,1000.0,-83.28,-85.2,2
2016-07-25_21:35:10.00,1002.0,-79.35,-83.34,1
2016-07-25_21:35:10.00,1004.0,-81.53,-79.8,2
2016-07-25_21:35:10.00,1006.0,-83.79,-84.95,2
2016-07-25_21:35:10.00,1008.0,-82.07,-83.81,2
2016-07-25_21:35:10.00,1010.0,-81.68,-84.91,1
2016-07-25_21:35:10.00,1012.0,-83.39,-87.67,1
2016-07-25_21:35:10.00,1014.0,-81.23,-82.46,2
2016-07-25_21:35:10.00,1016.0,-83.39,-88.34,1
2016-07-25_21:35:10.00,1018.0,-84.36,-86.13,2
2016-07-25_21:35:10.00,1020.0,-81.53,-86.65,1
2016-07-25_21:35:10.00,1022.0,-84.87,-84.9,2
2016-07-25_21:35:10.00,1024.0,-82.68,-82.87,2
2016-07-25_21:35:10.00,1026.0,-81.5,-79.76,2
2016-07-25_21:35:10.00,1028.0,-80.05,-89.87,1
2016-07-25_21:35:10.00,1030.0,-82.01,-83.57,2
2016-07-25_21:35:10.00,1032.0,-82.04,-79.72,2
2016-07-25_21:35:10.00,1034.0,-77.46,-86.01,1
2016-07-25_21:35:10.00,1036.0,-80.78,-85.49,1
2016-07-25_21:35:20.00,920.0,-82.22,-85.32,1
2016-07-25_21:35:20.00,922.0,-83.11,-80.99,2
2016-07-25_21:35:20.00,924.0,-78.38,-83.06,1
2016-07-25_21:35:20.00,926.0,-78.59,-80.5,2
2016-07-25_21:35:20.00,928.0,-79.4,-85.02,1
2016-07-25_21:35:20.00,930.0,-82.04,-84.53,2
2016-07-25_21:35:20.00,932.0,-83.93,-86.03,2
2016-07-25_21:35:20.00,934.0,-79.75,-82.23,2
2016-07-25_21:35:20.00,936.0,-85.7,-88.66,2
2016-07-25_21:35:20.00,938.0,-78.09,-83.8,1
2016-07-25_21:35:20.00,940.0,-79.43,-87.85,1
2016-07-25_21:35:20.00,942.0,-79.7,-84.95,1
2016-07-25_21:35:20.00,944.0,-79.77,-83.17,1
2016-07-25_21:35:20.00,946.0,-79.8,-83.9,1
2016-07-25_21:35:20.00,948.0,-84.43,-85.78,2
2016-07-25_21:35:20.00,950.0,-79.99,-83.35,1
2016-07-25_21:35:20.00,952.0,-81.93,-86.52,1
2016-07-25_21:35:20.00,954.0,-82.35,-84.58,2
2016-07-25_21:35:20.00,956.0,-80.44,-83.82,1
2016-07-25_21:35:20.00,958.0,-78.41,-85.73,1
2016-07-25_21:35:20.00,960.0,-78.44,-89.33,1
2016-07-25_21:35:20.00,962.0,-84.94,-87.42,2
2016-07-25_21:35:20.00,964.0,-83.1,-84.48,2
2016-07-25_21:35:20.00,966.0,-80.95,-84.15,1
2016-07-25_21:35:20.00,968.0,-81.9,-87.19,1
2016-07-25_21:35:20.00,970.0,-79.14,-84.62,1
2016-07-25_21:35:20.00,972.0,-82.31,-84.88,2
2016-07-25_21:35:20.00,974.0,-83.09,-88.68,1
2016-07-25_21:35:20.00,976.0,-84.36,-88.87,1
2016-07-25_21:35:20.00,978.0,-82.62,-84.07,2
2016-07-25_21:35:20.00,980.0,-82.13,-86.29,1
2016-07-25_21:35:20.00,982.0,-82.34,-86.0,1
2016-07-25_21:35:20.00,984.0,-83.24,-85.88,2
2016-07-25_21:35:20.00,986.0,-82.21,-87.29,1
2016-07-25_21:35:20.00,988.0,-81.68,-86.38,1
2016-07-25_21:35:20.00,990.0,-82.65,-87.61,1
2016-07-25_21:35:20.00,992.0,-82.2,-87.3,1
2016-07-25_21:35:20.00,994.0,-84.44,-85.97,2
2016-07-25_21:35:20.00,996.0,-81.56,-85.61,1
2016-07-25_21:35:20.00,998.0,-79.86,-83.64,1
2016-07-25_21:35:20.00,1000.0,-81.98,-87.0,1
2016-07-25_21:35:20.00,1002.0,-82.72,-83.29,2
2016-07-25_21:35:20.00,1004.0,-83.33,-84.39,2
2016-07-25_21:35:20.00,1006.0,-79.85,-87.2,1
2016-07-25_21:35:20.00,1008.0,-81.54,-85.87,1
2016-07-25_21:35:20.00,1010.0,-82.4,-86.01,1
2016-07-25_21:35:20.00,1012.0,-85.62,-83.66,2
2016-07-25_21:35:20.00,1014.0,-83.01,-87.7,1
2016-07-25_21:35:20.00,1016.0,-82.23,-84.52,2
2016-07-25_21:35:20.00,1018.0,-80.73,-85.21,1
2016-07-25_21:35:20.00,1020.0,-82.62,-86.93,1
2016-07-25_21:35:20.00,1022.0,-83.29,-85.91,2
2016-07-25_21:35:20.00,1024.0,-83.11,-88.5,1
2016-07-25_21:35:20.00,1026.0,-81.8,-83.32,2
2016-07-25_21:35:30.00,920.0,-80.31,-82.97,2
2016-07-25_21:35:30.00,922.0,-80.52,-82.1,2
2016-07-25_21:35:30.00,924.0,-79.81,-80.74,2
2016-07-25_21:35:30.00,926.0,-78.75,-85.43,1
2016-07-25_21:35:30.00,928.0,-77.91,-84.66,1
2016-07-25_21:35:30.00,930.0,-80.5,-91.52,1
2016-07-25_21:35:30.00,932.0,-76.09,-87.72,1
2016-07-25_21:35:30.00,934.0,-80.53,-87.21,1
2016-07-25_21:35:30.00,936.0,-77.84,-85.19,1
2016-07-25_21:35:30.00,938.0,-75.17,-83.43,1
2016-07-25_21:35:30.00,940.0,-79.56,-87.8,1
2016-07-25_21:35:30.00,942.0,-76.24,-82.35,1
2016-07-25_21:35:30.00,944.0,-75.57,-82.03,1
2016-07-25_21:35:30.00,946.0,-72.87,-85.52,1
2016-07-25_21:35:30.00,948.0,-74.68,-85.34,1
2016-07-25_21:35:30.00,950.0,-75.24,-80.43,1
2016-07-25_21:35:30.00,952.0,-75.33,-88.83,1
2016-07-25_21:35:30.00,954.0,-79.21,-81.49,2
2016-07-25_21:35:30.00,956.0,-75.45,-85.77,1
2016-07-25_21:35:30.00,958.0,-77.77,-83.87,1
2016-07-25_21:35:30.00,960.0,-79.84,-86.5,1
2016-07-25_21:35:30.00,962.0,-81.03,-82.34,2
2016-07-25_21:35:30.00,964.0,-82.24,-85.74,1
2016-07-25_21:35:30.00,966.0,-78.79,-85.19,1
2016-07-25_21:35:30.00,968.0,-80.34,-85.23,1
2016-07-25_21:35:30.00,970.0,-77.54,-85.89,1
2016-07-25_21:35:30.00,972.0,-81.42,-85.41,1
2016-07-25_21:35:30.00,974.0,-82.52,-84.58,2
2016-07-25_21:35:30.00,976.0,-81.94,-84.79,2
2016-07-25_21:35:30.00,978.0,-80.31,-81.61,2
2016-07-25_21:35:30.00,980.0,-77.72,-84.52,1
2016-07-25_21:35:30.00,982.0,-78.09,-81.3,1
2016-07-25_21:35:30.00,984.0,-76.51,-86.88,1
2016-07-25_21:35:30.00,986.0,-78.74,-83.76,1
2016-07-25_21:35:30.00,988.0,-79.96,-84.37,1
2016-07-25_21:35:30.00,990.0,-79.72,-83.18,1
2016-07-25_21:35:30.00,992.0,-81.36,-89.95,1
2016-07-25_21:35:30.00,994.0,-78.26,-87.28,1
2016-07-25_21:35:30.00,996.0,-76.97,-84.03,1
2016-07-25_21:35:30.00,998.0,-83.19,-86.71,1
2016-07-25_21:35:30.00,1000.0,-82.11,-89.71,1
2016-07-25_21:35:30.00,1002.0,-82.91,-87.31,1
2016-07-25_21:35:30.00,1004.0,-80.29,-85.78,1
2016-07-25_21:35:30.00,1006.0,-82.1,-84.64,2
2016-07-25_21:35:30.00,1008.0,-81.6,-85.29,1
2016-07-25_21:35:30.00,1010.0,-83.79,-88.53,1
2016-07-25_21:35:30.00,1012.0,-79.55,-85.0,1
2016-07-25_21:35:30.00,1014.0,-83.66,-88.03,1
2016-07-25_21:35:30.00,1016.0,-82.73,-83.7,2
2016-07-25_21:35:30.00,1018.0,-83.73,-82.33,2
2016-07-25_21:35:30.00,1020.0,-82.48,-82.33,2
2016-07-25_21:35:30.00,1022.0,-82.33,-88.02,1
2016-07-25_21:35:30.00,1024.0,-79.91,-85.69,1
2016-07-25_21:35:30.00,1026.0,-84.35,-86.15,2
2016-07-25_21:35:40.00,936.0,-75.71,-84.21,1
2016-07-25_21:35:40.00,938.0,-81.51,-85.34,1
2016-07-25_21:35:40.00,940.0,-79.3,-85.58,1
2016-07-25_21:35:40.00,942.0,-84.25,-82.13,2
2016-07-25_21:35:40.00,944.0,-82.66,-84.27,2
2016-07-25_21:35:40.00,946.0,-80.3,-85.03,1
2016-07-25_21:35:40.00,948.0,-80.34,-80.3,2
2016-07-25_21:35:40.00,950.0,-80.22,-84.11,1
2016-07-25_21:35:40.00,952.0,-78.75,-88.51,1
2016-07-25_21:35:40.00,954.0,-81.12,-84.75,1
2016-07-25_21:35:40.00,956.0,-84.95,-87.84,2
2016-07-25_21:35:40.00,958.0,-79.99,-86.19,1
2016-07-25_21:35:40.00,960.0,-77.48,-86.22,1
2016-07-25_21:35:40.00,962.0,-79.04,-86.85,1
2016-07-25_21:35:40.00,964.0,-76.23,-86.68,1
2016-07-25_21:35:40.00,966.0,-78.4,-85.91,1
2016-07-25_21:35:40.00,968.0,-78.02,-87.95,1
2016-07-25_21:35:40.00,970.0,-82.02,-86.23,1
2016-07-25_21:35:40.00,972.0,-80.87,-87.59,1
2016-07-25_21:35:40.00,974.0,-79.86,-85.57,1
2016-07-25_21:35:40.00,976.0,-81.32,-85.89,1
2016-07-25_21:35:40.00,978.0,-80.55,-85.79,1
2016-07-25_21:35:40.00,980.0,-78.58,-87.7,1
2016-07-25_21:35:40.00,982.0,-76.25,-84.14,1
2016-07-25_21:35:40.00,984.0,-77.29,-85.66,1
2016-07-25_21:35:40.00,986.0,-78.92,-84.05,1
2016-07-25_21:35:40.00,988.0,-81.84,-85.48,1
2016-07-25_21:35:40.00,990.0,-79.62,-86.92,1
2016-07-25_21:35:40.00,992.0,-81.62,-86.52,1
2016-07-25_21:35:40.00,994.0,-79.83,-88.24,1
2016-07-25_21:35:40.00,996.0,-83.01,-82.57,2
2016-07-25_21:35:40.00,998.0,-77.91,-84.3,1
2016-07-25_21:35:40.00,1000.0,-78.63,-85.71,1
2016-07-25_21:35:40.00,1002.0,-78.74,-89.48,1
2016-07-25_21:35:40.00,1004.0,-80.11,-82.38,2
2016-07-25_21:35:40.00,1006.0,-82.68,-81.4,2
2016-07-25_21:35:40.00,1008.0,-78.19,-86.28,1
2016-07-25_21:35:40.00,1010.0,-80.36,-84.63,1
2016-07-25_21:35:40.00,1012.0,-81.76,-86.76,1
2016-07-25_21:35:40.00,1014.0,-80.76,-80.98,2
2016-07-25_21:35:40.00,1016.0,-80.25,-83.72,1
2016-07-25_21:35:40.00,1018.0,-78.99,-89.34,1
2016-07-25_21:35:40.00,1020.0,-80.66,-83.54,2
2016-07-25_21:35:40.00,1022.0,-82.14,-84.21,2
2016-07-25_21:35:40.00,1024.0,-81.87,-88.95,1
2016-07-25_21:35:40.00,1026.0,-82.14,-86.75,1
2016-07-25_21:35:40.00,1028.0,-81.72,-88.56,1
2016-07-25_21:35:50.00,940.0,-76.82,-83.58,1
2016-07-25_21:35:50.00,942.0,-81.36,-85.17,1
2016-07-25_21:35:50.00,944.0,-84.07,-86.46,2
2016-07-25_21:35:50.00,946.0,-80.75,-85.56,1
2016-07-25_21:35:50.00,948.0,-79.39,-86.4,1
2016-07-25_21:35:50.00,950.0,-76.07,-83.55,1
2016-07-25_21:35:50.00,952.0,-80.91,-86.24,1
2016-07-25_21:35:50.00,954.0,-81.12,-86.5,1
2016-07-25_21:35:50.00,956.0,-81.31,-81.42,2
2016-07-25_21:35:50.00,958.0,-85.5,-86.37,2
2016-07-25_21:35:50.00,960.0,-79.64,-87.88,1
2016-07-25_21:35:50.00,962.0,-83.39,-85.33,2
2016-07-25_21:35:50.00,964.0,-84.2,-88.07,1
2016-07-25_21:35:50.00,966.0,-79.65,-88.0,1
2016-07-25_21:35:50.00,968.0,-78.82,-87.87,1
2016-07-25_21:35:50.00,970.0,-83.65,-83.03,2
2016-07-25_21:35:50.00,972.0,-82.07,-88.29,1
2016-07-25_21:35:50.00,974.0,-85.03,-86.36,2
2016-07-25_21:35:50.00,976.0,-84.69,-89.21,1
2016-07-25_21:35:50.00,978.0,-82.06,-86.3,1
2016-07-25_21:35:50.00,980.0,-82.77,-86.17,1
2016-07-25_21:35:50.00,982.0,-77.86,-86.5,1
2016-07-25_21:35:50.00,984.0,-83.91,-88.84,1
2016-07-25_21:35:50.00,986.0,-81.51,-84.48,2
2016-07-25_21:35:50.00,988.0,-80.46,-85.45,1
2016-07-25_21:35:50.00,990.0,-80.82,-84.07,1
2016-07-25_21:35:50.00,992.0,-81.82,-83.68,2
2016-07-25_21:35:50.00,994.0,-81.4,-83.6,2
2016-07-25_21:35:50.00,996.0,-84.3,-84.67,2
2016-07-25_21:35:50.00,998.0,-84.79,-81.68,3
2016-07-25_21:35:50.00,1000.0,-80.33,-83.44,1
2016-07-25_21:35:50.00,1002.0,-80.02,-87.72,1
2016-07-25_21:35:50.00,1004.0,-85.7,-82.95,2
2016-07-25_21:35:50.00,1006.0,-84.82,-86.25,2
2016-07-25_21:35:50.00,1008.0,-82.99,-83.5,2
2016-07-25_21:35:50.00,1010.0,-84.11,-81.5,2
2016-07-25_21:35:50.00,1012.0,-81.42,-85.85,1
2016-07-25_21:35:50.00,1014.0,-82.95,-88.51,1
2016-07-25_21:35:50.00,1016.0,-84.25,-87.24,2
2016-07-25_21:35:50.00,1018.0,-83.78,-91.35,1
2016-07-25_21:35:50.00,1020.0,-84.7,-84.31,2
2016-07-25_21:35:50.00,1022.0,-79.68,-86.61,1
2016-07-25_21:35:50.00,1024.0,-78.28,-84.2,1
2016-07-25_21:35:50.00,1026.0,-79.9,-87.17,1
2016-07-25_21:35:50.00,1028.0,-83.7,-85.54,2
2016-07-25_21:35:50.00,1030.0,-81.39,-83.13,2
2016-07-25_21:36:00.00,950.0,-80.9,-86.83,1
2016-07-25_21:36:00.00,952.0,-83.02,-85.27,2
2016-07-25_21:36:00.00,954.0,-83.8,-86.62,2
2016-07-25_21:36:00.00,956.0,-83.49,-85.35,2
2016-07-25_21:36:00.00,958.0,-82.78,-87.16,1
2016-07-25_21:36:00.00,960.0,-79.14,-87.28,1
2016-07-25_21:36:00.00,962.0,-81.63,-88.16,1
2016-07-25_21:36:00.00,964.0,-85.09,-87.04,2
2016-07-25_21:36:00.00,966.0,-80.92,-85.89,1
2016-07-25_21:36:00.00,968.0,-79.5,-86.57,1
2016-07-25_21:36:00.00,970.0,-80.63,-85.38,1
2016-07-25_21:36:00.00,972.0,-79.49,-84.12,1
2016-07-25_21:36:00.00,974.0,-81.12,-85.44,1
2016-07-25_21:36:00.00,976.0,-81.06,-87.07,1
2016-07-25_21:36:00.00,978.0,-79.18,-86.56,1
2016-07-25_21:36:00.00,980.0,-80.36,-84.29,1
2016-07-25_21:36:00.00,982.0,-83.38,-84.82,2
2016-07-25_21:36:00.00,984.0,-81.48,-85.55,1
2016-07-25_21:36:00.00,986.0,-83.74,-85.75,2
2016-07-25_21:36:00.00,988.0,-81.05,-86.91,1
2016-07-25_21:36:00.00,990.0,-79.88,-86.8,1
2016-07-25_21:36:00.00,992.0,-80.86,-82.95,2
2016-07-25_21:36:00.00,994.0,-84.98,-82.61,2
2016-07-25_21:36:00.00,996.0,-83.46,-83.26,2
2016-07-25_21:36:00.00,998.0,-80.96,-85.08,1
2016-07-25_21:36:00.00,1000.0,-81.48,-85.46,1
2016-07-25_21:36:00.00,1002.0,-80.21,-84.15,1
2016-07-25_21:36:00.00,1004.0,-82.84,-86.76,1
2016-07-25_21:36:00.00,1006.0,-83.72,-85.88,2
2016-07-25_21:36:00.00,1008.0,-79.0,-81.72,2
2016-07-25_21:36:00.00,1010.0,-82.59,-85.73,1
2016-07-25_21:36:00.00,1012.0,-82.41,-85.38,2
2016-07-25_21:36:00.00,1014.0,-80.48,-83.31,2
2016-07-25_21:36:00.00,1016.0,-83.91,-85.0,2
2016-07-25_21:36:00.00,1018.0,-78.43,-87.54,1
2016-07-25_21:36:00.00,1020.0,-83.41,-83.66,2
2016-07-25_21:36:00.00,1022.0,-76.47,-83.4,1
2016-07-25_21:36:00.00,1024.0,-80.27,-83.19,2
2016-07-25_21:36:00.00,1026.0,-80.76,-84.37,1
2016-07-25_21:36:00.00,1028.0,-83.71,-82.33,2
2016-07-25_21:36:00.00,1030.0,-82.11,-85.62,1
2016-07-25_21:36:00.00,1032.0,-81.79,-86.48,1
2016-07-25_21:36:00.00,1034.0,-81.7,-84.42,2
2016-07-25_21:36:00.00,1036.0,-85.28,-84.42,2
2016-07-25_21:36:00.00,1038.0,-84.72,-85.43,2
2016-07-25_21:36:00.00,1040.0,-83.19,-85.26,2
2016-07-25_21:36:10.00,968.0,-82.24,-84.87,2
2016-07-25_21:36:10.00,970.0,-84.98,-83.33,2
2016-07-25_21:36:10.00,972.0,-81.55,-83.42,2
2016-07-25_21:36:10.00,974.0,-81.8,-85.65,1
2016-07-25_21:36:10.00,976.0,-80.39,-88.56,1
2016-07-25_21:36:10.00,978.0,-81.41,-90.2,1
2016-07-25_21:36:10.00,980.0,-80.61,-83.92,1
2016-07-25_21:36:10.00,982.0,-79.22,-87.64,1
2016-07-25_21:36:10.00,984.0,-79.37,-90.14,1
2016-07-25_21:36:10.00,986.0,-80.8,-83.04,2
2016-07-25_21:36:10.00,988.0,-83.98,-89.56,1
2016-07-25_21:36:10.00,990.0,-78.72,-85.15,1
2016-07-25_21:36:10.00,992.0,-80.46,-89.82,1
2016-07-25_21:36:10.00,994.0,-84.78,-83.19,2
2016-07-25_21:36:10.00,996.0,-85.82,-85.0,2
2016-07-25_21:36:10.00,998.0,-79.47,-83.1,1
2016-07-25_21:36:10.00,1000.0,-80.89,-84.78,1
2016-07-25_21:36:10.00,1002.0,-77.79,-86.24,1
2016-07-25_21:36:10.00,1004.0,-80.72,-86.49,1
2016-07-25_21:36:10.00,1006.0,-81.11,-86.59,1
2016-07-25_21:36:10.00,1008.0,-85.79,-91.49,1
2016-07-25_21:36:10.00,1010.0,-82.19,-83.85,2
2016-07-25_21:36:10.00,1012.0,-80.99,-83.06,2
2016-07-25_21:36:10.00,1014.0,-80.92,-80.55,2
2016-07-25_21:36:10.00,1016.0,-83.92,-86.24,2
2016-07-25_21:36:10.00,1018.0,-82.76,-86.07,1
2016-07-25_21:36:10.00,1020.0,-83.63,-83.37,2
2016-07-25_21:36:10.00,1022.0,-81.28,-84.4,1
2016-07-25_21:36:10.00,1024.0,-84.3,-84.18,2
2016-07-25_21:36:10.00,1026.0,-80.93,-89.62,1
2016-07-25_21:36:10.00,1028.0,-80.63,-90.72,1
2016-07-25_21:36:10.00,1030.0,-80.36,-82.4,2
2016-07-25_21:36:10.00,1032.0,-83.41,-87.55,1
2016-07-25_21:36:10.00,1034.0,-81.07,-83.85,2
2016-07-25_21:36:10.00,1036.0,-83.26,-83.51,2
2016-07-25_21:36:10.00,1038.0,-85.2,-83.39,2
2016-07-25_21:36:10.00,1040.0,-82.98,-83.4,2
2016-07-25_21:36:10.00,1042.0,-83.74,-83.86,2
2016-07-25_21:36:10.00,1044.0,-83.96,-83.76,2
2016-07-25_21:36:10.00,1046.0,-81.68,-81.15,2
2016-07-25_21:36:10.00,1048.0,-84.47,-85.52,2
2016-07-25_21:36:10.00,1050.0,-82.16,-84.16,2
2016-07-25_21:36:10.00,1052.0,-84.19,-87.18,2
2016-07-25_21:36:10.00,1054.0,-82.17,-85.02,2
2016-07-25_21:36:10.00,1056.0,-85.61,-83.38,2
2016-07-25_21:36:20.00,982.0,-82.45,-86.01,1
2016-07-25_21:36:20.00,984.0,-81.97,-82.7,2
2016-07-25_21:36:20.00,986.0,-82.38,-89.34,1
2016-07-25_21:36:20.00,988.0,-75.8,-80.04,1
2016-07-25_21:36:20.00,990.0,-78.99,-86.62,1
2016-07-25_21:36:20.00,992.0,-84.42,-90.76,1
2016-07-25_21:36:20.00,994.0,-81.87,-86.7,1
2016-07-25_21:36:20.00,996.0,-76.4,-78.92,2
2016-07-25_21:36:20.00,998.0,-82.66,-82.4,2
2016-07-25_21:36:20.00,1000.0,-77.34,-82.48,1
2016-07-25_21:36:20.00,1002.0,-83.8,-86.26,2
2016-07-25_21:36:20.00,1004.0,-81.69,-85.42,1
2016-07-25_21:36:20.00,1006.0,-84.8,-84.88,2
2016-07-25_21:36:20.00,1008.0,-82.65,-83.45,2
2016-07-25_21:36:20.00,1010.0,-82.96,-86.43,1
2016-07-25_21:36:20.00,1012.0,-78.16,-78.14,2
2016-07-25_21:36:20.00,1014.0,-81.31,-79.33,2
2016-07-25_21:36:20.00,1016.0,-75.14,-81.17,1
2016-07-25_21:36:20.00,1018.0,-83.65,-82.58,2
2016-07-25_21:36:20.00,1020.0,-81.17,-82.02,2
2016-07-25_21:36:20.00,1022.0,-83.79,-87.58,1
2016-07-25_21:36:20.00,1024.0,-81.1,-82.08,2
2016-07-25_21:36:20.00,1026.0,-81.21,-90.04,1
2016-07-25_21:36:20.00,1028.0,-82.86,-89.13,1
2016-07-25_21:36:20.00,1030.0,-80.94,-84.36,1
2016-07-25_21:36:20.00,1032.0,-82.82,-85.34,2
2016-07-25_21:36:20.00,1034.0,-80.18,-85.8,1
2016-07-25_21:36:20.00,1036.0,-82.94,-86.28,1
2016-07-25_21:36:20.00,1038.0,-81.02,-81.99,2
2016-07-25_21:36:20.00,1040.0,-82.88,-87.57,1
2016-07-25_21:36:20.00,1042.0,-73.93,-80.09,1
2016-07-25_21:36:20.00,1044.0,-84.2,-85.21,2
2016-07-25_21:36:20.00,1046.0,-82.95,-89.06,1
2016-07-25_21:36:20.00,1048.0,-83.97,-85.69,2
2016-07-25_21:36:20.00,1050.0,-81.44,-83.59,2
2016-07-25_21:36:20.00,1052.0,-83.36,-84.62,2
2016-07-25_21:36:20.00,1054.0,-85.4,-87.39,2
2016-07-25_21:36:20.00,1056.0,-83.65,-85.36,2
2016-07-25_21:36:20.00,1058.0,-85.48,-84.71,2
2016-07-25_21:36:20.00,1060.0,-81.88,-88.01,1
2016-07-25_21:36:20.00,1062.0,-84.88,-85.59,2
2016-07-25_21:36:20.00,1064.0,-82.37,-79.8,2
2016-07-25_21:36:20.00,1066.0,-83.64,-88.04,1
2016-07-25_21:36:20.00,1068.0,-75.26,-78.23,2
2016-07-25_21:36:20.00,1070.0,-85.25,-82.82,2
2016-07-25_21:36:20.00,1072.0,-81.35,-85.67,1
2016-07-25_21:36:30.00,1002.0,-84.77,-87.17,2
2016-07-25_21:36:30.00,1004.0,-82.04,-82.95,2
2016-07-25_21:36:30.00,1006.0,-82.55,-84.17,2
2016-07-25_21:36:30.00,1008.0,-79.23,-80.88,2
2016-07-25_21:36:30.00,1010.0,-85.5,-85.36,2
2016-07-25_21:36:30.00,1012.0,-88.76,-86.3,2
2016-07-25_21:36:30.00,1014.0,-82.45,-87.77,1
2016-07-25_21:36:30.00,1016.0,-78.67,-81.51,2
2016-07-25_21:36:30.00,1018.0,-82.05,-87.86,1
2016-07-25_21:36:30.00,1020.0,-84.3,-89.46,1
2016-07-25_21:36:30.00,1022.0,-84.32,-82.87,2
2016-07-25_21:36:30.00,1024.0,-82.35,-85.36,1
2016-07-25_21:36:30.00,1026.0,-84.1,-84.36,2
2016-07-25_21:36:30.00,1028.0,-81.37,-88.14,1
2016-07-25_21:36:30.00,1030.0,-82.17,-92.45,1
2016-07-25_21:36:30.00,1032.0,-82.89,-84.53,2
2016-07-25_21:36:30.00,1034.0,-83.61,-83.2,2
2016-07-25_21:36:30.00,1036.0,-84.14,-81.03,3
2016-07-25_21:36:30.00,1038.0,-88.22,-88.07,2
2016-07-25_21:36:30.00,1040.0,-82.11,-83.96,2
2016-07-25_21:36:30.00,1042.0,-88.2,-84.41,3
2016-07-25_21:36:30.00,1044.0,-84.97,-82.51,2
2016-07-25_21:36:30.00,1046.0,-87.11,-86.68,2
2016-07-25_21:36:30.00,1048.0,-80.32,-82.28,2
2016-07-25_21:36:30.00,1050.0,-84.95,-87.14,2
2016-07-25_21:36:30.00,1052.0,-77.99,-82.92,1
2016-07-25_21:36:30.00,1054.0,-83.74,-87.74,1
2016-07-25_21:36:30.00,1056.0,-83.59,-85.63,2
2016-07-25_21:36:30.00,1058.0,-80.13,-84.82,1
2016-07-25_21:36:30.00,1060.0,-85.39,-85.83,2
2016-07-25_21:36:30.00,1062.0,-87.8,-88.07,2
2016-07-25_21:36:30.00,1064.0,-87.57,-87.09,2
2016-07-25_21:36:30.00,1066.0,-89.1,-84.11,3
2016-07-25_21:36:30.00,1068.0,-80.63,-85.81,1
2016-07-25_21:36:30.00,1070.0,-84.83,-83.02,2
2016-07-25_21:36:30.00,1072.0,-83.07,-87.2,1
2016-07-25_21:36:30.00,1074.0,-81.59,-87.48,1
2016-07-25_21:36:30.00,1076.0,-87.36,-86.83,2
2016-07-25_21:36:30.00,1078.0,-84.58,-83.68,2
2016-07-25_21:36:30.00,1080.0,-83.72,-81.03,2
2016-07-25_21:36:30.00,1082.0,-77.33,-81.39,1
2016-07-25_21:36:30.00,1084.0,-84.4,-82.92,2
2016-07-25_21:36:30.00,1086.0,-85.75,-86.44,2
2016-07-25_21:36:30.00,1088.0,-84.98,-86.81,2
2016-07-25_21:36:30.00,1090.0,-84.45,-84.63,2
2016-07-25_21:36:30.00,1092.0,-87.72,-84.02,3
2016-07-25_21:36:30.00,1094.0,-89.17,-86.04,3
2016-07-25_21:36:30.00,1096.0,-87.39,-83.35,3
2016-07-25_21:36:30.00,1098.0,-88.66,-83.37,3
2016-07-25_21:36:40.00,1022.0,-79.56,-84.78,1
2016-07-25_21:36:40.00,1024.0,-83.82,-86.01,2
2016-07-25_21:36:40.00,1026.0,-82.24,-84.7,2
2016-07-25_21:36:40.00,1028.0,-83.34,-86.3,2
2016-07-25_21:36:40.00,1030.0,-84.46,-87.23,2
2016-07-25_21:36:40.00,1032.0,-85.04,-84.45,2
2016-07-25_21:36:40.00,1034.0,-80.78,-83.19,2
2016-07-25_21:36:40.00,1036.0,-82.46,-86.6,1
2016-07-25_21:36:40.00,1038.0,-84.52,-87.25,2
2016-07-25_21:36:40.00,1040.0,-83.04,-84.2,2
2016-07-25_21:36:40.00,1042.0,-84.73,-86.03,2
2016-07-25_21:36:40.00,1044.0,-86.5,-84.4,2
2016-07-25_21:36:40.00,1046.0,-85.74,-84.7,2
2016-07-25_21:36:40.00,1048.0,-82.3,-85.73,1
2016-07-25_21:36:40.00,1050.0,-69.11,-85.55,1
2016-07-25_21:36:40.00,1052.0,-68.67,-83.71,1
2016-07-25_21:36:40.00,1054.0,-73.65,-86.98,1
2016-07-25_21:36:40.00,1056.0,-83.62,-86.01,2
2016-07-25_21:36:40.00,1058.0,-84.21,-82.13,2
2016-07-25_21:36:40.00,1060.0,-86.48,-83.47,3
2016-07-25_21:36:40.00,1062.0,-86.49,-86.32,2
2016-07-25_21:36:40.00,1064.0,-82.49,-87.83,1
2016-07-25_21:36:40.00,1066.0,-84.06,-84.86,2
2016-07-25_21:36:40.00,1068.0,-86.46,-83.88,2
2016-07-25_21:36:40.00,1070.0,-85.94,-87.21,2
2016-07-25_21:36:40.00,1072.0,-83.84,-86.6,2
2016-07-25_21:36:40.00,1074.0,-87.54,-85.94,2
2016-07-25_21:36:40.00,1076.0,-85.04,-87.68,2
2016-07-25_21:36:40.00,1078.0,-84.75,-85.18,2
2016-07-25_21:36:40.00,1080.0,-86.62,-81.42,3
2016-07-25_21:36:40.00,1082.0,-83.59,-84.12,2
2016-07-25_21:36:40.00,1084.0,-83.38,-86.21,2
2016-07-25_21:36:40.00,1086.0,-85.94,-82.94,3
2016-07-25_21:36:40.00,1088.0,-83.61,-85.62,2
2016-07-25_21:36:40.00,1090.0,-82.38,-83.91,2
2016-07-25_21:36:40.00,1092.0,-86.54,-85.25,2
2016-07-25_21:36:40.00,1094.0,-86.04,-84.21,2
2016-07-25_21:36:40.00,1096.0,-75.85,-84.83,1
2016-07-25_21:36:40.00,1098.0,-76.78,-83.88,1
2016-07-25_21:36:40.00,1100.0,-77.18,-83.01,1
2016-07-25_21:36:40.00,1102.0,-81.84,-83.83,2
2016-07-25_21:36:40.00,1104.0,-78.81,-82.98,1
2016-07-25_21:36:40.00,1106.0,-83.94,-85.52,2
2016-07-25_21:36:40.00,1108.0,-85.71,-84.12,2
2016-07-25_21:36:40.00,1110.0,-84.21,-85.01,2
2016-07-25_21:36:40.00,1112.0,-85.33,-83.62,2
2016-07-25_21:36:40.00,1114.0,-82.33,-83.29,2
2016-07-25_21:36:40.00,1116.0,-83.33,-82.39,2
2016-07-25_21:36:40.00,1118.0,-80.61,-81.2,2
2016-07-25_21:36:50.00,1036.0,-79.62,-84.35,1
2016-07-25_21:36:50.00,1038.0,-80.26,-86.1,1
2016-07-25_21:36:50.00,1040.0,-80.33,-81.62,2
2016-07-25_21:36:50.00,1042.0,-81.2,-83.43,2
2016-07-25_21:36:50.00,1044.0,-76.68,-85.47,1
2016-07-25_21:36:50.00,1046.0,-83.21,-85.25,2
2016-07-25_21:36:50.00,1048.0,-83.43,-85.89,2
2016-07-25_21:36:50.00,1050.0,-81.39,-81.89,2
2016-07-25_21:36:50.00,1052.0,-80.44,-82.19,2
2016-07-25_21:36:50.00,1054.0,-85.66,-84.28,2
2016-07-25_21:36:50.00,1056.0,-81.55,-86.73,1
2016-07-25_21:36:50.00,1058.0,-79.75,-82.12,2
2016-07-25_21:36:50.00,1060.0,-82.75,-85.59,2
2016-07-25_21:36:50.00,1062.0,-82.99,-87.32,1
2016-07-25_21:36:50.00,1064.0,-81.83,-84.39,2
2016-07-25_21:36:50.00,1066.0,-80.26,-86.84,1
2016-07-25_21:36:50.00,1068.0,-85.74,-83.1,2
2016-07-25_21:36:50.00,1070.0,-84.05,-84.64,2
2016-07-25_21:36:50.00,1072.0,-84.89,-85.66,2
2016-07-25_21:36:50.00,1074.0,-84.66,-86.83,2
2016-07-25_21:36:50.00,1076.0,-85.9,-84.94,2
2016-07-25_21:36:50.00,1078.0,-83.15,-86.84,1
2016-07-25_21:36:50.00,1080.0,-82.48,-90.2,1
2016-07-25_21:36:50.00,1082.0,-81.67,-86.78,1
2016-07-25_21:36:50.00,1084.0,-80.64,-82.15,2
2016-07-25_21:36:50.00,1086.0,-85.22,-89.07,1
2016-07-25_21:36:50.00,1088.0,-84.46,-86.66,2
2016-07-25_21:36:50.00,1090.0,-83.88,-85.08,2
2016-07-25_21:36:50.00,1092.0,-85.94,-81.13,3
2016-07-25_21:36:50.00,1094.0,-81.91,-75.09,3
2016-07-25_21:36:50.00,1096.0,-81.32,-83.18,2
2016-07-25_21:36:50.00,1098.0,-81.5,-84.7,1
2016-07-25_21:36:50.00,1100.0,-85.48,-84.08,2
2016-07-25_21:36:50.00,1102.0,-82.9,-87.11,1
2016-07-25_21:36:50.00,1104.0,-80.79,-83.14,2
2016-07-25_21:36:50.00,1106.0,-83.33,-84.49,2
2016-07-25_21:36:50.00,1108.0,-82.68,-83.48,2
2016-07-25_21:36:50.00,1110.0,-81.96,-82.14,2
2016-07-25_21:36:50.00,1112.0,-83.54,-84.47,2
2016-07-25_21:36:50.00,1114.0,-81.95,-86.61,1
2016-07-25_21:36:50.00,1116.0,-82.17,-86.7,1
2016-07-25_21:36:50.00,1118.0,-83.06,-86.87,1
2016-07-25_21:36:50.00,1120.0,-84.35,-86.08,2
2016-07-25_21:36:50.00,1122.0,-84.63,-86.84,2
2016-07-25_21:36:50.00,1124.0,-84.61,-81.86,2
2016-07-25_21:36:50.00,1126.0,-82.37,-83.45,2
2016-07-25_21:36:50.00,1128.0,-82.65,-83.87,2
2016-07-25_21:36:50.00,1130.0,-81.26,-82.68,2
2016-07-25_21:36:50.00,1132.0,-80.5,-87.54,1
2016-07-25_21:36:50.00,1134.0,-82.92,-86.9,1
2016-07-25_21:36:50.00,1136.0,-83.44,-82.55,2
2016-07-25_21:36:50.00,1138.0,-80.31,-86.44,1
2016-07-25_21:36:50.00,1140.0,-83.22,-84.77,2
2016-07-25_21:36:50.00,1142.0,-84.48,-85.74,2
2016-07-25_21:37:00.00,1028.0,-82.27,-84.0,2
2016-07-25_21:37:00.00,1030.0,-81.38,-89.46,1
2016-07-25_21:37:00.00,1032.0,-84.34,-87.77,1
2016-07-25_21:37:00.00,1034.0,-81.92,-87.37,1
2016-07-25_21:37:00.00,1036.0,-81.35,-85.66,1
2016-07-25_21:37:00.00,1038.0,-83.71,-84.65,2
2016-07-25_21:37:00.00,1040.0,-79.36,-86.16,1
2016-07-25_21:37:00.00,1042.0,-84.9,-87.04,2
2016-07-25_21:37:00.00,1044.0,-84.06,-85.98,2
2016-07-25_21:37:00.00,1046.0,-83.09,-83.61,2
2016-07-25_21:37:00.00,1048.0,-82.21,-81.73,2
2016-07-25_21:37:00.00,1050.0,-81.03,-85.17,1
2016-07-25_21:37:00.00,1052.0,-81.34,-87.97,1
2016-07-25_21:37:00.00,1054.0,-82.78,-83.21,2
2016-07-25_21:37:00.00,1056.0,-84.02,-87.02,2
2016-07-25_21:37:00.00,1058.0,-82.99,-86.28,1
2016-07-25_21:37:00.00,1060.0,-87.01,-83.24,3
2016-07-25_21:37:00.00,1062.0,-83.07,-85.89,2
2016-07-25_21:37:00.00,1064.0,-84.08,-84.21,2
2016-07-25_21:37:00.00,1066.0,-84.81,-85.08,2
2016-07-25_21:37:00.00,1068.0,-84.71,-82.9,2
2016-07-25_21:37:00.00,1070.0,-86.59,-86.38,2
2016-07-25_21:37:00.00,1072.0,-84.58,-84.8,2
2016-07-25_21:37:00.00,1074.0,-84.11,-84.54,2
2016-07-25_21:37:00.00,1076.0,-82.12,-83.05,2
2016-07-25_21:37:00.00,1078.0,-83.02,-80.87,2
2016-07-25_21:37:00.00,1080.0,-82.76,-83.36,2
2016-07-25_21:37:00.00,1082.0,-83.45,-89.76,1
2016-07-25_21:37:00.00,1084.0,-82.76,-84.55,2
2016-07-25_21:37:00.00,1086.0,-80.39,-82.63,2
2016-07-25_21:37:00.00,1088.0,-79.08,-82.33,1
2016-07-25_21:37:00.00,1090.0,-77.84,-81.65,1
2016-07-25_21:37:00.00,1092.0,-81.7,-83.14,2
2016-07-25_21:37:00.00,1094.0,-83.43,-84.76,2
2016-07-25_21:37:00.00,1096.0,-80.6,-83.35,2
2016-07-25_21:37:00.00,1098.0,-82.76,-81.92,2
2016-07-25_21:37:00.00,1100.0,-78.91,-79.24,2
2016-07-25_21:37:00.00,1102.0,-80.53,-84.84,1
2016-07-25_21:37:00.00,1104.0,-82.25,-83.07,2
2016-07-25_21:37:00.00,1106.0,-78.72,-85.73,1
2016-07-25_21:37:00.00,1108.0,-81.45,-85.55,1
2016-07-25_21:37:00.00,1110.0,-84.21,-81.26,2
2016-07-25_21:37:00.00,1112.0,-83.64,-85.4,2
2016-07-25_21:37:00.00,1114.0,-73.09,-81.81,1
2016-07-25_21:37:00.00,1116.0,-76.65,-83.22,1
2016-07-25_21:37:00.00,1118.0,-78.76,-81.13,2
2016-07-25_21:37:00.00,1120.0,-74.6,-80.29,1
2016-07-25_21:37:00.00,1122.0,-74.89,-80.91,1
2016-07-25_21:37:00.00,1124.0,-78.2,-90.35,1
2016-07-25_21:37:00.00,1126.0,-74.95,-83.23,1
2016-07-25_21:37:00.00,1128.0,-76.85,-83.31,1
2016-07-25_21:37:00.00,1130.0,-79.33,-81.02,2
2016-07-25_21:37:00.00,1132.0,-76.52,-82.8,1
2016-07-25_21:37:00.00,1134.0,-80.33,-86.16,1
2016-07-25_21:37:00.00,1136.0,-82.93,-87.85,1
2016-07-25_21:37:10.00,1000.0,-81.45,-85.41,1
2016-07-25_21:37:10.00,1002.0,-83.03,-82.07,2
2016-07-25_21:37:10.00,1004.0,-80.56,-87.36,1
2016-07-25_21:37:10.00,1006.0,-82.93,-87.82,1
2016-07-25_21:37:10.00,1008.0,-85.16,-83.44,2
2016-07-25_21:37:10.00,1010.0,-81.28,-81.83,2
2016-07-25_21:37:10.00,1012.0,-81.86,-87.5,1
2016-07-25_21:37:10.00,1014.0,-82.07,-84.91,2
2016-07-25_21:37:10.00,1016.0,-83.31,-85.08,2
2016-07-25_21:37:10.00,1018.0,-78.86,-84.04,1
2016-07-25_21:37:10.00,1020.0,-80.19,-79.12,2
2016-07-25_21:37:10.00,1022.0,-83.81,-79.37,3
2016-07-25_21:37:10.00,1024.0,-85.03,-84.68,2
2016-07-25_21:37:10.00,1026.0,-83.73,-85.99,2
2016-07-25_21:37:10.00,1028.0,-81.06,-82.94,2
2016-07-25_21:37:10.00,1030.0,-78.0,-85.0,1
2016-07-25_21:37:10.00,1032.0,-82.8,-84.75,2
2016-07-25_21:37:10.00,1034.0,-83.19,-83.28,2
2016-07-25_21:37:10.00,1036.0,-77.77,-83.45,1
2016-07-25_21:37:10.00,1038.0,-78.54,-85.17,1
2016-07-25_21:37:10.00,1040.0,-77.09,-83.88,1
2016-07-25_21:37:10.00,1042.0,-78.55,-87.36,1
2016-07-25_21:37:10.00,1044.0,-78.11,-86.18,1
2016-07-25_21:37:10.00,1046.0,-82.76,-83.91,2
2016-07-25_21:37:10.00,1048.0,-81.52,-85.63,1
2016-07-25_21:37:10.00,1050.0,-84.4,-82.32,2
2016-07-25_21:37:10.00,1052.0,-81.49,-84.62,1
2016-07-25_21:37:10.00,1054.0,-80.05,-82.19,2
2016-07-25_21:37:10.00,1056.0,-79.01,-86.46,1
2016-07-25_21:37:10.00,1058.0,-80.28,-87.21,1
2016-07-25_21:37:10.00,1060.0,-81.47,-84.63,1
2016-07-25_21:37:10.00,1062.0,-82.9,-85.79,2
2016-07-25_21:37:10.00,1064.0,-78.92,-84.14,1
2016-07-25_21:37:10.00,1066.0,-82.08,-83.17,2
2016-07-25_21:37:10.00,1068.0,-88.65,-82.23,3
2016-07-25_21:37:10.00,1070.0,-82.7,-80.78,2
2016-07-25_21:37:10.00,1072.0,-84.4,-88.79,1
2016-07-25_21:37:10.00,1074.0,-82.28,-87.67,1
2016-07-25_21:37:10.00,1076.0,-85.44,-85.4,2
2016-07-25_21:37:10.00,1078.0,-83.76,-84.52,2
2016-07-25_21:37:10.00,1080.0,-84.52,-83.25,2
2016-07-25_21:37:10.00,1082.0,-84.31,-86.34,2
2016-07-25_21:37:10.00,1084.0,-82.44,-86.8,1
2016-07-25_21:37:10.00,1086.0,-85.05,-77.64,3
2016-07-25_21:37:10.00,1088.0,-82.66,-82.96,2
2016-07-25_21:37:10.00,1090.0,-85.71,-84.43,2
2016-07-25_21:37:10.00,1092.0,-84.15,-79.3,3
2016-07-25_21:37:10.00,1094.0,-78.96,-87.31,1
2016-07-25_21:37:10.00,1096.0,-81.34,-86.85,1
2016-07-25_21:37:10.00,1098.0,-81.19,-89.96,1
2016-07-25_21:37:10.00,1100.0,-78.24,-82.36,1
2016-07-25_21:37:10.00,1102.0,-83.75,-89.84,1
2016-07-25_21:37:10.00,1104.0,-84.94,-85.46,2
2016-07-25_21:37:20.00,986.0,-80.51,-84.31,1
2016-07-25_21:37:20.00,988.0,-81.42,-86.46,1
2016-07-25_21:37:20.00,990.0,-80.25,-87.04,1
2016-07-25_21:37:20.00,992.0,-79.74,-87.61,1
2016-07-25_21:37:20.00,994.0,-81.45,-84.9,1
2016-07-25_21:37:20.00,996.0,-83.37,-84.17,2
2016-07-25_21:37:20.00,998.0,-80.28,-86.65,1
2016-07-25_21:37:20.00,1000.0,-78.62,-84.93,1
2016-07-25_21:37:20.00,1002.0,-81.83,-83.24,2
2016-07-25_21:37:20.00,1004.0,-83.93,-86.6,2
2016-07-25_21:37:20.00,1006.0,-82.54,-84.23,2
2016-07-25_21:37:20.00,1008.0,-81.53,-86.79,1
2016-07-25_21:37:20.00,1010.0,-81.01,-83.0,2
2016-07-25_21:37:20.00,1012.0,-81.56,-84.67,1
2016-07-25_21:37:20.00,1014.0,-82.29,-83.65,2
2016-07-25_21:37:20.00,1016.0,-83.39,-84.08,2
2016-07-25_21:37:20.00,1018.0,-82.87,-85.01,2
2016-07-25_21:37:20.00,1020.0,-83.86,-85.23,2
2016-07-25_21:37:20.00,1022.0,-84.17,-82.7,2
2016-07-25_21:37:20.00,1024.0,-80.14,-84.47,1
2016-07-25_21:37:20.00,1026.0,-81.54,-85.44,1
2016-07-25_21:37:20.00,1028.0,-84.1,-84.21,2
2016-07-25_21:37:20.00,1030.0,-81.73,-89.46,1
2016-07-25_21:37:20.00,1032.0,-84.98,-86.98,2
2016-07-25_21:37:20.00,1034.0,-82.97,-87.59,1
2016-07-25_21:37:20.00,1036.0,-83.31,-85.57,2
2016-07-25_21:37:20.00,1038.0,-81.07,-84.69,1
2016-07-25_21:37:20.00,1040.0,-82.86,-82.12,2
2016-07-25_21:37:20.00,1042.0,-83.46,-85.36,2
2016-07-25_21:37:20.00,1044.0,-81.74,-82.49,2
2016-07-25_21:37:20.00,1046.0,-83.53,-85.43,2
2016-07-25_21:37:20.00,1048.0,-83.48,-87.25,1
2016-07-25_21:37:20.00,1050.0,-81.12,-84.86,1
2016-07-25_21:37:20.00,1052.0,-81.85,-85.28,1
2016-07-25_21:37:20.00,1054.0,-82.46,-84.5,2
2016-07-25_21:37:20.00,1056.0,-79.92,-82.21,2
2016-07-25_21:37:20.00,1058.0,-80.75,-84.12,1
2016-07-25_21:37:20.00,1060.0,-80.64,-83.54,2
2016-07-25_21:37:20.00,1062.0,-80.41,-84.03,1
2016-07-25_21:37:20.00,1064.0,-78.21,-84.58,1
2016-07-25_21:37:20.00,1066.0,-79.27,-84.35,1
2016-07-25_21:37:20.00,1068.0,-80.7,-84.73,1
2016-07-25_21:37:20.00,1070.0,-81.91,-83.2,2
2016-07-25_21:37:20.00,1072.0,-82.07,-84.1,2
2016-07-25_21:37:20.00,1074.0,-79.99,-84.1,1
2016-07-25_21:37:20.00,1076.0,-81.18,-85.15,1
2016-07-25_21:37:20.00,1078.0,-79.44,-83.04,1
2016-07-25_21:37:20.00,1080.0,-79.49,-83.43,1
2016-07-25_21:37:20.00,1082.0,-79.97,-84.82,1
2016-07-25_21:37:20.00,1084.0,-81.72,-81.4,2
2016-07-25_21:37:20.00,1086.0,-80.16,-82.55,2
2016-07-25_21:37:20.00,1088.0,-79.63,-83.43,1
2016-07-25_21:37:20.00,1090.0,-81.2,-82.78,2
2016-07-25_21:37:20.00,1092.0,-82.25,-82.21,2
2016-07-25_21:37:30.00,942.0,-80.4,-80.89,2
2016-07-25_21:37:30.00,944.0,-84.68,-80.29,3
2016-07-25_21:37:30.00,946.0,-85.03,-85.78,2
2016-07-25_21:37:30.00,948.0,-80.52,-87.46,1
2016-07-25_21:37:30.00,950.0,-81.4,-85.12,1
2016-07-25_21:37:30.00,952.0,-78.75,-87.86,1
2016-07-25_21:37:30.00,954.0,-78.96,-89.5,1
2016-07-25_21:37:30.00,956.0,-82.32,-87.52,1
2016-07-25_21:37:30.00,958.0,-84.2,-90.84,1
2016-07-25_21:37:30.00,960.0,-79.02,-85.66,1
2016-07-25_21:37:30.00,962.0,-80.22,-85.73,1
2016-07-25_21:37:30.00,964.0,-79.0,-81.58,2
2016-07-25_21:37:30.00,966.0,-80.08,-83.18,1
2016-07-25_21:37:30.00,968.0,-80.36,-85.48,1
2016-07-25_21:37:30.00,970.0,-80.5,-86.8,1
2016-07-25_21:37:30.00,972.0,-83.17,-82.3,2
2016-07-25_21:37:30.00,974.0,-80.4,-83.6,1
2016-07-25_21:37:30.00,976.0,-83.77,-83.91,2
2016-07-25_21:37:30.00,978.0,-86.37,-86.64,2
2016-07-25_21:37:30.00,980.0,-86.46,-82.94,3
2016-07-25_21:37:30.00,982.0,-79.51,-89.52,1
2016-07-25_21:37:30.00,984.0,-80.34,-82.59,2
2016-07-25_21:37:30.00,986.0,-82.93,-87.66,1
2016-07-25_21:37:30.00,988.0,-79.51,-86.85,1
2016-07-25_21:37:30.00,990.0,-77.47,-86.45,1
2016-07-25_21:37:30.00,992.0,-86.39,-86.34,2
2016-07-25_21:37:30.00,994.0,-82.3,-86.5,1
2016-07-25_21:37:30.00,996.0,-82.44,-82.9,2
2016-07-25_21:37:30.00,998.0,-80.52,-84.27,1
2016-07-25_21:37:30.00,1000.0,-81.78,-82.97,2
2016-07-25_21:37:30.00,1002.0,-80.93,-84.97,1
2016-07-25_21:37:30.00,1004.0,-82.31,-86.61,1
2016-07-25_21:37:30.00,1006.0,-84.74,-87.0,2
2016-07-25_21:37:30.00,1008.0,-83.43,-85.88,2
2016-07-25_21:37:30.00,1010.0,-81.79,-83.27,2
2016-07-25_21:37:30.00,1012.0,-81.19,-80.98,2
2016-07-25_21:37:30.00,1014.0,-80.81,-85.92,1
2016-07-25_21:37:30.00,1016.0,-83.3,-87.3,1
2016-07-25_21:37:30.00,1018.0,-81.92,-84.0,2
2016-07-25_21:37:30.00,1020.0,-82.32,-81.77,2
2016-07-25_21:37:30.00,1022.0,-81.08,-85.31,1
2016-07-25_21:37:30.00,1024.0,-80.22,-86.88,1
2016-07-25_21:37:30.00,1026.0,-79.39,-82.67,1
2016-07-25_21:37:30.00,1028.0,-81.51,-87.15,1
2016-07-25_21:37:30.00,1030.0,-81.32,-87.58,1
2016-07-25_21:37:30.00,1032.0,-84.72,-84.21,2
2016-07-25_21:37:30.00,1034.0,-81.83,-85.14,1
2016-07-25_21:37:30.00,1036.0,-79.68,-88.57,1
2016-07-25_21:37:30.00,1038.0,-84.85,-82.4,2
2016-07-25_21:37:30.00,1040.0,-83.35,-86.69,1
2016-07-25_21:37:30.00,1042.0,-79.13,-83.07,1
2016-07-25_21:37:30.00,1044.0,-84.99,-85.15,2
2016-07-25_21:37:30.00,1046.0,-79.58,-86.66,1
2016-07-25_21:37:30.00,1048.0,-85.13,-84.73,2
2016-07-25_21:37:30.00,1050.0,-79.93,-85.73,1
2016-07-25_21:37:30.00,1052.0,-79.14,-82.25,1
2016-07-25_21:37:30.00,1054.0,-80.96,-87.04,1
2016-07-25_21:37:30.00,1056.0,-82.98,-86.3,1
2016-07-25_21:37:40.00,946.0,-77.9,-86.4,1
2016-07-25_21:37:40.00,948.0,-82.92,-86.32,1
2016-07-25_21:37:40.00,950.0,-78.9,-83.67,1
2016-07-25_21:37:40.00,952.0,-78.6,-83.85,1
2016-07-25_21:37:40.00,954.0,-82.34,-82.14,2
2016-07-25_21:37:40.00,956.0,-80.21,-90.14,1
2016-07-25_21:37:40.00,958.0,-84.67,-87.9,1
2016-07-25_21:37:40.00,960.0,-84.17,-83.13,2
2016-07-25_21:37:40.00,962.0,-82.91,-85.5,2
2016-07-25_21:37:40.00,964.0,-78.25,-82.08,1
2016-07-25_21:37:40.00,966.0,-80.06,-85.28,1
2016-07-25_21:37:40.00,968.0,-81.68,-89.02,1
2016-07-25_21:37:40.00,970.0,-79.22,-85.43,1
2016-07-25_21:37:40.00,972.0,-69.68,-82.02,1
2016-07-25_21:37:40.00,974.0,-76.85,-83.18,1
2016-07-25_21:37:40.00,976.0,-81.78,-83.16,2
2016-07-25_21:37:40.00,978.0,-75.71,-82.15,1
2016-07-25_21:37:40.00,980.0,-81.53,-82.84,2
2016-07-25_21:37:40.00,982.0,-85.5,-84.51,2
2016-07-25_21:37:40.00,984.0,-82.17,-81.95,2
2016-07-25_21:37:40.00,986.0,-80.81,-83.74,2
2016-07-25_21:37:40.00,988.0,-81.74,-78.76,2
2016-07-25_21:37:40.00,990.0,-81.26,-85.8,1
2016-07-25_21:37:40.00,992.0,-83.39,-85.33,2
2016-07-25_21:37:40.00,994.0,-80.24,-86.28,1
2016-07-25_21:37:40.00,996.0,-77.97,-83.56,1
2016-07-25_21:37:40.00,998.0,-79.41,-83.8,1
2016-07-25_21:37:40.00,1000.0,-81.42,-84.92,1
2016-07-25_21:37:40.00,1002.0,-81.97,-88.25,1
2016-07-25_21:37:40.00,1004.0,-81.76,-85.21,1
2016-07-25_21:37:40.00,1006.0,-76.39,-91.29,1
2016-07-25_21:37:40.00,1008.0,-78.31,-90.02,1
2016-07-25_21:37:40.00,1010.0,-82.88,-88.82,1
2016-07-25_21:37:40.00,1012.0,-78.81,-83.7,1
2016-07-25_21:37:40.00,1014.0,-79.37,-85.0,1
2016-07-25_21:37:40.00,1016.0,-84.02,-84.88,2
2016-07-25_21:37:40.00,1018.0,-81.59,-83.36,2
2016-07-25_21:37:40.00,1020.0,-83.56,-85.75,2
2016-07-25_21:37:40.00,1022.0,-80.27,-81.86,2
2016-07-25_21:37:40.00,1024.0,-83.95,-88.85,1
2016-07-25_21:37:40.00,1026.0,-78.51,-84.69,1
2016-07-25_21:37:40.00,1028.0,-76.39,-84.6,1
2016-07-25_21:37:40.00,1030.0,-82.85,-85.3,2
2016-07-25_21:37:40.00,1032.0,-83.71,-82.01,2
2016-07-25_21:37:40.00,1034.0,-80.88,-88.12,1
2016-07-25_21:37:40.00,1036.0,-80.31,-82.65,2
2016-07-25_21:37:40.00,1038.0,-79.72,-87.22,1
2016-07-25_21:37:40.00,1040.0,-83.91,-87.82,1
2016-07-25_21:37:40.00,1042.0,-79.75,-82.53,2
2016-07-25_21:37:40.00,1044.0,-83.97,-83.68,2
2016-07-25_21:37:40.00,1046.0,-82.89,-89.98,1
2016-07-25_21:37:40.00,1048.0,-83.76,-88.26,1
2016-07-25_21:37:40.00,1050.0,-84.42,-87.84,1
2016-07-25_21:37:40.00,1052.0,-81.24,-84.74,1
2016-07-25_21:37:40.00,1054.0,-82.15,-84.07,2
2016-07-25_21:37:40.00,1056.0,-82.11,-82.58,2
2016-07-25_21:37:50.00,980.0,-80.66,-85.52,1
2016-07-25_21:37:50.00,982.0,-82.35,-87.06,1
2016-07-25_21:37:50.00,984.0,-82.3,-83.15,2
2016-07-25_21:37:50.00,986.0,-84.24,-82.19,2
2016-07-25_21:37:50.00,988.0,-80.44,-86.1,1
2016-07-25_21:37:50.00,990.0,-85.89,-84.72,2
2016-07-25_21:37:50.00,992.0,-79.29,-87.37,1
2016-07-25_21:37:50.00,994.0,-79.43,-85.48,1
2016-07-25_21:37:50.00,996.0,-81.58,-86.07,1
2016-07-25_21:37:50.00,998.0,-80.7,-87.28,1
2016-07-25_21:37:50.00,1000.0,-87.39,-84.08,3
2016-07-25_21:37:50.00,1002.0,-82.65,-86.1,1
2016-07-25_21:37:50.00,1004.0,-82.1,-89.48,1
2016-07-25_21:37:50.00,1006.0,-79.75,-85.38,1
2016-07-25_21:37:50.00,1008.0,-85.83,-83.3,2
2016-07-25_21:37:50.00,1010.0,-82.61,-87.43,1
2016-07-25_21:37:50.00,1012.0,-84.29,-88.39,1
2016-07-25_21:37:50.00,1014.0,-80.81,-84.42,1
2016-07-25_21:37:50.00,1016.0,-83.96,-83.02,2
2016-07-25_21:37:50.00,1018.0,-82.56,-86.83,1
2016-07-25_21:37:50.00,1020.0,-78.46,-88.18,1
2016-07-25_21:37:50.00,1022.0,-80.58,-84.41,1
2016-07-25_21:37:50.00,1024.0,-81.29,-83.96,2
2016-07-25_21:37:50.00,1026.0,-81.76,-84.63,2
2016-07-25_21:37:50.00,1028.0,-84.06,-83.22,2
2016-07-25_21:37:50.00,1030.0,-77.48,-83.53,1
2016-07-25_21:37:50.00,1032.0,-82.83,-85.28,2
2016-07-25_21:37:50.00,1034.0,-81.7,-89.24,1
2016-07-25_21:37:50.00,1036.0,-82.15,-87.74,1
2016-07-25_21:37:50.00,1038.0,-87.39,-85.56,2
2016-07-25_21:37:50.00,1040.0,-80.43,-86.37,1
2016-07-25_21:37:50.00,1042.0,-81.99,-85.79,1
2016-07-25_21:37:50.00,1044.0,-83.2,-86.57,1
2016-07-25_21:37:50.00,1046.0,-85.97,-86.69,2
2016-07-25_21:37:50.00,1048.0,-80.09,-86.52,1
2016-07-25_21:37:50.00,1050.0,-84.33,-90.2,1
2016-07-25_21:37:50.00,1052.0,-86.49,-89.45,2
2016-07-25_21:37:50.00,1054.0,-82.98,-88.71,1
2016-07-25_21:37:50.00,1056.0,-84.24,-84.97,2
2016-07-25_21:37:50.00,1058.0,-79.06,-80.47,2
2016-07-25_21:37:50.00,1060.0,-81.63,-87.23,1
2016-07-25_21:37:50.00,1062.0,-83.16,-84.03,2
2016-07-25_21:37:50.00,1064.0,-84.11,-81.75,2
2016-07-25_21:37:50.00,1066.0,-80.88,-87.98,1
2016-07-25_21:37:50.00,1068.0,-86.35,-84.81,2
2016-07-25_21:37:50.00,1070.0,-87.31,-83.71,3
2016-07-25_21:37:50.00,1072.0,-82.65,-83.97,2
2016-07-25_21:37:50.00,1074.0,-82.73,-81.21,2
2016-07-25_21:37:50.00,1076.0,-85.71,-84.41,2
2016-07-25_21:38:00.00,986.0,-80.56,-87.8,1
2016-07-25_21:38:00.00,988.0,-78.25,-84.61,1
2016-07-25_21:38:00.00,990.0,-77.35,-83.74,1
2016-07-25_21:38:00.00,992.0,-80.62,-83.62,1
2016-07-25_21:38:00.00,994.0,-81.01,-84.75,1
2016-07-25_21:38:00.00,996.0,-82.49,-82.17,2
2016-07-25_21:38:00.00,998.0,-81.51,-86.66,1
2016-07-25_21:38:00.00,1000.0,-82.64,-84.42,2
2016-07-25_21:38:00.00,1002.0,-82.76,-84.6,2
2016-07-25_21:38:00.00,1004.0,-80.35,-83.25,2
2016-07-25_21:38:00.00,1006.0,-82.63,-82.77,2
2016-07-25_21:38:00.00,1008.0,-81.71,-86.36,1
2016-07-25_21:38:00.00,1010.0,-80.89,-84.55,1
2016-07-25_21:38:00.00,1012.0,-81.96,-84.33,2
2016-07-25_21:38:00.00,1014.0,-81.16,-84.32,1
2016-07-25_21:38:00.00,1016.0,-79.19,-83.48,1
2016-07-25_21:38:00.00,1018.0,-80.81,-84.48,1
2016-07-25_21:38:00.00,1020.0,-82.0,-84.57,2
2016-07-25_21:38:00.00,1022.0,-79.14,-86.48,1
2016-07-25_21:38:00.00,1024.0,-81.95,-81.72,2
2016-07-25_21:38:00.00,1026.0,-81.42,-86.44,1
2016-07-25_21:38:00.00,1028.0,-81.48,-85.53,1
2016-07-25_21:38:00.00,1030.0,-81.68,-83.96,2
2016-07-25_21:38:00.00,1032.0,-82.75,-84.7,2
2016-07-25_21:38:00.00,1034.0,-79.78,-86.35,1
2016-07-25_21:38:00.00,1036.0,-79.05,-82.39,1
2016-07-25_21:38:00.00,1038.0,-82.05,-84.88,2
2016-07-25_21:38:00.00,1040.0,-81.59,-84.67,1
2016-07-25_21:38:00.00,1042.0,-81.59,-86.02,1
2016-07-25_21:38:00.00,1044.0,-80.74,-82.94,2
2016-07-25_21:38:00.00,1046.0,-81.25,-86.21,1
2016-07-25_21:38:00.00,1048.0,-81.17,-83.36,2
2016-07-25_21:38:00.00,1050.0,-81.06,-83.88,2
2016-07-25_21:38:00.00,1052.0,-80.57,-85.43,1
2016-07-25_21:38:00.00,1054.0,-81.15,-86.92,1
2016-07-25_21:38:00.00,1056.0,-84.0,-83.22,2
2016-07-25_21:38:00.00,1058.0,-81.12,-81.61,2
2016-07-25_21:38:00.00,1060.0,-79.7,-83.02,1
2016-07-25_21:38:00.00,1062.0,-81.55,-85.88,1
2016-07-25_21:38:00.00,1064.0,-81.62,-84.91,1
2016-07-25_21:38:00.00,1066.0,-83.33,-85.28,2
2016-07-25_21:38:00.00,1068.0,-81.69,-85.07,1
2016-07-25_21:38:00.00,1070.0,-83.14,-84.04,2
2016-07-25_21:38:00.00,1072.0,-83.41,-82.25,2
2016-07-25_21:38:00.00,1074.0,-82.07,-83.35,2
2016-07-25_21:38:00.00,1076.0,-82.41,-82.37,2
2016-07-25_21:38:00.00,1078.0,-82.5,-85.8,1
2016-07-25_21:38:00.00,1080.0,-82.72,-88.04,1
2016-07-25_21:38:10.00,966.0,-78.07,-84.23,1
2016-07-25_21:38:10.00,968.0,-78.29,-88.47,1
2016-07-25_21:38:10.00,970.0,-80.46,-83.83,1
2016-07-25_21:38:10.00,972.0,-83.87,-82.93,2
2016-07-25_21:38:10.00,974.0,-80.1,-86.62,1
2016-07-25_21:38:10.00,976.0,-83.31,-82.47,2
2016-07-25_21:38:10.00,978.0,-82.66,-85.14,2
2016-07-25_21:38:10.00,980.0,-83.4,-84.62,2
2016-07-25_21:38:10.00,982.0,-83.04,-86.65,1
2016-07-25_21:38:10.00,984.0,-81.75,-88.6,1
2016-07-25_21:38:10.00,986.0,-81.77,-89.25,1
2016-07-25_21:38:10.00,988.0,-78.91,-89.13,1
2016-07-25_21:38:10.00,990.0,-79.13,-86.38,1
2016-07-25_21:38:10.00,992.0,-78.6,-88.61,1
2016-07-25_21:38:10.00,994.0,-81.1,-86.5,1
2016-07-25_21:38:10.00,996.0,-80.81,-82.64,2
2016-07-25_21:38:10.00,998.0,-83.08,-84.83,2
2016-07-25_21:38:10.00,1000.0,-84.96,-86.92,2
2016-07-25_21:38:10.00,1002.0,-80.83,-84.88,1
2016-07-25_21:38:10.00,1004.0,-81.5,-85.97,1
2016-07-25_21:38:10.00,1006.0,-76.14,-85.6,1
2016-07-25_21:38:10.00,1008.0,-83.02,-84.56,2
2016-07-25_21:38:10.00,1010.0,-79.66,-83.24,1
2016-07-25_21:38:10.00,1012.0,-80.46,-83.12,2
2016-07-25_21:38:10.00,1014.0,-81.69,-82.89,2
2016-07-25_21:38:10.00,1016.0,-78.89,-88.06,1
2016-07-25_21:38:10.00,1018.0,-84.22,-86.04,2
2016-07-25_21:38:10.00,1020.0,-80.82,-87.31,1
2016-07-25_21:38:10.00,1022.0,-82.62,-85.89,1
2016-07-25_21:38:10.00,1024.0,-83.43,-85.2,2
2016-07-25_21:38:10.00,1026.0,-82.93,-87.4,1
2016-07-25_21:38:10.00,1028.0,-78.32,-87.57,1
2016-07-25_21:38:10.00,1030.0,-81.15,-88.75,1
2016-07-25_21:38:10.00,1032.0,-80.95,-82.64,2
2016-07-25_21:38:10.00,1034.0,-82.47,-88.85,1
2016-07-25_21:38:10.00,1036.0,-86.06,-84.55,2
2016-07-25_21:38:10.00,1038.0,-81.46,-84.66,1
2016-07-25_21:38:10.00,1040.0,-82.4,-86.8,1
2016-07-25_21:38:10.00,1042.0,-84.75,-82.98,2
2016-07-25_21:38:10.00,1044.0,-84.56,-84.08,2
2016-07-25_21:38:10.00,1046.0,-85.58,-83.28,2
2016-07-25_21:38:10.00,1048.0,-85.08,-89.13,1
2016-07-25_21:38:10.00,1050.0,-82.31,-86.83,1
2016-07-25_21:38:10.00,1052.0,-84.53,-83.78,2
2016-07-25_21:38:10.00,1054.0,-85.81,-87.45,2
2016-07-25_21:38:10.00,1056.0,-80.19,-85.11,1
2016-07-25_21:38:20.00,946.0,-82.14,-86.53,1
2016-07-25_21:38:20.00,948.0,-86.36,-85.43,2
2016-07-25_21:38:20.00,950.0,-80.22,-85.9,1
2016-07-25_21:38:20.00,952.0,-80.0,-82.45,2
2016-07-25_21:38:20.00,954.0,-82.23,-89.12,1
2016-07-25_21:38:20.00,956.0,-79.74,-81.5,2
2016-07-25_21:38:20.00,958.0,-77.05,-84.5,1
2016-07-25_21:38:20.00,960.0,-81.22,-85.75,1
2016-07-25_21:38:20.00,962.0,-79.92,-85.46,1
2016-07-25_21:38:20.00,964.0,-81.96,-86.18,1
2016-07-25_21:38:20.00,966.0,-79.49,-83.84,1
2016-07-25_21:38:20.00,968.0,-75.96,-88.42,1
2016-07-25_21:38:20.00,970.0,-78.68,-87.19,1
2016-07-25_21:38:20.00,972.0,-81.57,-89.04,1
2016-07-25_21:38:20.00,974.0,-82.31,-87.12,1
2016-07-25_21:38:20.00,976.0,-79.38,-85.22,1
2016-07-25_21:38:20.00,978.0,-78.67,-89.62,1
2016-07-25_21:38:20.00,980.0,-87.22,-86.52,2
2016-07-25_21:38:20.00,982.0,-81.18,-83.9,2
2016-07-25_21:38:20.00,984.0,-82.45,-86.22,1
2016-07-25_21:38:20.00,986.0,-81.55,-88.51,1
2016-07-25_21:38:20.00,988.0,-85.15,-85.92,2
2016-07-25_21:38:20.00,990.0,-84.64,-86.84,2
2016-07-25_21:38:20.00,992.0,-80.11,-87.24,1
2016-07-25_21:38:20.00,994.0,-79.52,-87.9,1
2016-07-25_21:38:20.00,996.0,-82.16,-86.7,1
2016-07-25_21:38:20.00,998.0,-77.54,-87.92,1
2016-07-25_21:38:20.00,1000.0,-83.36,-84.97,2
2016-07-25_21:38:20.00,1002.0,-77.71,-84.96,1
2016-07-25_21:38:20.00,1004.0,-82.33,-84.94,2
2016-07-25_21:38:20.00,1006.0,-80.21,-80.71,2
2016-07-25_21:38:20.00,1008.0,-82.06,-83.21,2
2016-07-25_21:38:20.00,1010.0,-81.56,-83.09,2
2016-07-25_21:38:20.00,1012.0,-83.32,-89.74,1
2016-07-25_21:38:20.00,1014.0,-84.47,-88.0,1
2016-07-25_21:38:20.00,1016.0,-78.27,-88.35,1
2016-07-25_21:38:20.00,1018.0,-76.44,-86.31,1
2016-07-25_21:38:20.00,1020.0,-82.52,-84.81,2
2016-07-25_21:38:20.00,1022.0,-82.18,-84.48,2
2016-07-25_21:38:20.00,1024.0,-80.82,-89.76,1
2016-07-25_21:38:20.00,1026.0,-80.74,-82.99,2
2016-07-25_21:38:20.00,1028.0,-79.51,-82.84,1
2016-07-25_21:38:20.00,1030.0,-83.33,-83.73,2
2016-07-25_21:38:20.00,1032.0,-84.19,-84.92,2
2016-07-25_21:38:30.00,918.0,-79.43,-93.85,1
2016-07-25_21:38:30.00,920.0,-80.92,-88.54,1
2016-07-25_21:38:30.00,922.0,-79.3,-82.23,2
2016-07-25_21:38:30.00,924.0,-75.75,-83.75,1
2016-07-25_21:38:30.00,926.0,-75.38,-85.21,1
2016-07-25_21:38:30.00,928.0,-74.82,-81.42,1
2016-07-25_21:38:30.00,930.0,-80.46,-83.45,2
2016-07-25_21:38:30.00,932.0,-77.5,-83.53,1
2016-07-25_21:38:30.00,934.0,-78.41,-82.9,1
2016-07-25_21:38:30.00,936.0,-74.9,-81.73,1
2016-07-25_21:38:30.00,938.0,-80.47,-88.69,1
2016-07-25_21:38:30.00,940.0,-77.93,-86.85,1
2016-07-25_21:38:30.00,942.0,-79.85,-86.21,1
2016-07-25_21:38:30.00,944.0,-79.68,-83.76,1
2016-07-25_21:38:30.00,946.0,-78.88,-83.67,1
2016-07-25_21:38:30.00,948.0,-82.34,-87.1,1
2016-07-25_21:38:30.00,950.0,-86.41,-86.71,2
2016-07-25_21:38:30.00,952.0,-77.45,-85.09,1
2016-07-25_21:38:30.00,954.0,-79.5,-81.41,2
2016-07-25_21:38:30.00,956.0,-78.69,-84.46,1
2016-07-25_21:38:30.00,958.0,-81.65,-85.72,1
2016-07-25_21:38:30.00,960.0,-78.7,-84.45,1
2016-07-25_21:38:30.00,962.0,-79.08,-83.91,1
2016-07-25_21:38:30.00,964.0,-78.77,-86.79,1
2016-07-25_21:38:30.00,966.0,-78.95,-86.67,1
2016-07-25_21:38:30.00,968.0,-78.01,-83.64,1
2016-07-25_21:38:30.00,970.0,-77.12,-87.37,1
2016-07-25_21:38:30.00,972.0,-77.92,-88.46,1
2016-07-25_21:38:30.00,974.0,-82.38,-83.85,2
2016-07-25_21:38:30.00,976.0,-78.97,-82.45,1
2016-07-25_21:38:30.00,978.0,-76.67,-82.55,1
2016-07-25_21:38:30.00,980.0,-78.64,-89.24,1
2016-07-25_21:38:30.00,982.0,-79.71,-84.33,1
2016-07-25_21:38:30.00,984.0,-77.48,-86.63,1
2016-07-25_21:38:30.00,986.0,-80.51,-86.28,1
2016-07-25_21:38:30.00,988.0,-81.77,-85.99,1
2016-07-25_21:38:30.00,990.0,-80.88,-84.99,1
2016-07-25_21:38:30.00,992.0,-81.0,-82.04,2
2016-07-25_21:38:30.00,994.0,-82.83,-82.51,2
2016-07-25_21:38:30.00,996.0,-80.23,-84.45,1
2016-07-25_21:38:30.00,998.0,-83.65,-82.94,2
2016-07-25_21:38:30.00,1000.0,-81.23,-87.57,1
2016-07-25_21:38:30.00,1002.0,-76.93,-84.55,1
2016-07-25_21:38:30.00,1004.0,-76.95,-85.26,1
2016-07-25_21:38:30.00,1006.0,-77.44,-83.65,1
2016-07-25_21:38:40.00,892.0,-77.4,-84.07,1
2016-07-25_21:38:40.00,894.0,-79.4,-86.39,1
2016-07-25_21:38:40.00,896.0,-78.98,-83.21,1
2016-07-25_21:38:40.00,898.0,-79.77,-85.03,1
2016-07-25_21:38:40.00,900.0,-79.64,-84.93,1
2016-07-25_21:38:40.00,902.0,-80.91,-87.74,1
2016-07-25_21:38:40.00,904.0,-78.49,-83.94,1
2016-07-25_21:38:40.00,906.0,-76.68,-85.85,1
2016-07-25_21:38:40.00,908.0,-80.62,-87.19,1
2016-07-25_21:38:40.00,910.0,-76.27,-81.98,1
2016-07-25_21:38:40.00,912.0,-78.14,-85.97,1
2016-07-25_21:38:40.00,914.0,-80.18,-84.59,1
2016-07-25_21:38:40.00,916.0,-77.64,-83.68,1
2016-07-25_21:38:40.00,918.0,-80.59,-83.99,1
2016-07-25_21:38:40.00,920.0,-80.47,-85.65,1
2016-07-25_21:38:40.00,922.0,-76.63,-83.79,1
2016-07-25_21:38:40.00,924.0,-75.33,-82.27,1
2016-07-25_21:38:40.00,926.0,-75.32,-80.69,1
2016-07-25_21:38:40.00,928.0,-77.98,-87.35,1
2016-07-25_21:38:40.00,930.0,-79.23,-86.18,1
2016-07-25_21:38:40.00,932.0,-77.99,-83.51,1
2016-07-25_21:38:40.00,934.0,-80.25,-83.41,1
2016-07-25_21:38:40.00,936.0,-78.99,-83.39,1
2016-07-25_21:38:40.00,938.0,-79.09,-87.86,1
2016-07-25_21:38:40.00,940.0,-78.47,-81.05,2
2016-07-25_21:38:40.00,942.0,-79.52,-84.14,1
2016-07-25_21:38:40.00,944.0,-78.5,-83.95,1
2016-07-25_21:38:40.00,946.0,-78.0,-81.82,1
2016-07-25_21:38:40.00,948.0,-79.96,-86.27,1
2016-07-25_21:38:40.00,950.0,-80.0,-84.87,1
2016-07-25_21:38:40.00,952.0,-80.04,-84.52,1
2016-07-25_21:38:40.00,954.0,-80.35,-83.36,1
2016-07-25_21:38:40.00,956.0,-77.92,-81.18,1
2016-07-25_21:38:40.00,958.0,-77.05,-85.01,1
2016-07-25_21:38:40.00,960.0,-81.64,-83.08,2
2016-07-25_21:38:40.00,962.0,-78.18,-83.45,1
2016-07-25_21:38:40.00,964.0,-79.94,-81.96,2
2016-07-25_21:38:40.00,966.0,-74.53,-86.96,1
2016-07-25_21:38:40.00,968.0,-80.08,-84.6,1
2016-07-25_21:38:40.00,970.0,-81.56,-84.4,2
2016-07-25_21:38:40.00,972.0,-80.51,-84.74,1
2016-07-25_21:38:40.00,974.0,-78.59,-83.41,1
2016-07-25_21:38:40.00,976.0,-80.44,-86.54,1
2016-07-25_21:38:40.00,978.0,-79.88,-85.43,1
2016-07-25_21:38:40.00,980.0,-80.33,-85.51,1
2016-07-25_21:38:50.00,822.0,-82.85,-85.18,2
2016-07-25_21:38:50.00,824.0,-77.75,-84.09,1
2016-07-25_21:38:50.00,826.0,-78.12,-89.95,1
2016-07-25_21:38:50.00,828.0,-80.55,-84.23,1
2016-07-25_21:38:50.00,830.0,-80.32,-81.62,2
2016-07-25_21:38:50.00,832.0,-79.47,-84.46,1
2016-07-25_21:38:50.00,834.0,-76.65,-80.82,1
2016-07-25_21:38:50.00,836.0,-78.62,-86.68,1
2016-07-25_21:38:50.00,838.0,-77.66,-83.7,1
2016-07-25_21:38:50.00,840.0,-83.04,-82.86,2
2016-07-25_21:38:50.00,842.0,-86.37,-82.85,3
2016-07-25_21:38:50.00,844.0,-82.4,-82.19,2
2016-07-25_21:38:50.00,846.0,-78.66,-85.07,1
2016-07-25_21:38:50.00,848.0,-79.72,-84.48,1
2016-07-25_21:38:50.00,850.0,-77.01,-82.38,1
2016-07-25_21:38:50.00,852.0,-78.38,-88.46,1
2016-07-25_21:38:50.00,854.0,-75.26,-82.18,1
2016-07-25_21:38:50.00,856.0,-81.89,-81.8,2
2016-07-25_21:38:50.00,858.0,-80.15,-82.31,2
2016-07-25_21:38:50.00,860.0,-84.89,-85.36,2
2016-07-25_21:38:50.00,862.0,-73.53,-82.5,1
2016-07-25_21:38:50.00,864.0,-80.47,-89.13,1
2016-07-25_21:38:50.00,866.0,-78.54,-85.83,1
2016-07-25_21:38:50.00,868.0,-78.9,-83.95,1
2016-07-25_21:38:50.00,870.0,-84.8,-87.74,2
2016-07-25_21:38:50.00,872.0,-82.32,-85.23,2
2016-07-25_21:38:50.00,874.0,-83.45,-82.74,2
2016-07-25_21:38:50.00,876.0,-76.37,-85.36,1
2016-07-25_21:38:50.00,878.0,-73.7,-89.08,1
2016-07-25_21:38:50.00,880.0,-80.65,-86.44,1
2016-07-25_21:38:50.00,882.0,-80.58,-83.64,1
2016-07-25_21:38:50.00,884.0,-76.97,-87.76,1
2016-07-25_21:38:50.00,886.0,-76.05,-86.03,1
2016-07-25_21:38:50.00,888.0,-80.29,-86.74,1
2016-07-25_21:38:50.00,890.0,-75.21,-87.21,1
2016-07-25_21:38:50.00,892.0,-83.31,-83.6,2
2016-07-25_21:38:50.00,894.0,-78.36,-83.15,1
2016-07-25_21:38:50.00,896.0,-79.34,-83.16,1
2016-07-25_21:38:50.00,898.0,-78.84,-82.37,1
2016-07-25_21:38:50.00,900.0,-81.25,-82.5,2
2016-07-25_21:38:50.00,902.0,-80.78,-84.88,1
2016-07-25_21:38:50.00,904.0,-79.65,-85.61,1
2016-07-25_21:38:50.00,906.0,-77.45,-82.8,1
2016-07-25_21:38:50.00,908.0,-80.16,-92.29,1
2016-07-25_21:38:50.00,910.0,-80.53,-83.37,2
2016-07-25_21:38:50.00,912.0,-81.44,-86.55,1
2016-07-25_21:38:50.00,914.0,-80.46,-87.08,1
2016-07-25_21:38:50.00,916.0,-75.48,-88.08,1
2016-07-25_21:38:50.00,918.0,-80.76,-89.77,1
2016-07-25_21:38:50.00,920.0,-80.04,-85.02,1
2016-07-25_21:38:50.00,922.0,-81.97,-88.39,1
2016-07-25_21:38:50.00,924.0,-80.27,-82.1,2
2016-07-25_21:39:00.00,786.0,-76.89,-82.65,1
2016-07-25_21:39:00.00,788.0,-84.13,-81.0,3
2016-07-25_21:39:00.00,790.0,-80.72,-84.95,1
2016-07-25_21:39:00.00,792.0,-77.02,-85.97,1
2016-07-25_21:39:00.00,794.0,-83.63,-80.87,2
2016-07-25_21:39:00.00,796.0,-76.22,-83.24,1
2016-07-25_21:39:00.00,798.0,-81.22,-86.74,1
2016-07-25_21:39:00.00,800.0,-81.86,-86.78,1
2016-07-25_21:39:00.00,802.0,-80.99,-82.38,2
2016-07-25_21:39:00.00,804.0,-80.48,-84.63,1
2016-07-25_21:39:00.00,806.0,-79.83,-82.75,2
2016-07-25_21:39:00.00,808.0,-75.05,-85.01,1
2016-07-25_21:39:00.00,810.0,-80.41,-83.97,1
2016-07-25_21:39:00.00,812.0,-79.34,-83.58,1
2016-07-25_21:39:00.00,814.0,-79.71,-77.46,2
2016-07-25_21:39:00.00,816.0,-77.05,-82.15,1
2016-07-25_21:39:00.00,818.0,-76.68,-87.13,1
2016-07-25_21:39:00.00,820.0,-77.64,-82.37,1
2016-07-25_21:39:00.00,822.0,-77.58,-85.71,1
2016-07-25_21:39:00.00,824.0,-80.96,-80.95,2
2016-07-25_21:39:00.00,826.0,-84.84,-86.22,2
2016-07-25_21:39:00.00,828.0,-84.96,-84.05,2
2016-07-25_21:39:00.00,830.0,-76.68,-84.18,1
2016-07-25_21:39:00.00,832.0,-79.2,-85.32,1
2016-07-25_21:39:00.00,834.0,-79.97,-81.01,2
2016-07-25_21:39:00.00,836.0,-74.94,-82.84,1
2016-07-25_21:39:00.00,838.0,-78.77,-85.98,1
2016-07-25_21:39:00.00,840.0,-82.13,-85.29,1
2016-07-25_21:39:00.00,842.0,-76.14,-85.78,1
2016-07-25_21:39:00.00,844.0,-76.48,-89.31,1
2016-07-25_21:39:00.00,846.0,-76.44,-83.69,1
2016-07-25_21:39:00.00,848.0,-80.67,-86.88,1
2016-07-25_21:39:00.00,850.0,-79.62,-87.17,1
2016-07-25_21:39:00.00,852.0,-81.84,-82.77,2
2016-07-25_21:39:00.00,854.0,-82.06,-85.78,1
2016-07-25_21:39:00.00,856.0,-86.45,-81.41,3
2016-07-25_21:39:00.00,858.0,-82.01,-85.3,1
2016-07-25_21:39:00.00,860.0,-74.58,-78.0,1
2016-07-25_21:39:00.00,862.0,-77.97,-86.18,1
2016-07-25_21:39:00.00,864.0,-81.52,-80.75,2
2016-07-25_21:39:00.00,866.0,-79.4,-82.52,1
2016-07-25_21:39:00.00,868.0,-81.85,-84.46,2
2016-07-25_21:39:00.00,870.0,-78.42,-83.75,1
2016-07-25_21:39:00.00,872.0,-75.79,-83.59,1
2016-07-25_21:39:00.00,874.0,-85.74,-83.17,2
2016-07-25_21:39:00.00,876.0,-80.93,-84.15,1
2016-07-25_21:39:00.00,878.0,-78.92,-87.85,1
2016-07-25_21:39:00.00,880.0,-79.2,-89.2,1
2016-07-25_21:39:00.00,882.0,-81.99,-85.98,1
2016-07-25_21:39:00.00,884.0,-73.44,-82.31,1
2016-07-25_21:39:00.00,886.0,-78.79,-83.16,1
2016-07-25_21:39:00.00,888.0,-77.7,-82.69,1
2016-07-25_21:39:00.00,890.0,-78.12,-83.62,1
2016-07-25_21:39:00.00,892.0,-77.35,-81.64,1
2016-07-25_21:39:00.00,894.0,-75.5,-85.65,1
2016-07-25_21:39:10.00,752.0,-74.54,-81.41,1
2016-07-25_21:39:10.00,754.0,-74.8,-86.94,1
2016-07-25_21:39:10.00,756.0,-77.39,-80.36,2
2016-07-25_21:39:10.00,758.0,-73.05,-81.68,1
2016-07-25_21:39:10.00,760.0,-78.09,-84.69,1
2016-07-25_21:39:10.00,762.0,-80.0,-81.16,2
2016-07-25_21:39:10.00,764.0,-75.73,-82.47,1
2016-07-25_21:39:10.00,766.0,-81.94,-83.26,2
2016-07-25_21:39:10.00,768.0,-76.67,-83.01,1
2016-07-25_21:39:10.00,770.0,-76.72,-84.67,1
2016-07-25_21:39:10.00,772.0,-78.5,-83.03,1
2016-07-25_21:39:10.00,774.0,-79.01,-81.14,2
2016-07-25_21:39:10.00,776.0,-79.03,-78.99,2
2016-07-25_21:39:10.00,778.0,-80.92,-85.53,1
2016-07-25_21:39:10.00,780.0,-74.27,-87.14,1
2016-07-25_21:39:10.00,782.0,-77.62,-82.42,1
2016-07-25_21:39:10.00,784.0,-75.61,-83.36,1
2016-07-25_21:39:10.00,786.0,-81.56,-79.98,2
2016-07-25_21:39:10.00,788.0,-79.29,-84.54,1
2016-07-25_21:39:10.00,790.0,-80.69,-83.28,2
2016-07-25_21:39:10.00,792.0,-75.15,-83.42,1
2016-07-25_21:39:10.00,794.0,-77.14,-89.66,1
2016-07-25_21:39:10.00,796.0,-79.64,-82.27,2
2016-07-25_21:39:10.00,798.0,-80.56,-84.34,1
2016-07-25_21:39:10.00,800.0,-79.98,-83.13,1
2016-07-25_21:39:10.00,802.0,-78.12,-81.3,1
2016-07-25_21:39:10.00,804.0,-80.46,-82.46,2
2016-07-25_21:39:10.00,806.0,-78.75,-83.52,1
2016-07-25_21:39:10.00,808.0,-78.04,-86.3,1
2016-07-25_21:39:10.00,810.0,-77.1,-87.47,1
2016-07-25_21:39:10.00,812.0,-79.49,-80.23,2
2016-07-25_21:39:10.00,814.0,-79.23,-85.97,1
2016-07-25_21:39:10.00,816.0,-80.5,-83.1,2
2016-07-25_21:39:10.00,818.0,-81.41,-83.45,2
2016-07-25_21:39:10.00,820.0,-81.11,-84.66,1
2016-07-25_21:39:10.00,822.0,-80.22,-86.13,1
2016-07-25_21:39:10.00,824.0,-77.68,-81.25,1
2016-07-25_21:39:10.00,826.0,-79.86,-81.73,2
2016-07-25_21:39:10.00,828.0,-78.97,-84.38,1
2016-07-25_21:39:10.00,830.0,-73.26,-82.38,1
2016-07-25_21:39:10.00,832.0,-76.98,-82.3,1
2016-07-25_21:39:10.00,834.0,-80.82,-85.11,1
2016-07-25_21:39:10.00,836.0,-76.4,-81.42,1
2016-07-25_21:39:10.00,838.0,-79.34,-81.31,2
2016-07-25_21:39:10.00,840.0,-79.06,-83.69,1
2016-07-25_21:39:10.00,842.0,-75.43,-83.85,1
2016-07-25_21:39:10.00,844.0,-78.96,-81.95,2
2016-07-25_21:39:10.00,846.0,-78.84,-82.66,1
2016-07-25_21:39:10.00,848.0,-77.14,-86.7,1
2016-07-25_21:39:10.00,850.0,-76.87,-82.22,1
2016-07-25_21:39:10.00,852.0,-78.5,-81.08,2
2016-07-25_21:39:10.00,854.0,-78.95,-83.92,1
2016-07-25_21:39:10.00,856.0,-77.25,-85.79,1
2016-07-25_21:39:20.00,748.0,-75.69,-78.49,2
2016-07-25_21:39:20.00,750.0,-77.83,-81.63,1
2016-07-25_21:39:20.00,752.0,-79.92,-82.93,1
2016-07-25_21:39:20.00,754.0,-79.44,-82.21,2
2016-07-25_21:39:20.00,756.0,-77.08,-80.49,1
2016-07-25_21:39:20.00,758.0,-79.43,-80.44,2
2016-07-25_21:39:20.00,760.0,-79.25,-81.4,2
2016-07-25_21:39:20.00,762.0,-80.39,-82.35,2
2016-07-25_21:39:20.00,764.0,-81.04,-81.36,2
2016-07-25_21:39:20.00,766.0,-77.51,-81.25,1
2016-07-25_21:39:20.00,768.0,-75.71,-85.54,1
2016-07-25_21:39:20.00,770.0,-77.28,-82.66,1
2016-07-25_21:39:20.00,772.0,-75.48,-81.27,1
2016-07-25_21:39:20.00,774.0,-76.95,-82.29,1
2016-07-25_21:39:20.00,776.0,-80.95,-81.98,2
2016-07-25_21:39:20.00,778.0,-79.17,-83.14,1
2016-07-25_21:39:20.00,780.0,-79.95,-81.8,2
2016-07-25_21:39:20.00,782.0,-81.73,-81.04,2
2016-07-25_21:39:20.00,784.0,-78.36,-78.14,2
2016-07-25_21:39:20.00,786.0,-79.06,-78.92,2
2016-07-25_21:39:20.00,788.0,-79.26,-81.83,2
2016-07-25_21:39:20.00,790.0,-78.71,-80.26,2
2016-07-25_21:39:20.00,792.0,-81.05,-82.42,2
2016-07-25_21:39:20.00,794.0,-79.14,-81.69,2
2016-07-25_21:39:20.00,796.0,-78.59,-80.29,2
2016-07-25_21:39:20.00,798.0,-74.94,-83.76,1
2016-07-25_21:39:20.00,800.0,-77.87,-83.09,1
2016-07-25_21:39:20.00,802.0,-79.48,-82.7,1
2016-07-25_21:39:20.00,804.0,-75.77,-82.48,1
2016-07-25_21:39:20.00,806.0,-79.54,-82.36,2
2016-07-25_21:39:20.00,808.0,-80.29,-81.25,2
2016-07-25_21:39:20.00,810.0,-78.36,-82.1,1
2016-07-25_21:39:20.00,812.0,-77.63,-83.66,1
2016-07-25_21:39:20.00,814.0,-77.44,-82.77,1
2016-07-25_21:39:20.00,816.0,-77.83,-79.06,2
2016-07-25_21:39:20.00,818.0,-74.95,-82.19,1
2016-07-25_21:39:20.00,820.0,-79.04,-82.28,1
2016-07-25_21:39:20.00,822.0,-79.09,-82.26,1
2016-07-25_21:39:20.00,824.0,-78.78,-82.45,1
2016-07-25_21:39:20.00,826.0,-79.79,-84.05,1
2016-07-25_21:39:20.00,828.0,-80.81,-83.25,2
2016-07-25_21:39:20.00,830.0,-78.32,-84.54,1
2016-07-25_21:39:20.00,832.0,-78.12,-84.93,1
2016-07-25_21:39:20.00,834.0,-82.42,-85.05,2
2016-07-25_21:39:20.00,836.0,-82.25,-84.0,2
2016-07-25_21:39:20.00,838.0,-76.36,-82.63,1
2016-07-25_21:39:20.00,840.0,-77.76,-83.06,1
2016-07-25_21:39:20.00,842.0,-77.22,-78.91,2
2016-07-25_21:39:20.00,844.0,-75.09,-82.58,1
2016-07-25_21:39:20.00,846.0,-78.75,-81.76,1
2016-07-25_21:39:20.00,848.0,-77.53,-82.75,1
2016-07-25_21:39:20.00,850.0,-77.09,-82.17,1
2016-07-25_21:39:20.00,852.0,-77.77,-81.27,1
2016-07-25_21:39:30.00,666.0,-78.58,-83.74,1
2016-07-25_21:39:30.00,668.0,-80.32,-77.56,2
2016-07-25_21:39:30.00,670.0,-81.12,-79.02,2
2016-07-25_21:39:30.00,672.0,-77.69,-82.36,1
2016-07-25_21:39:30.00,674.0,-75.67,-82.39,1
2016-07-25_21:39:30.00,676.0,-77.51,-81.29,1
2016-07-25_21:39:30.00,678.0,-75.4,-86.9,1
2016-07-25_21:39:30.00,680.0,-72.56,-83.43,1
2016-07-25_21:39:30.00,682.0,-76.01,-81.41,1
2016-07-25_21:39:30.00,684.0,-77.24,-85.39,1
2016-07-25_21:39:30.00,686.0,-79.22,-80.96,2
2016-07-25_21:39:30.00,688.0,-76.22,-83.19,1
2016-07-25_21:39:30.00,690.0,-78.67,-86.79,1
2016-07-25_21:39:30.00,692.0,-78.39,-85.66,1
2016-07-25_21:39:30.00,694.0,-76.98,-83.39,1
2016-07-25_21:39:30.00,696.0,-73.1,-79.76,1
2016-07-25_21:39:30.00,698.0,-76.79,-79.91,1
2016-07-25_21:39:30.00,700.0,-78.63,-81.38,2
2016-07-25_21:39:30.00,702.0,-77.6,-81.81,1
2016-07-25_21:39:30.00,704.0,-79.62,-86.91,1
2016-07-25_21:39:30.00,706.0,-77.04,-83.34,1
2016-07-25_21:39:30.00,708.0,-79.85,-76.08,3
2016-07-25_21:39:30.00,710.0,-81.05,-81.66,2
2016-07-25_21:39:30.00,712.0,-79.18,-83.49,1
2016-07-25_21:39:30.00,714.0,-81.57,-80.19,2
2016-07-25_21:39:30.00,716.0,-74.48,-77.09,2
2016-07-25_21:39:30.00,718.0,-76.81,-85.43,1
2016-07-25_21:39:30.00,720.0,-77.61,-80.55,2
2016-07-25_21:39:30.00,722.0,-75.97,-79.41,1
2016-07-25_21:39:30.00,724.0,-76.7,-78.15,2
2016-07-25_21:39:30.00,726.0,-81.2,-79.52,2
2016-07-25_21:39:30.00,728.0,-84.85,-81.78,3
2016-07-25_21:39:30.00,730.0,-79.62,-80.56,2
2016-07-25_21:39:30.00,732.0,-77.44,-74.94,2
2016-07-25_21:39:30.00,734.0,-79.83,-81.47,2
2016-07-25_21:39:30.00,736.0,-81.61,-80.41,2
2016-07-25_21:39:30.00,738.0,-80.47,-81.65,2
2016-07-25_21:39:30.00,740.0,-74.1,-81.3,1
2016-07-25_21:39:30.00,742.0,-81.81,-77.75,3
2016-07-25_21:39:30.00,744.0,-76.26,-82.3,1
2016-07-25_21:39:30.00,746.0,-74.86,-83.39,1
2016-07-25_21:39:30.00,748.0,-75.24,-81.09,1
2016-07-25_21:39:30.00,750.0,-77.8,-77.72,2
2016-07-25_21:39:30.00,752.0,-72.15,-83.56,1
2016-07-25_21:39:30.00,754.0,-77.96,-80.3,2
2016-07-25_21:39:30.00,756.0,-81.01,-81.26,2
2016-07-25_21:39:30.00,758.0,-75.57,-81.74,1
2016-07-25_21:39:30.00,760.0,-81.78,-79.74,2
2016-07-25_21:39:30.00,762.0,-77.75,-81.75,1
2016-07-25_21:39:30.00,764.0,-80.88,-80.57,2
2016-07-25_21:39:30.00,766.0,-80.78,-79.94,2
2016-07-25_21:39:30.00,768.0,-78.23,-83.92,1
2016-07-25_21:39:30.00,770.0,-79.14,-83.4,1
2016-07-25_21:39:30.00,772.0,-82.27,-83.71,2
2016-07-25_21:39:30.00,774.0,-77.8,-81.49,1
2016-07-25_21:39:30.00,776.0,-75.3,-78.61,1
2016-07-25_21:39:30.00,778.0,-76.1,-79.23,1
2016-07-25_21:39:40.00,666.0,-83.06,-78.98,3
2016-07-25_21:39:40.00,668.0,-75.47,-80.99,1
2016-07-25_21:39:40.00,670.0,-81.72,-82.67,2
2016-07-25_21:39:40.00,672.0,-83.78,-83.12,2
2016-07-25_21:39:40.00,674.0,-74.53,-89.29,1
2016-07-25_21:39:40.00,676.0,-77.35,-87.14,1
2016-07-25_21:39:40.00,678.0,-79.84,-85.24,1
2016-07-25_21:39:40.00,680.0,-76.81,-79.14,2
2016-07-25_21:39:40.00,682.0,-80.43,-79.34,2
2016-07-25_21:39:40.00,684.0,-80.45,-82.36,2
2016-07-25_21:39:40.00,686.0,-74.08,-82.7,1
2016-07-25_21:39:40.00,688.0,-75.02,-80.75,1
2016-07-25_21:39:40.00,690.0,-77.94,-83.79,1
2016-07-25_21:39:40.00,692.0,-79.03,-79.98,2
2016-07-25_21:39:40.00,694.0,-76.81,-89.24,1
2016-07-25_21:39:40.00,696.0,-82.43,-84.37,2
2016-07-25_21:39:40.00,698.0,-80.6,-83.61,1
2016-07-25_21:39:40.00,700.0,-81.54,-76.98,3
2016-07-25_21:39:40.00,702.0,-76.17,-79.15,2
2016-07-25_21:39:40.00,704.0,-81.85,-80.67,2
2016-07-25_21:39:40.00,706.0,-80.35,-82.27,2
2016-07-25_21:39:40.00,708.0,-78.51,-79.19,2
2016-07-25_21:39:40.00,710.0,-76.08,-83.83,1
2016-07-25_21:39:40.00,712.0,-80.66,-78.96,2
2016-07-25_21:39:40.00,714.0,-80.45,-79.81,2
2016-07-25_21:39:40.00,716.0,-82.01,-84.92,2
2016-07-25_21:39:40.00,718.0,-77.53,-82.62,1
2016-07-25_21:39:40.00,720.0,-77.99,-79.32,2
2016-07-25_21:39:40.00,722.0,-78.4,-78.47,2
2016-07-25_21:39:40.00,724.0,-77.92,-80.29,2
2016-07-25_21:39:40.00,726.0,-79.91,-81.19,2
2016-07-25_21:39:40.00,728.0,-79.97,-78.7,2
2016-07-25_21:39:40.00,730.0,-83.3,-81.62,2
2016-07-25_21:39:40.00,732.0,-78.03,-81.84,1
2016-07-25_21:39:40.00,734.0,-76.32,-80.95,1
2016-07-25_21:39:40.00,736.0,-82.34,-81.91,2
2016-07-25_21:39:40.00,738.0,-80.1,-76.97,3
2016-07-25_21:39:40.00,740.0,-76.92,-81.61,1
2016-07-25_21:39:40.00,742.0,-76.84,-82.01,1
2016-07-25_21:39:40.00,744.0,-78.85,-80.72,2
2016-07-25_21:39:40.00,746.0,-79.45,-80.01,2
2016-07-25_21:39:40.00,748.0,-78.08,-76.1,2
2016-07-25_21:39:40.00,750.0,-76.9,-83.33,1
2016-07-25_21:39:40.00,752.0,-76.63,-81.97,1
2016-07-25_21:39:40.00,754.0,-77.85,-81.01,1
2016-07-25_21:39:40.00,756.0,-75.28,-80.31,1
2016-07-25_21:39:40.00,758.0,-80.6,-82.73,2
2016-07-25_21:39:40.00,760.0,-79.97,-81.31,2
2016-07-25_21:39:40.00,762.0,-75.67,-78.16,2
2016-07-25_21:39:40.00,764.0,-77.4,-80.88,1
2016-07-25_21:39:40.00,766.0,-76.15,-81.32,1
2016-07-25_21:39:40.00,768.0,-78.11,-82.26,1
2016-07-25_21:39:40.00,770.0,-81.5,-81.78,2
2016-07-25_21:39:40.00,772.0,-81.43,-80.35,2
2016-07-25_21:39:40.00,774.0,-77.18,-82.45,1
2016-07-25_21:39:40.00,776.0,-79.81,-80.98,2
2016-07-25_21:39:40.00,778.0,-77.55,-76.43,2
2016-07-25_21:39:50.00,636.0,-78.19,-77.7,2
2016-07-25_21:39:50.00,638.0,-79.75,-76.73,3
2016-07-25_21:39:50.00,640.0,-85.93,-79.65,3
2016-07-25_21:39:50.00,642.0,-82.61,-81.29,2
2016-07-25_21:39:50.00,644.0,-80.29,-85.23,1
2016-07-25_21:39:50.00,646.0,-74.97,-78.62,1
2016-07-25_21:39:50.00,648.0,-82.25,-80.82,2
2016-07-25_21:39:50.00,650.0,-82.9,-84.21,2
2016-07-25_21:39:50.00,652.0,-79.59,-81.91,2
2016-07-25_21:39:50.00,654.0,-78.4,-85.86,1
2016-07-25_21:39:50.00,656.0,-76.87,-81.62,1
2016-07-25_21:39:50.00,658.0,-78.64,-77.29,2
2016-07-25_21:39:50.00,660.0,-83.11,-79.0,3
2016-07-25_21:39:50.00,662.0,-79.89,-83.56,1
2016-07-25_21:39:50.00,664.0,-80.12,-78.37,2
2016-07-25_21:39:50.00,666.0,-77.59,-84.43,1
2016-07-25_21:39:50.00,668.0,-77.48,-84.0,1
2016-07-25_21:39:50.00,670.0,-80.83,-82.27,2
2016-07-25_21:39:50.00,672.0,-80.08,-81.32,2
2016-07-25_21:39:50.00,674.0,-78.18,-83.0,1
2016-07-25_21:39:50.00,676.0,-74.87,-80.28,1
2016-07-25_21:39:50.00,678.0,-77.71,-81.19,1
2016-07-25_21:39:50.00,680.0,-75.04,-86.4,1
2016-07-25_21:39:50.00,682.0,-78.88,-82.94,1
2016-07-25_21:39:50.00,684.0,-77.99,-78.49,2
2016-07-25_21:39:50.00,686.0,-75.24,-84.4,1
2016-07-25_21:39:50.00,688.0,-79.22,-81.78,2
2016-07-25_21:39:50.00,690.0,-81.68,-84.94,1
2016-07-25_21:39:50.00,692.0,-75.11,-81.37,1
2016-07-25_21:39:50.00,694.0,-77.2,-86.83,1
2016-07-25_21:39:50.00,696.0,-75.88,-82.54,1
2016-07-25_21:39:50.00,698.0,-75.87,-79.48,1
2016-07-25_21:39:50.00,700.0,-75.89,-81.59,1
2016-07-25_21:39:50.00,702.0,-78.47,-80.97,2
2016-07-25_21:39:50.00,704.0,-75.86,-86.5,1
2016-07-25_21:39:50.00,706.0,-76.06,-83.46,1
2016-07-25_21:39:50.00,708.0,-73.74,-80.74,1
2016-07-25_21:39:50.00,710.0,-76.28,-83.71,1
2016-07-25_21:39:50.00,712.0,-74.67,-88.02,1
2016-07-25_21:39:50.00,714.0,-74.7,-79.66,1
2016-07-25_21:39:50.00,716.0,-72.57,-79.09,1
2016-07-25_21:39:50.00,718.0,-75.54,-81.6,1
2016-07-25_21:39:50.00,720.0,-79.85,-80.57,2
2016-07-25_21:39:50.00,722.0,-80.05,-81.5,2
2016-07-25_21:39:50.00,724.0,-76.09,-80.9,1
2016-07-25_21:39:50.00,726.0,-79.46,-79.4,2
2016-07-25_21:39:50.00,728.0,-76.14,-76.25,2
2016-07-25_21:39:50.00,730.0,-76.84,-81.21,1
2016-07-25_21:39:50.00,732.0,-77.38,-77.16,2
2016-07-25_21:39:50.00,734.0,-77.97,-77.03,2
2016-07-25_21:39:50.00,736.0,-85.79,-76.58,3
2016-07-25_21:39:50.00,738.0,-78.33,-77.63,2
2016-07-25_21:39:50.00,740.0,-78.26,-83.27,1
2016-07-25_21:39:50.00,742.0,-75.28,-79.42,1
2016-07-25_21:39:50.00,744.0,-83.98,-79.36,3
2016-07-25_21:39:50.00,746.0,-77.57,-83.39,1
2016-07-25_21:39:50.00,748.0,-81.87,-81.09,2
2016-07-25_21:39:50.00,750.0,-77.33,-78.4,2
2016-07-25_21:39:50.00,752.0,-80.19,-80.28,2
2016-07-25_21:39:50.00,754.0,-78.52,-82.49,1
2016-07-25_21:40:00.00,618.0,-80.44,-75.9,3
2016-07-25_21:40:00.00,620.0,-78.54,-78.87,2
2016-07-25_21:40:00.00,622.0,-80.69,-77.8,2
2016-07-25_21:40:00.00,624.0,-80.17,-77.27,2
2016-07-25_21:40:00.00,626.0,-76.2,-76.29,2
2016-07-25_21:40:00.00,628.0,-80.6,-75.48,3
2016-07-25_21:40:00.00,630.0,-82.82,-72.98,3
2016-07-25_21:40:00.00,632.0,-79.48,-78.01,2
2016-07-25_21:40:00.00,634.0,-81.38,-73.87,3
2016-07-25_21:40:00.00,636.0,-85.49,-77.15,3
2016-07-25_21:40:00.00,638.0,-82.87,-79.08,3
2016-07-25_21:40:00.00,640.0,-83.36,-80.01,3
2016-07-25_21:40:00.00,642.0,-80.75,-74.14,3
2016-07-25_21:40:00.00,644.0,-84.72,-74.49,3
2016-07-25_21:40:00.00,646.0,-80.95,-76.57,3
2016-07-25_21:40:00.00,648.0,-79.93,-75.36,3
2016-07-25_21:40:00.00,650.0,-79.41,-75.96,3
2016-07-25_21:40:00.00,652.0,-81.3,-80.38,2
2016-07-25_21:40:00.00,654.0,-81.75,-80.61,2
2016-07-25_21:40:00.00,656.0,-83.14,-79.31,3
2016-07-25_21:40:00.00,658.0,-83.21,-78.33,3
2016-07-25_21:40:00.00,660.0,-80.28,-79.78,2
2016-07-25_21:40:00.00,662.0,-81.62,-78.08,3
2016-07-25_21:40:00.00,664.0,-79.66,-78.99,2
2016-07-25_21:40:00.00,666.0,-79.38,-79.28,2
2016-07-25_21:40:00.00,668.0,-80.82,-80.45,2
2016-07-25_21:40:00.00,670.0,-76.28,-79.93,1
2016-07-25_21:40:00.00,672.0,-77.39,-79.83,2
2016-07-25_21:40:00.00,674.0,-82.82,-81.97,2
2016-07-25_21:40:00.00,676.0,-75.08,-80.7,1
2016-07-25_21:40:00.00,678.0,-76.04,-82.8,1
2016-07-25_21:40:00.00,680.0,-75.89,-81.9,1
2016-07-25_21:40:00.00,682.0,-76.42,-80.24,1
2016-07-25_21:40:00.00,684.0,-75.81,-81.37,1
2016-07-25_21:40:00.00,686.0,-78.48,-83.43,1
2016-07-25_21:40:00.00,688.0,-76.72,-79.79,1
2016-07-25_21:40:00.00,690.0,-77.31,-83.98,1
2016-07-25_21:40:00.00,692.0,-77.95,-82.5,1
2016-07-25_21:40:00.00,694.0,-78.17,-82.65,1
2016-07-25_21:40:00.00,696.0,-77.42,-82.43,1
2016-07-25_21:40:00.00,698.0,-77.2,-81.85,1
2016-07-25_21:40:00.00,700.0,-76.3,-80.7,1
2016-07-25_21:40:00.00,702.0,-78.05,-84.32,1
2016-07-25_21:40:00.00,704.0,-77.78,-83.34,1
2016-07-25_21:40:00.00,706.0,-74.19,-81.09,1
2016-07-25_21:40:00.00,708.0,-76.4,-83.58,1
2016-07-25_21:40:00.00,710.0,-78.37,-83.95,1
2016-07-25_21:40:00.00,712.0,-75.42,-83.34,1
2016-07-25_21:40:00.00,714.0,-78.81,-83.26,1
2016-07-25_21:40:00.00,716.0,-78.36,-81.99,1
2016-07-25_21:40:00.00,718.0,-77.06,-82.2,1
2016-07-25_21:40:00.00,720.0,-77.22,-79.37,2
2016-07-25_21:40:00.00,722.0,-75.99,-79.32,1
2016-07-25_21:40:00.00,724.0,-76.94,-80.67,1
2016-07-25_21:40:00.00,726.0,-77.23,-82.28,1
2016-07-25_21:40:00.00,728.0,-74.73,-82.54,1
2016-07-25_21:40:00.00,730.0,-77.11,-78.78,2
2016-07-25_21:40:00.00,732.0,-76.44,-77.97,2
2016-07-25_21:40:00.00,734.0,-77.38,-79.85,2
2016-07-25_21:40:10.00,580.0,-81.21,-74.75,3
2016-07-25_21:40:10.00,582.0,-79.18,-69.28,3
2016-07-25_21:40:10.00,584.0,-76.83,-70.04,3
2016-07-25_21:40:10.00,586.0,-78.88,-73.41,3
2016-07-25_21:40:10.00,588.0,-76.11,-78.05,2
2016-07-25_21:40:10.00,590.0,-83.5,-73.65,3
2016-07-25_21:40:10.00,592.0,-83.47,-78.88,3
2016-07-25_21:40:10.00,594.0,-80.88,-76.86,3
2016-07-25_21:40:10.00,596.0,-84.13,-73.16,3
2016-07-25_21:40:10.00,598.0,-85.46,-76.61,3
2016-07-25_21:40:10.00,600.0,-78.06,-80.69,2
2016-07-25_21:40:10.00,602.0,-81.1,-75.53,3
2016-07-25_21:40:10.00,604.0,-84.2,-75.05,3
2016-07-25_21:40:10.00,606.0,-83.0,-77.46,3
2016-07-25_21:40:10.00,608.0,-82.57,-77.02,3
2016-07-25_21:40:10.00,610.0,-79.61,-77.42,2
2016-07-25_21:40:10.00,612.0,-82.61,-75.37,3
2016-07-25_21:40:10.00,614.0,-83.16,-77.41,3
2016-07-25_21:40:10.00,616.0,-79.63,-87.51,1
2016-07-25_21:40:10.00,618.0,-79.37,-79.51,2
2016-07-25_21:40:10.00,620.0,-79.42,-79.9,2
2016-07-25_21:40:10.00,622.0,-78.61,-77.66,2
2016-07-25_21:40:10.00,624.0,-77.7,-79.39,2
2016-07-25_21:40:10.00,626.0,-76.63,-78.58,2
2016-07-25_21:40:10.00,628.0,-78.39,-81.14,2
2016-07-25_21:40:10.00,630.0,-82.12,-78.58,3
2016-07-25_21:40:10.00,632.0,-77.09,-74.73,2
2016-07-25_21:40:10.00,634.0,-80.43,-75.74,3
2016-07-25_21:40:10.00,636.0,-83.03,-76.45,3
2016-07-25_21:40:10.00,638.0,-83.38,-75.93,3
2016-07-25_21:40:10.00,640.0,-83.6,-78.86,3
2016-07-25_21:40:10.00,642.0,-86.3,-76.05,3
2016-07-25_21:40:10.00,644.0,-80.73,-79.04,2
2016-07-25_21:40:10.00,646.0,-80.5,-76.87,3
2016-07-25_21:40:10.00,648.0,-80.53,-72.57,3
2016-07-25_21:40:10.00,650.0,-82.29,-70.8,3
2016-07-25_21:40:10.00,652.0,-87.64,-74.63,3
2016-07-25_21:40:10.00,654.0,-84.81,-74.09,3
2016-07-25_21:40:10.00,656.0,-78.72,-73.1,3
2016-07-25_21:40:10.00,658.0,-80.97,-81.64,2
2016-07-25_21:40:10.00,660.0,-79.23,-77.6,2
2016-07-25_21:40:10.00,662.0,-82.49,-78.61,3
2016-07-25_21:40:10.00,664.0,-81.62,-78.55,3
2016-07-25_21:40:10.00,666.0,-81.78,-84.04,2
2016-07-25_21:40:10.00,668.0,-80.62,-81.57,2
2016-07-25_21:40:10.00,670.0,-79.58,-76.81,2
2016-07-25_21:40:10.00,672.0,-78.28,-77.95,2
2016-07-25_21:40:10.00,674.0,-80.04,-76.84,3
2016-07-25_21:40:10.00,676.0,-84.96,-77.26,3
2016-07-25_21:40:10.00,678.0,-76.88,-78.48,2
2016-07-25_21:40:10.00,680.0,-76.81,-82.31,1
2016-07-25_21:40:10.00,682.0,-73.72,-82.61,1
2016-07-25_21:40:20.00,498.0,-70.41,-72.05,2
2016-07-25_21:40:20.00,500.0,-77.62,-73.78,3
2016-07-25_21:40:20.00,502.0,-80.75,-72.67,3
2016-07-25_21:40:20.00,504.0,-67.91,-72.41,1
2016-07-25_21:40:20.00,506.0,-70.06,-72.19,2
2016-07-25_21:40:20.00,508.0,-69.84,-76.14,1
2016-07-25_21:40:20.00,510.0,-73.05,-68.09,3
2016-07-25_21:40:20.00,512.0,-74.34,-70.76,3
2016-07-25_21:40:20.00,514.0,-76.03,-71.9,3
2016-07-25_21:40:20.00,516.0,-76.23,-69.92,3
2016-07-25_21:40:20.00,518.0,-73.68,-68.68,3
2016-07-25_21:40:20.00,520.0,-75.32,-74.0,2
2016-07-25_21:40:20.00,522.0,-77.88,-71.55,3
2016-07-25_21:40:20.00,524.0,-73.32,-73.52,2
2016-07-25_21:40:20.00,526.0,-81.45,-68.35,3
2016-07-25_21:40:20.00,528.0,-75.33,-75.52,2
2016-07-25_21:40:20.00,530.0,-77.86,-69.26,3
2016-07-25_21:40:20.00,532.0,-76.65,-68.75,3
2016-07-25_21:40:20.00,534.0,-77.88,-64.3,3
2016-07-25_21:40:20.00,536.0,-78.61,-66.27,3
2016-07-25_21:40:20.00,538.0,-81.03,-69.61,3
2016-07-25_21:40:20.00,540.0,-79.38,-68.83,3
2016-07-25_21:40:20.00,542.0,-79.67,-68.5,3
2016-07-25_21:40:20.00,544.0,-78.1,-76.75,2
2016-07-25_21:40:20.00,546.0,-79.22,-73.88,3
2016-07-25_21:40:20.00,548.0,-79.01,-71.5,3
2016-07-25_21:40:20.00,550.0,-77.79,-68.59,3
2016-07-25_21:40:20.00,552.0,-77.8,-71.65,3
2016-07-25_21:40:20.00,554.0,-79.66,-73.06,3
2016-07-25_21:40:20.00,556.0,-77.97,-76.64,2
2016-07-25_21:40:20.00,558.0,-73.94,-71.87,2
2016-07-25_21:40:20.00,560.0,-78.96,-69.62,3
2016-07-25_21:40:20.00,562.0,-78.18,-71.42,3
2016-07-25_21:40:20.00,564.0,-76.59,-69.94,3
2016-07-25_21:40:20.00,566.0,-72.16,-68.01,3
2016-07-25_21:40:20.00,568.0,-74.53,-66.9,3
2016-07-25_21:40:20.00,570.0,-74.18,-69.34,3
2016-07-25_21:40:20.00,572.0,-77.38,-70.19,3
2016-07-25_21:40:20.00,574.0,-81.17,-71.78,3
2016-07-25_21:40:20.00,576.0,-75.8,-68.68,3
2016-07-25_21:40:20.00,578.0,-76.0,-67.05,3
2016-07-25_21:40:20.00,580.0,-82.3,-68.84,3
2016-07-25_21:40:20.00,582.0,-80.82,-72.64,3
2016-07-25_21:40:20.00,584.0,-74.63,-76.9,2
2016-07-25_21:40:20.00,586.0,-78.95,-72.12,3
2016-07-25_21:40:20.00,588.0,-78.23,-70.56,3
2016-07-25_21:40:20.00,590.0,-83.89,-75.15,3
2016-07-25_21:40:30.00,484.0,-68.89,-72.14,1
2016-07-25_21:40:30.00,486.0,-69.39,-72.54,1
2016-07-25_21:40:30.00,488.0,-70.14,-72.28,2
2016-07-25_21:40:30.00,490.0,-68.96,-74.38,1
2016-07-25_21:40:30.00,492.0,-69.04,-69.58,2
2016-07-25_21:40:30.00,494.0,-73.11,-73.67,2
2016-07-25_21:40:30.00,496.0,-67.8,-70.76,2
2016-07-25_21:40:30.00,498.0,-69.12,-74.91,1
2016-07-25_21:40:30.00,500.0,-73.87,-71.12,2
2016-07-25_21:40:30.00,502.0,-73.5,-70.78,2
2016-07-25_21:40:30.00,504.0,-70.88,-69.69,2
2016-07-25_21:40:30.00,506.0,-74.01,-75.27,2
2016-07-25_21:40:30.00,508.0,-67.46,-73.21,1
2016-07-25_21:40:30.00,510.0,-70.57,-71.9,2
2016-07-25_21:40:30.00,512.0,-73.29,-68.92,3
2016-07-25_21:40:30.00,514.0,-71.21,-69.83,2
2016-07-25_21:40:30.00,516.0,-76.26,-72.69,3
2016-07-25_21:40:30.00,518.0,-73.88,-73.86,2
2016-07-25_21:40:30.00,520.0,-79.95,-77.39,2
2016-07-25_21:40:30.00,522.0,-74.03,-71.01,3
2016-07-25_21:40:30.00,524.0,-78.95,-74.93,3
2016-07-25_21:40:30.00,526.0,-74.9,-71.47,3
2016-07-25_21:40:30.00,528.0,-78.03,-71.08,3
2016-07-25_21:40:30.00,530.0,-76.66,-70.09,3
2016-07-25_21:40:30.00,532.0,-78.9,-71.54,3
2016-07-25_21:40:30.00,534.0,-78.84,-74.39,3
2016-07-25_21:40:30.00,536.0,-80.53,-74.2,3
2016-07-25_21:40:30.00,538.0,-78.62,-69.51,3
2016-07-25_21:40:30.00,540.0,-81.43,-67.75,3
2016-07-25_21:40:30.00,542.0,-81.06,-71.01,3
2016-07-25_21:40:30.00,544.0,-79.7,-75.72,3
2016-07-25_21:40:30.00,546.0,-83.06,-70.65,3
2016-07-25_21:40:30.00,548.0,-73.64,-70.36,3
2016-07-25_21:40:30.00,550.0,-79.42,-71.08,3
2016-07-25_21:40:30.00,552.0,-77.34,-71.87,3
2016-07-25_21:40:30.00,554.0,-77.12,-73.68,3
2016-07-25_21:40:30.00,556.0,-77.1,-69.88,3
2016-07-25_21:40:30.00,558.0,-80.56,-72.83,3
2016-07-25_21:40:30.00,560.0,-74.82,-71.34,3
2016-07-25_21:40:30.00,562.0,-80.28,-72.9,3
2016-07-25_21:40:30.00,564.0,-75.1,-71.43,3
2016-07-25_21:40:30.00,566.0,-76.29,-71.95,3
2016-07-25_21:40:30.00,568.0,-81.16,-77.93,3
2016-07-25_21:40:30.00,570.0,-75.05,-73.51,2
2016-07-25_21:40:30.00,572.0,-72.79,-67.94,3
2016-07-25_21:40:30.00,574.0,-81.48,-70.85,3
2016-07-25_21:40:30.00,576.0,-76.78,-75.12,2
2016-07-25_21:40:40.00,448.0,-71.02,-74.83,1
2016-07-25_21:40:40.00,450.0,-69.83,-72.45,2
2016-07-25_21:40:40.00,452.0,-65.18,-73.63,1
2016-07-25_21:40:40.00,454.0,-66.77,-70.47,1
2016-07-25_21:40:40.00,456.0,-66.19,-75.97,1
2016-07-25_21:40:40.00,458.0,-67.09,-71.16,1
2016-07-25_21:40:40.00,460.0,-67.18,-72.71,1
2016-07-25_21:40:40.00,462.0,-64.04,-72.11,1
2016-07-25_21:40:40.00,464.0,-67.05,-73.2,1
2016-07-25_21:40:40.00,466.0,-65.36,-71.34,1
2016-07-25_21:40:40.00,468.0,-64.83,-70.04,1
2016-07-25_21:40:40.00,470.0,-67.83,-72.4,1
2016-07-25_21:40:40.00,472.0,-68.44,-72.01,1
2016-07-25_21:40:40.00,474.0,-66.85,-70.53,1
2016-07-25_21:40:40.00,476.0,-65.42,-72.4,1
2016-07-25_21:40:40.00,478.0,-63.39,-75.66,1
2016-07-25_21:40:40.00,480.0,-71.67,-71.42,2
2016-07-25_21:40:40.00,482.0,-66.64,-69.52,2
2016-07-25_21:40:40.00,484.0,-66.54,-69.85,1
2016-07-25_21:40:40.00,486.0,-67.65,-70.66,1
2016-07-25_21:40:40.00,488.0,-70.16,-69.02,2
2016-07-25_21:40:40.00,490.0,-70.32,-71.62,2
2016-07-25_21:40:40.00,492.0,-71.74,-71.6,2
2016-07-25_21:40:40.00,494.0,-69.71,-74.43,1
2016-07-25_21:40:40.00,496.0,-69.78,-71.41,2
2016-07-25_21:40:40.00,498.0,-72.33,-73.18,2
2016-07-25_21:40:40.00,500.0,-72.14,-75.18,1
2016-07-25_21:40:40.00,502.0,-65.97,-72.11,1
2016-07-25_21:40:40.00,504.0,-74.66,-74.07,2
2016-07-25_21:40:40.00,506.0,-71.17,-71.14,2
2016-07-25_21:40:40.00,508.0,-71.06,-69.95,2
2016-07-25_21:40:40.00,510.0,-72.2,-69.74,2
2016-07-25_21:40:40.00,512.0,-71.1,-71.25,2
2016-07-25_21:40:40.00,514.0,-75.46,-70.88,3
2016-07-25_21:40:40.00,516.0,-71.49,-69.98,2
2016-07-25_21:40:40.00,518.0,-74.21,-70.78,3
2016-07-25_21:40:40.00,520.0,-72.63,-72.65,2
2016-07-25_21:40:40.00,522.0,-74.28,-74.17,2
2016-07-25_21:40:40.00,524.0,-73.97,-72.76,2
2016-07-25_21:40:40.00,526.0,-73.7,-74.24,2
2016-07-25_21:40:40.00,528.0,-77.07,-70.77,3
2016-07-25_21:40:40.00,530.0,-78.38,-68.88,3
2016-07-25_21:40:40.00,532.0,-74.71,-67.02,3
2016-07-25_21:40:40.00,534.0,-78.65,-67.04,3
2016-07-25_21:40:40.00,536.0,-79.83,-68.23,3
2016-07-25_21:40:40.00,538.0,-77.32,-69.67,3
2016-07-25_21:40:40.00,540.0,-81.41,-66.0,3
2016-07-25_21:40:50.00,416.0,-80.25,-71.27,3
2016-07-25_21:40:50.00,418.0,-74.21,-68.99,3
2016-07-25_21:40:50.00,420.0,-77.25,-68.07,3
2016-07-25_21:40:50.00,422.0,-75.93,-71.62,3
2016-07-25_21:40:50.00,424.0,-75.16,-68.47,3
2016-07-25_21:40:50.00,426.0,-81.24,-72.25,3
2016-07-25_21:40:50.00,428.0,-79.39,-75.71,3
2016-07-25_21:40:50.00,430.0,-74.36,-72.1,2
2016-07-25_21:40:50.00,432.0,-76.57,-76.86,2
2016-07-25_21:40:50.00,434.0,-76.45,-77.83,2
2016-07-25_21:40:50.00,436.0,-74.15,-76.86,2
2016-07-25_21:40:50.00,438.0,-73.42,-74.25,2
2016-07-25_21:40:50.00,440.0,-73.93,-75.0,2
2016-07-25_21:40:50.00,442.0,-70.94,-71.01,2
2016-07-25_21:40:50.00,444.0,-71.64,-77.72,1
2016-07-25_21:40:50.00,446.0,-69.33,-72.38,1
2016-07-25_21:40:50.00,448.0,-66.32,-78.77,1
2016-07-25_21:40:50.00,450.0,-66.17,-74.31,1
2016-07-25_21:40:50.00,452.0,-68.79,-72.89,1
2016-07-25_21:40:50.00,454.0,-65.79,-73.99,1
2016-07-25_21:40:50.00,456.0,-68.01,-78.27,1
2016-07-25_21:40:50.00,458.0,-68.83,-70.61,2
2016-07-25_21:40:50.00,460.0,-69.84,-73.43,1
2016-07-25_21:40:50.00,462.0,-65.66,-75.06,1
2016-07-25_21:40:50.00,464.0,-64.35,-75.03,1
2016-07-25_21:40:50.00,466.0,-71.46,-78.32,1
2016-07-25_21:40:50.00,468.0,-64.41,-76.4,1
2016-07-25_21:40:50.00,470.0,-67.64,-71.57,1
2016-07-25_21:40:50.00,472.0,-66.72,-75.51,1
2016-07-25_21:40:50.00,474.0,-59.84,-72.33,1
2016-07-25_21:40:50.00,476.0,-65.88,-70.01,1
2016-07-25_21:40:50.00,478.0,-65.46,-74.99,1
2016-07-25_21:40:50.00,480.0,-67.52,-74.22,1
2016-07-25_21:40:50.00,482.0,-68.71,-71.05,2
2016-07-25_21:40:50.00,484.0,-67.8,-73.36,1
2016-07-25_21:40:50.00,486.0,-68.43,-68.52,2
2016-07-25_21:40:50.00,488.0,-67.05,-70.72,1
2016-07-25_21:40:50.00,490.0,-66.58,-72.1,1
2016-07-25_21:40:50.00,492.0,-69.87,-74.52,1
2016-07-25_21:40:50.00,494.0,-66.26,-73.58,1
2016-07-25_21:40:50.00,496.0,-70.36,-68.47,2
2016-07-25_21:40:50.00,498.0,-71.84,-70.16,2
2016-07-25_21:40:50.00,500.0,-75.34,-73.28,2
2016-07-25_21:40:50.00,502.0,-73.32,-72.87,2
2016-07-25_21:40:50.00,504.0,-70.87,-72.6,2
2016-07-25_21:40:50.00,506.0,-68.82,-75.27,1
2016-07-25_21:41:00.00,394.0,-68.53,-72.45,1
2016-07-25_21:41:00.00,396.0,-70.56,-71.88,2
2016-07-25_21:41:00.00,398.0,-71.55,-70.93,2
2016-07-25_21:41:00.00,400.0,-75.92,-67.66,3
2016-07-25_21:41:00.00,402.0,-77.11,-76.95,2
2016-07-25_21:41:00.00,404.0,-74.15,-74.18,2
2016-07-25_21:41:00.00,406.0,-76.11,-67.14,3
2016-07-25_21:41:00.00,408.0,-71.13,-72.54,2
2016-07-25_21:41:00.00,410.0,-74.73,-68.86,3
2016-07-25_21:41:00.00,412.0,-73.74,-70.47,3
2016-07-25_21:41:00.00,414.0,-74.75,-68.44,3
2016-07-25_21:41:00.00,416.0,-76.23,-73.3,2
2016-07-25_21:41:00.00,418.0,-77.06,-69.44,3
2016-07-25_21:41:00.00,420.0,-71.76,-71.92,2
2016-07-25_21:41:00.00,422.0,-73.17,-71.08,2
2016-07-25_21:41:00.00,424.0,-73.82,-78.12,1
2016-07-25_21:41:00.00,426.0,-79.6,-71.56,3
2016-07-25_21:41:00.00,428.0,-80.15,-71.52,3
2016-07-25_21:41:00.00,430.0,-75.14,-74.25,2
2016-07-25_21:41:00.00,432.0,-75.19,-78.82,1
2016-07-25_21:41:00.00,434.0,-72.93,-71.42,2
2016-07-25_21:41:00.00,436.0,-76.77,-78.16,2
2016-07-25_21:41:00.00,438.0,-75.51,-72.84,2
2016-07-25_21:41:00.00,440.0,-74.66,-74.3,2
2016-07-25_21:41:00.00,442.0,-70.79,-76.94,1
2016-07-25_21:41:00.00,444.0,-69.82,-77.97,1
2016-07-25_21:41:00.00,446.0,-69.37,-74.18,1
2016-07-25_21:41:00.00,448.0,-73.28,-76.99,1
2016-07-25_21:41:00.00,450.0,-69.37,-74.89,1
2016-07-25_21:41:00.00,452.0,-67.04,-74.01,1
2016-07-25_21:41:00.00,454.0,-68.16,-73.49,1
2016-07-25_21:41:00.00,456.0,-68.43,-75.23,1
2016-07-25_21:41:00.00,458.0,-70.04,-72.19,2
2016-07-25_21:41:00.00,460.0,-64.95,-76.29,1
2016-07-25_21:41:00.00,462.0,-68.73,-73.41,1
2016-07-25_21:41:00.00,464.0,-66.6,-74.74,1
2016-07-25_21:41:00.00,466.0,-63.73,-76.97,1
2016-07-25_21:41:00.00,468.0,-69.09,-77.41,1
2016-07-25_21:41:00.00,470.0,-66.33,-76.77,1
2016-07-25_21:41:00.00,472.0,-69.88,-74.58,1
2016-07-25_21:41:00.00,474.0,-72.32,-73.32,2
2016-07-25_21:41:00.00,476.0,-66.09,-72.75,1
2016-07-25_21:41:00.00,478.0,-66.86,-72.64,1
2016-07-25_21:41:00.00,480.0,-70.53,-71.27,2
2016-07-25_21:41:00.00,482.0,-65.21,-69.67,1
2016-07-25_21:41:00.00,484.0,-65.18,-71.21,1
2016-07-25_21:41:00.00,486.0,-70.55,-75.11,1
2016-07-25_21:41:00.00,488.0,-70.57,-71.52,2
2016-07-25_21:41:00.00,490.0,-64.2,-73.03,1
2016-07-25_21:41:00.00,492.0,-63.76,-70.7,1
2016-07-25_21:41:00.00,494.0,-72.93,-69.81,3
2016-07-25_21:41:10.00,368.0,-71.44,-76.54,1
2016-07-25_21:41:10.00,370.0,-69.12,-74.9,1
2016-07-25_21:41:10.00,372.0,-68.07,-73.58,1
2016-07-25_21:41:10.00,374.0,-71.13,-75.79,1
2016-07-25_21:41:10.00,376.0,-70.87,-74.09,1
2016-07-25_21:41:10.00,378.0,-69.0,-74.74,1
2016-07-25_21:41:10.00,380.0,-70.28,-75.66,1
2016-07-25_21:41:10.00,382.0,-69.43,-77.45,1
2016-07-25_21:41:10.00,384.0,-67.38,-76.08,1
2016-07-25_21:41:10.00,386.0,-71.09,-72.49,2
2016-07-25_21:41:10.00,388.0,-74.03,-73.48,2
2016-07-25_21:41:10.00,390.0,-73.44,-75.09,2
2016-07-25_21:41:10.00,392.0,-74.48,-74.04,2
2016-07-25_21:41:10.00,394.0,-72.39,-72.37,2
2016-07-25_21:41:10.00,396.0,-73.62,-70.72,2
2016-07-25_21:41:10.00,398.0,-80.59,-74.53,3
2016-07-25_21:41:10.00,400.0,-77.73,-67.89,3
2016-07-25_21:41:10.00,402.0,-75.05,-74.14,2
2016-07-25_21:41:10.00,404.0,-76.84,-72.46,3
2016-07-25_21:41:10.00,406.0,-73.89,-69.36,3
2016-07-25_21:41:10.00,408.0,-75.4,-68.78,3
2016-07-25_21:41:10.00,410.0,-76.76,-71.37,3
2016-07-25_21:41:10.00,412.0,-74.81,-72.28,2
2016-07-25_21:41:10.00,414.0,-73.68,-76.83,1
2016-07-25_21:41:10.00,416.0,-74.59,-71.95,2
2016-07-25_21:41:10.00,418.0,-74.94,-70.87,3
2016-07-25_21:41:10.00,420.0,-72.1,-71.09,2
2016-07-25_21:41:10.00,422.0,-75.27,-68.7,3
2016-07-25_21:41:10.00,424.0,-73.79,-70.72,3
2016-07-25_21:41:10.00,426.0,-79.96,-76.32,3
2016-07-25_21:41:10.00,428.0,-75.89,-75.81,2
2016-07-25_21:41:10.00,430.0,-77.74,-78.62,2
2016-07-25_21:41:10.00,432.0,-71.62,-75.56,1
2016-07-25_21:41:10.00,434.0,-74.61,-73.41,2
2016-07-25_21:41:10.00,436.0,-73.93,-75.5,2
2016-07-25_21:41:10.00,438.0,-71.99,-72.69,2
2016-07-25_21:41:10.00,440.0,-72.37,-79.33,1
2016-07-25_21:41:10.00,442.0,-72.19,-76.46,1
2016-07-25_21:41:10.00,444.0,-71.29,-77.75,1
2016-07-25_21:41:10.00,446.0,-71.52,-76.03,1
2016-07-25_21:41:10.00,448.0,-71.16,-78.62,1
2016-07-25_21:41:10.00,450.0,-67.12,-79.3,1
2016-07-25_21:41:10.00,452.0,-67.3,-76.85,1
2016-07-25_21:41:10.00,454.0,-68.7,-70.9,2
2016-07-25_21:41:10.00,456.0,-66.25,-75.11,1
2016-07-25_21:41:10.00,458.0,-67.6,-72.04,1
2016-07-25_21:41:10.00,460.0,-64.14,-76.33,1
2016-07-25_21:41:10.00,462.0,-64.03,-74.13,1
2016-07-25_21:41:10.00,464.0,-71.72,-72.06,2
2016-07-25_21:41:10.00,466.0,-69.91,-74.9,1
2016-07-25_21:41:10.00,468.0,-66.52,-74.49,1
2016-07-25_21:41:10.00,470.0,-68.25,-76.47,1
2016-07-25_21:41:10.00,472.0,-69.98,-70.55,2
2016-07-25_21:41:10.00,474.0,-68.72,-72.55,1
2016-07-25_21:41:10.00,476.0,-66.3,-70.33,1
2016-07-25_21:41:20.00,316.0,-81.22,-81.92,2
2016-07-25_21:41:20.00,318.0,-79.35,-86.23,1
2016-07-25_21:41:20.00,320.0,-82.54,-83.03,2
2016-07-25_21:41:20.00,322.0,-79.71,-82.3,2
2016-07-25_21:41:20.00,324.0,-78.95,-84.11,1
2016-07-25_21:41:20.00,326.0,-79.73,-81.79,2
2016-07-25_21:41:20.00,328.0,-76.95,-79.8,2
2016-07-25_21:41:20.00,330.0,-73.78,-78.8,1
2016-07-25_21:41:20.00,332.0,-74.65,-79.98,1
2016-07-25_21:41:20.00,334.0,-72.43,-76.89,1
2016-07-25_21:41:20.00,336.0,-73.03,-74.97,2
2016-07-25_21:41:20.00,338.0,-71.78,-78.82,1
2016-07-25_21:41:20.00,340.0,-70.29,-75.94,1
2016-07-25_21:41:20.00,342.0,-68.58,-79.58,1
2016-07-25_21:41:20.00,344.0,-69.31,-74.29,1
2016-07-25_21:41:20.00,346.0,-65.88,-72.65,1
2016-07-25_21:41:20.00,348.0,-66.6,-73.75,1
2016-07-25_21:41:20.00,350.0,-66.58,-75.63,1
2016-07-25_21:41:20.00,352.0,-65.48,-72.65,1
2016-07-25_21:41:20.00,354.0,-63.04,-73.01,1
2016-07-25_21:41:20.00,356.0,-64.86,-72.84,1
2016-07-25_21:41:20.00,358.0,-69.66,-73.35,1
2016-07-25_21:41:20.00,360.0,-67.58,-73.82,1
2016-07-25_21:41:20.00,362.0,-66.57,-73.09,1
2016-07-25_21:41:20.00,364.0,-65.92,-72.28,1
2016-07-25_21:41:20.00,366.0,-63.77,-73.47,1
2016-07-25_21:41:20.00,368.0,-70.26,-72.73,2
2016-07-25_21:41:20.00,370.0,-70.04,-72.86,2
2016-07-25_21:41:20.00,372.0,-68.9,-79.69,1
2016-07-25_21:41:20.00,374.0,-71.23,-75.49,1
2016-07-25_21:41:20.00,376.0,-70.3,-72.26,2
2016-07-25_21:41:20.00,378.0,-69.24,-73.12,1
2016-07-25_21:41:20.00,380.0,-69.23,-71.65,2
2016-07-25_21:41:20.00,382.0,-71.36,-75.55,1
2016-07-25_21:41:20.00,384.0,-70.69,-77.46,1
2016-07-25_21:41:20.00,386.0,-71.59,-78.0,1
2016-07-25_21:41:20.00,388.0,-71.27,-74.44,1
2016-07-25_21:41:20.00,390.0,-71.97,-74.62,2
2016-07-25_21:41:20.00,392.0,-68.59,-74.58,1
2016-07-25_21:41:20.00,394.0,-69.79,-71.16,2
2016-07-25_21:41:20.00,396.0,-72.75,-71.15,2
2016-07-25_21:41:20.00,398.0,-72.98,-71.43,2
2016-07-25_21:41:20.00,400.0,-72.92,-71.67,2
2016-07-25_21:41:20.00,402.0,-74.61,-70.7,3
2016-07-25_21:41:20.00,404.0,-75.68,-74.62,2
2016-07-25_21:41:20.00,406.0,-72.12,-72.41,2
2016-07-25_21:41:20.00,408.0,-76.13,-71.78,3
2016-07-25_21:41:20.00,410.0,-73.6,-72.32,2
2016-07-25_21:41:20.00,412.0,-76.02,-68.55,3
2016-07-25_21:41:20.00,414.0,-76.32,-69.9,3
2016-07-25_21:41:20.00,416.0,-72.79,-72.4,2
2016-07-25_21:41:20.00,418.0,-71.82,-73.91,2
2016-07-25_21:41:30.00,256.0,-89.17,-97.8,1
2016-07-25_21:41:30.00,258.0,-88.65,-95.6,1
2016-07-25_21:41:30.00,260.0,-90.62,-101.42,1
2016-07-25_21:41:30.00,262.0,-98.99,-109.19,1
2016-07-25_21:41:30.00,264.0,-85.36,-95.73,1
2016-07-25_21:41:30.00,266.0,-83.84,-90.61,1
2016-07-25_21:41:30.00,268.0,-85.3,-91.91,1
2016-07-25_21:41:30.00,270.0,-88.74,-99.82,1
2016-07-25_21:41:30.00,272.0,-86.92,-88.48,2
2016-07-25_21:41:30.00,274.0,-88.12,-89.4,2
2016-07-25_21:41:30.00,276.0,-87.29,-97.09,1
2016-07-25_21:41:30.00,278.0,-84.48,-93.44,1
2016-07-25_21:41:30.00,280.0,-88.39,-87.64,2
2016-07-25_21:41:30.00,282.0,-89.21,-92.22,1
2016-07-25_21:41:30.00,284.0,-83.3,-88.96,1
2016-07-25_21:41:30.00,286.0,-85.27,-89.36,1
2016-07-25_21:41:30.00,288.0,-83.38,-90.47,1
2016-07-25_21:41:30.00,290.0,-84.0,-88.19,1
2016-07-25_21:41:30.00,292.0,-92.31,-106.6,1
2016-07-25_21:41:30.00,294.0,-91.66,-100.67,1
2016-07-25_21:41:30.00,296.0,-89.48,-99.22,1
2016-07-25_21:41:30.00,298.0,-89.2,-92.26,1
2016-07-25_21:41:30.00,300.0,-81.04,-84.96,1
2016-07-25_21:41:30.00,302.0,-92.69,-101.77,1
2016-07-25_21:41:30.00,304.0,-83.53,-94.14,1
2016-07-25_21:41:30.00,306.0,-82.5,-91.5,1
2016-07-25_21:41:30.00,308.0,-80.33,-86.98,1
2016-07-25_21:41:30.00,310.0,-88.99,-95.3,1
2016-07-25_21:41:30.00,312.0,-80.65,-84.01,1
2016-07-25_21:41:30.00,314.0,-83.45,-87.1,1
2016-07-25_21:41:30.00,316.0,-81.82,-85.47,1
2016-07-25_21:41:30.00,318.0,-80.77,-85.88,1
2016-07-25_21:41:30.00,320.0,-77.6,-79.2,2
2016-07-25_21:41:30.00,322.0,-75.82,-80.22,1
2016-07-25_21:41:30.00,324.0,-82.69,-80.95,2
2016-07-25_21:41:30.00,326.0,-77.98,-86.36,1
2016-07-25_21:41:30.00,328.0,-76.31,-81.73,1
2016-07-25_21:41:30.00,330.0,-73.94,-80.49,1
2016-07-25_21:41:30.00,332.0,-76.01,-79.9,1
2016-07-25_21:41:30.00,334.0,-70.72,-77.43,1
2016-07-25_21:41:30.00,336.0,-74.74,-80.33,1
2016-07-25_21:41:30.00,338.0,-69.27,-81.1,1
2016-07-25_21:41:30.00,340.0,-64.63,-80.66,1
2016-07-25_21:41:30.00,342.0,-71.81,-77.67,1
2016-07-25_21:41:30.00,344.0,-65.46,-75.05,1
2016-07-25_21:41:30.00,346.0,-68.96,-75.04,1
2016-07-25_21:41:30.00,348.0,-69.27,-74.25,1
2016-07-25_21:41:30.00,350.0,-67.42,-76.58,1
2016-07-25_21:41:30.00,352.0,-66.34,-76.99,1
2016-07-25_21:41:30.00,354.0,-66.07,-73.44,1
2016-07-25_21:41:30.00,356.0,-62.2,-75.87,1
2016-07-25_21:41:30.00,358.0,-66.27,-70.62,1
2016-07-25_21:41:30.00,360.0,-65.57,-72.18,1
2016-07-25_21:41:30.00,362.0,-69.56,-72.04,2
2016-07-25_21:41:40.00,208.0,-81.63,-97.95,1
2016-07-25_21:41:40.00,210.0,-83.84,-89.07,1
2016-07-25_21:41:40.00,212.0,-78.66,-89.01,1
2016-07-25_21:41:40.00,214.0,-95.05,-91.72,3
2016-07-25_21:41:40.00,216.0,-91.84,-91.32,2
2016-07-25_21:41:40.00,218.0,-98.43,-91.92,3
2016-07-25_21:41:40.00,220.0,-85.45,-87.98,2
2016-07-25_21:41:40.00,222.0,-98.77,-90.04,3
2016-07-25_21:41:40.00,224.0,-95.03,-86.95,3
2016-07-25_21:41:40.00,226.0,-98.8,-103.67,1
2016-07-25_21:41:40.00,228.0,-86.16,-94.8,1
2016-07-25_21:41:40.00,230.0,-94.9,-90.94,3
2016-07-25_21:41:40.00,232.0,-90.98,-85.73,3
2016-07-25_21:41:40.00,234.0,-94.39,-96.78,2
2016-07-25_21:41:40.00,236.0,-85.18,-90.19,1
2016-07-25_21:41:40.00,238.0,-86.44,-93.08,1
2016-07-25_21:41:40.00,240.0,-94.04,-92.88,2
2016-07-25_21:41:40.00,242.0,-93.54,-96.14,2
2016-07-25_21:41:40.00,244.0,-100.81,-85.33,3
2016-07-25_21:41:40.00,246.0,-84.48,-83.64,2
2016-07-25_21:41:40.00,248.0,-91.31,-97.21,1
2016-07-25_21:41:40.00,250.0,-92.51,-89.76,2
2016-07-25_21:41:40.00,252.0,-92.45,-95.74,1
2016-07-25_21:41:40.00,254.0,-89.41,-89.4,2
2016-07-25_21:41:40.00,256.0,-87.01,-93.92,1
2016-07-25_21:41:40.00,258.0,-89.88,-92.15,2
2016-07-25_21:41:40.00,260.0,-88.48,-87.85,2
2016-07-25_21:41:40.00,262.0,-91.08,-95.78,1
2016-07-25_21:41:40.00,264.0,-95.01,-103.84,1
2016-07-25_21:41:40.00,266.0,-83.31,-86.66,1
2016-07-25_21:41:40.00,268.0,-90.51,-103.92,1
2016-07-25_21:41:40.00,270.0,-89.75,-91.15,2
2016-07-25_21:41:40.00,272.0,-87.81,-91.8,1
2016-07-25_21:41:40.00,274.0,-83.08,-89.49,1
2016-07-25_21:41:40.00,276.0,-94.04,-101.34,1
2016-07-25_21:41:40.00,278.0,-83.97,-94.91,1
2016-07-25_21:41:40.00,280.0,-81.2,-89.36,1
2016-07-25_21:41:40.00,282.0,-90.15,-89.48,2
2016-07-25_21:41:40.00,284.0,-83.67,-93.68,1
2016-07-25_21:41:40.00,286.0,-87.6,-87.82,2
2016-07-25_21:41:40.00,288.0,-83.04,-86.63,1
2016-07-25_21:41:40.00,290.0,-86.06,-84.95,2
2016-07-25_21:41:40.00,292.0,-91.2,-92.79,2
2016-07-25_21:41:40.00,294.0,-88.88,-102.25,1
2016-07-25_21:41:40.00,296.0,-90.83,-90.22,2
2016-07-25_21:41:40.00,298.0,-86.07,-90.53,1
2016-07-25_21:41:40.00,300.0,-86.47,-85.96,2
2016-07-25_21:41:40.00,302.0,-88.12,-92.07,1
2016-07-25_21:41:50.00,190.0,-92.01,-99.89,1
2016-07-25_21:41:50.00,192.0,-92.93,-102.23,1
2016-07-25_21:41:50.00,194.0,-97.19,-96.48,2
2016-07-25_21:41:50.00,196.0,-88.07,-93.92,1
2016-07-25_21:41:50.00,198.0,-90.04,-86.59,3
2016-07-25_21:41:50.00,200.0,-79.6,-86.93,1
2016-07-25_21:41:50.00,202.0,-92.15,-86.95,3
2016-07-25_21:41:50.00,204.0,-95.59,-101.4,1
2016-07-25_21:41:50.00,206.0,-77.46,-86.56,1
2016-07-25_21:41:50.00,208.0,-83.82,-83.98,2
2016-07-25_21:41:50.00,210.0,-97.07,-96.79,2
2016-07-25_21:41:50.00,212.0,-91.76,-96.33,1
2016-07-25_21:41:50.00,214.0,-86.95,-88.33,2
2016-07-25_21:41:50.00,216.0,-93.25,-97.89,1
2016-07-25_21:41:50.00,218.0,-94.27,-97.95,1
2016-07-25_21:41:50.00,220.0,-95.7,-104.11,1
2016-07-25_21:41:50.00,222.0,-96.67,-94.34,2
2016-07-25_21:41:50.00,224.0,-96.08,-90.11,3
2016-07-25_21:41:50.00,226.0,-99.77,-93.35,3
2016-07-25_21:41:50.00,228.0,-91.59,-86.93,3
2016-07-25_21:41:50.00,230.0,-100.16,-91.84,3
2016-07-25_21:41:50.00,232.0,-94.87,-101.48,1
2016-07-25_21:41:50.00,234.0,-88.09,-97.39,1
2016-07-25_21:41:50.00,236.0,-93.11,-92.37,2
2016-07-25_21:41:50.00,238.0,-91.05,-90.42,2
2016-07-25_21:41:50.00,240.0,-82.92,-93.82,1
2016-07-25_21:41:50.00,242.0,-94.93,-94.42,2
2016-07-25_21:41:50.00,244.0,-89.57,-96.52,1
2016-07-25_21:41:50.00,246.0,-87.25,-98.23,1
2016-07-25_21:41:50.00,248.0,-94.26,-94.57,2
2016-07-25_21:41:50.00,250.0,-87.39,-86.18,2
2016-07-25_21:41:50.00,252.0,-96.8,-107.37,1
2016-07-25_21:41:50.00,254.0,-101.69,-101.27,2
2016-07-25_21:41:50.00,256.0,-95.24,-111.06,1
2016-07-25_21:41:50.00,258.0,-85.31,-92.61,1
2016-07-25_21:41:50.00,260.0,-94.37,-96.49,2
2016-07-25_21:41:50.00,262.0,-85.54,-88.78,1
2016-07-25_21:41:50.00,264.0,-89.26,-95.25,1
2016-07-25_21:41:50.00,266.0,-94.28,-100.77,1
2016-07-25_21:41:50.00,268.0,-88.83,-90.65,2
2016-07-25_21:41:50.00,270.0,-97.99,-107.54,1
2016-07-25_21:41:50.00,272.0,-84.6,-95.51,1
2016-07-25_21:41:50.00,274.0,-93.74,-102.53,1
2016-07-25_21:41:50.00,276.0,-85.9,-99.26,1
2016-07-25_21:41:50.00,278.0,-88.01,-92.91,1
2016-07-25_21:42:00.00,180.0,-82.95,-90.43,1
2016-07-25_21:42:00.00,182.0,-83.1,-85.58,2
2016-07-25_21:42:00.00,184.0,-88.47,-98.88,1
2016-07-25_21:42:00.00,186.0,-99.7,-94.53,3
2016-07-25_21:42:00.00,188.0,-97.79,-93.22,3
2016-07-25_21:42:00.00,190.0,-93.78,-86.81,3
2016-07-25_21:42:00.00,192.0,-92.33,-95.55,1
2016-07-25_21:42:00.00,194.0,-90.09,-91.18,2
2016-07-25_21:42:00.00,196.0,-82.35,-86.11,1
2016-07-25_21:42:00.00,198.0,-82.6,-88.53,1
2016-07-25_21:42:00.00,200.0,-88.55,-95.93,1
2016-07-25_21:42:00.00,202.0,-95.98,-100.25,1
2016-07-25_21:42:00.00,204.0,-91.87,-101.27,1
2016-07-25_21:42:00.00,206.0,-77.32,-83.32,1
2016-07-25_21:42:00.00,208.0,-79.67,-91.21,1
2016-07-25_21:42:00.00,210.0,-94.93,-104.4,1
2016-07-25_21:42:00.00,212.0,-81.12,-88.56,1
2016-07-25_21:42:00.00,214.0,-83.99,-93.94,1
2016-07-25_21:42:00.00,216.0,-86.11,-93.14,1
2016-07-25_21:42:00.00,218.0,-100.39,-99.75,2
2016-07-25_21:42:00.00,220.0,-96.26,-88.21,3
2016-07-25_21:42:00.00,222.0,-95.48,-91.93,3
2016-07-25_21:42:00.00,224.0,-88.59,-98.34,1
2016-07-25_21:42:00.00,226.0,-86.81,-96.43,1
2016-07-25_21:42:00.00,228.0,-97.69,-93.13,3
2016-07-25_21:42:00.00,230.0,-88.09,-91.06,2
2016-07-25_21:42:00.00,232.0,-89.67,-86.51,3
2016-07-25_21:42:00.00,234.0,-92.26,-93.11,2
2016-07-25_21:42:00.00,236.0,-85.07,-91.56,1
2016-07-25_21:42:00.00,238.0,-88.52,-93.18,1
2016-07-25_21:42:00.00,240.0,-92.55,-88.2,3
2016-07-25_21:42:00.00,242.0,-93.1,-89.05,3
2016-07-25_21:42:00.00,244.0,-87.87,-91.93,1
2016-07-25_21:42:00.00,246.0,-92.16,-93.45,2
2016-07-25_21:42:00.00,248.0,-88.58,-98.71,1
2016-07-25_21:42:00.00,250.0,-95.37,-94.09,2
2016-07-25_21:42:00.00,252.0,-94.69,-93.47,2
2016-07-25_21:42:00.00,254.0,-93.89,-94.44,2
2016-07-25_21:42:00.00,256.0,-92.95,-95.39,2
2016-07-25_21:42:00.00,258.0,-90.34,-93.16,2
2016-07-25_21:42:00.00,260.0,-85.06,-86.42,2
2016-07-25_21:42:00.00,262.0,-87.57,-92.55,1
2016-07-25_21:42:00.00,264.0,-92.03,-99.89,1
2016-07-25_21:42:10.00,174.0,-100.5,-88.57,3
2016-07-25_21:42:10.00,176.0,-89.07,-83.28,3
2016-07-25_21:42:10.00,178.0,-101.41,-95.87,3
2016-07-25_21:42:10.00,180.0,-87.3,-93.59,1
2016-07-25_21:42:10.00,182.0,-82.01,-85.61,1
2016-07-25_21:42:10.00,184.0,-85.02,-84.76,2
2016-07-25_21:42:10.00,186.0,-88.16,-92.57,1
2016-07-25_21:42:10.00,188.0,-77.61,-85.9,1
2016-07-25_21:42:10.00,190.0,-90.63,-94.03,1
2016-07-25_21:42:10.00,192.0,-93.34,-102.0,1
2016-07-25_21:42:10.00,194.0,-89.29,-93.3,1
2016-07-25_21:42:10.00,196.0,-77.85,-91.57,1
2016-07-25_21:42:10.00,198.0,-84.47,-94.44,1
2016-07-25_21:42:10.00,200.0,-90.94,-95.66,1
2016-07-25_21:42:10.00,202.0,-84.13,-88.01,1
2016-07-25_21:42:10.00,204.0,-87.79,-84.85,2
2016-07-25_21:42:10.00,206.0,-83.98,-87.69,1
2016-07-25_21:42:10.00,208.0,-82.53,-85.9,1
2016-07-25_21:42:10.00,210.0,-94.91,-105.16,1
2016-07-25_21:42:10.00,212.0,-86.7,-101.22,1
2016-07-25_21:42:10.00,214.0,-97.35,-98.48,2
2016-07-25_21:42:10.00,216.0,-97.97,-100.26,2
2016-07-25_21:42:10.00,218.0,-95.32,-99.0,1
2016-07-25_21:42:10.00,220.0,-87.59,-93.59,1
2016-07-25_21:42:10.00,222.0,-87.76,-94.99,1
2016-07-25_21:42:10.00,224.0,-101.16,-94.69,3
2016-07-25_21:42:10.00,226.0,-95.84,-93.65,2
2016-07-25_21:42:10.00,228.0,-95.52,-93.21,2
2016-07-25_21:42:10.00,230.0,-92.44,-94.27,2
2016-07-25_21:42:10.00,232.0,-101.04,-95.55,3
2016-07-25_21:42:10.00,234.0,-98.82,-97.83,2
2016-07-25_21:42:10.00,236.0,-92.74,-99.65,1
2016-07-25_21:42:10.00,238.0,-86.9,-88.24,2
2016-07-25_21:42:10.00,240.0,-91.98,-91.39,2
2016-07-25_21:42:10.00,242.0,-96.04,-87.01,3
2016-07-25_21:42:10.00,244.0,-96.24,-85.61,3
2016-07-25_21:42:10.00,246.0,-88.94,-97.95,1
2016-07-25_21:42:10.00,248.0,-96.14,-99.94,1
2016-07-25_21:42:10.00,250.0,-100.37,-95.05,3
2016-07-25_21:42:10.00,252.0,-89.58,-84.43,3
2016-07-25_21:42:10.00,254.0,-93.23,-109.83,1
2016-07-25_21:42:10.00,256.0,-95.29,-101.97,1
2016-07-25_21:42:10.00,258.0,-97.16,-106.31,1
2016-07-25_21:42:10.00,260.0,-84.2,-89.03,1
2016-07-25_21:42:20.00,170.0,-88.1,-87.13,2
2016-07-25_21:42:20.00,172.0,-88.3,-89.06,2
2016-07-25_21:42:20.00,174.0,-86.71,-82.49,3
2016-07-25_21:42:20.00,176.0,-82.96,-84.69,2
2016-07-25_21:42:20.00,178.0,-93.46,-108.21,1
2016-07-25_21:42:20.00,180.0,-94.85,-101.23,1
2016-07-25_21:42:20.00,182.0,-103.57,-106.4,2
2016-07-25_21:42:20.00,184.0,-90.01,-100.44,1
2016-07-25_21:42:20.00,186.0,-86.83,-100.95,1
2016-07-25_21:42:20.00,188.0,-95.96,-87.15,3
2016-07-25_21:42:20.00,190.0,-98.06,-85.96,3
2016-07-25_21:42:20.00,192.0,-93.47,-99.4,1
2016-07-25_21:42:20.00,194.0,-86.31,-92.14,1
2016-07-25_21:42:20.00,196.0,-87.92,-92.92,1
2016-07-25_21:42:20.00,198.0,-79.36,-85.43,1
2016-07-25_21:42:20.00,200.0,-96.2,-89.56,3
2016-07-25_21:42:20.00,202.0,-84.18,-84.85,2
2016-07-25_21:42:20.00,204.0,-88.26,-91.92,1
2016-07-25_21:42:20.00,206.0,-78.87,-88.59,1
2016-07-25_21:42:20.00,208.0,-88.0,-92.12,1
2016-07-25_21:42:20.00,210.0,-84.81,-86.4,2
2016-07-25_21:42:20.00,212.0,-94.13,-101.11,1
2016-07-25_21:42:20.00,214.0,-99.23,-97.65,2
2016-07-25_21:42:20.00,216.0,-90.48,-89.71,2
2016-07-25_21:42:20.00,218.0,-84.26,-85.51,2
2016-07-25_21:42:20.00,220.0,-97.57,-100.32,2
2016-07-25_21:42:20.00,222.0,-97.38,-95.89,2
2016-07-25_21:42:20.00,224.0,-92.08,-94.09,2
2016-07-25_21:42:20.00,226.0,-92.05,-91.84,2
2016-07-25_21:42:20.00,228.0,-99.38,-96.46,2
2016-07-25_21:42:20.00,230.0,-93.13,-89.29,3
2016-07-25_21:42:20.00,232.0,-84.81,-89.35,1
2016-07-25_21:42:20.00,234.0,-86.0,-96.48,1
2016-07-25_21:42:20.00,236.0,-94.18,-100.33,1
2016-07-25_21:42:20.00,238.0,-85.17,-95.14,1
2016-07-25_21:42:20.00,240.0,-93.35,-101.25,1
2016-07-25_21:42:20.00,242.0,-94.71,-94.42,2
2016-07-25_21:42:20.00,244.0,-92.29,-92.64,2
2016-07-25_21:42:20.00,246.0,-95.47,-97.58,2
2016-07-25_21:42:20.00,248.0,-91.8,-106.22,1
2016-07-25_21:42:20.00,250.0,-84.7,-94.54,1
2016-07-25_21:42:20.00,252.0,-96.36,-106.5,1
2016-07-25_21:42:20.00,254.0,-88.43,-90.76,2
2016-07-25_21:42:20.00,256.0,-92.74,-100.23,1
2016-07-25_21:42:20.00,258.0,-90.39,-96.68,1
2016-07-25_21:42:20.00,260.0,-85.32,-84.38,2
2016-07-25_21:42:20.00,262.0,-90.35,-90.94,2
2016-07-25_21:42:20.00,264.0,-91.33,-94.76,1
2016-07-25_21:42:30.00,168.0,-104.14,-107.82,1
2016-07-25_21:42:30.00,170.0,-78.06,-84.98,1
2016-07-25_21:42:30.00,172.0,-94.58,-90.82,3
2016-07-25_21:42:30.00,174.0,-86.04,-82.87,3
2016-07-25_21:42:30.00,176.0,-96.16,-107.81,1
2016-07-25_21:42:30.00,178.0,-94.69,-106.2,1
2016-07-25_21:42:30.00,180.0,-81.77,-93.59,1
2016-07-25_21:42:30.00,182.0,-89.87,-94.13,1
2016-07-25_21:42:30.00,184.0,-88.68,-95.25,1
2016-07-25_21:42:30.00,186.0,-97.45,-92.91,3
2016-07-25_21:42:30.00,188.0,-94.38,-89.43,3
2016-07-25_21:42:30.00,190.0,-86.92,-91.42,1
2016-07-25_21:42:30.00,192.0,-82.43,-87.72,1
2016-07-25_21:42:30.00,194.0,-82.61,-89.92,1
2016-07-25_21:42:30.00,196.0,-91.27,-94.49,1
2016-07-25_21:42:30.00,198.0,-98.12,-93.11,3
2016-07-25_21:42:30.00,200.0,-84.46,-86.82,2
2016-07-25_21:42:30.00,202.0,-82.94,-90.39,1
2016-07-25_21:42:30.00,204.0,-93.81,-92.61,2
2016-07-25_21:42:30.00,206.0,-76.96,-90.26,1
2016-07-25_21:42:30.00,208.0,-99.41,-92.81,3
2016-07-25_21:42:30.00,210.0,-81.51,-89.98,1
2016-07-25_21:42:30.00,212.0,-96.07,-94.57,2
2016-07-25_21:42:30.00,214.0,-91.9,-91.09,2
2016-07-25_21:42:30.00,216.0,-96.59,-85.96,3
2016-07-25_21:42:30.00,218.0,-94.7,-97.73,1
2016-07-25_21:42:30.00,220.0,-96.58,-91.96,3
2016-07-25_21:42:30.00,222.0,-91.74,-89.77,2
2016-07-25_21:42:30.00,224.0,-87.76,-90.34,2
2016-07-25_21:42:30.00,226.0,-84.85,-88.56,1
2016-07-25_21:42:30.00,228.0,-77.99,-93.93,1
2016-07-25_21:42:30.00,230.0,-100.43,-98.4,2
2016-07-25_21:42:30.00,232.0,-100.45,-103.2,2
2016-07-25_21:42:30.00,234.0,-93.26,-109.03,1
2016-07-25_21:42:30.00,236.0,-93.91,-103.38,1
2016-07-25_21:42:30.00,238.0,-91.52,-88.71,2
2016-07-25_21:42:30.00,240.0,-88.53,-93.17,1
2016-07-25_21:42:30.00,242.0,-100.1,-103.58,1
2016-07-25_21:42:30.00,244.0,-100.3,-89.57,3
2016-07-25_21:42:30.00,246.0,-103.06,-107.88,1
2016-07-25_21:42:30.00,248.0,-80.65,-88.63,1
2016-07-25_21:42:30.00,250.0,-96.42,-102.89,1
2016-07-25_21:42:30.00,252.0,-84.1,-94.8,1
2016-07-25_21:42:30.00,254.0,-94.42,-96.17,2
2016-07-25_21:42:30.00,256.0,-96.1,-98.57,2
2016-07-25_21:42:30.00,258.0,-100.44,-107.63,1
2016-07-25_21:42:30.00,260.0,-93.46,-98.88,1
2016-07-25_21:42:30.00,262.0,-88.31,-98.77,1
2016-07-25_21:42:30.00,264.0,-87.82,-89.78,2
2016-07-25_21:42:30.00,266.0,-82.68,-88.85,1
2016-07-25_21:42:30.00,268.0,-83.7,-89.72,1
2016-07-25_21:42:30.00,270.0,-82.37,-96.03,1
2016-07-25_21:42:30.00,272.0,-92.69,-108.45,1
2016-07-25_21:42:30.00,274.0,-81.82,-90.03,1
2016-07-25_21:42:40.00,160.0,-95.21,-88.68,3
2016-07-25_21:42:40.00,162.0,-83.03,-82.93,2
2016-07-25_21:42:40.00,164.0,-89.46,-88.2,2
2016-07-25_21:42:40.00,166.0,-84.06,-86.79,2
2016-07-25_21:42:40.00,168.0,-93.33,-84.28,3
2016-07-25_21:42:40.00,170.0,-91.97,-89.58,2
2016-07-25_21:42:40.00,172.0,-92.84,-92.4,2
2016-07-25_21:42:40.00,174.0,-88.7,-89.52,2
2016-07-25_21:42:40.00,176.0,-87.81,-88.55,2
2016-07-25_21:42:40.00,178.0,-92.87,-92.51,2
2016-07-25_21:42:40.00,180.0,-97.13,-96.09,2
2016-07-25_21:42:40.00,182.0,-88.46,-89.64,2
2016-07-25_21:42:40.00,184.0,-97.89,-90.83,3
2016-07-25_21:42:40.00,186.0,-90.72,-93.44,2
2016-07-25_21:42:40.00,188.0,-92.99,-92.43,2
2016-07-25_21:42:40.00,190.0,-93.65,-90.09,3
2016-07-25_21:42:40.00,192.0,-87.56,-89.65,2
2016-07-25_21:42:40.00,194.0,-86.14,-88.08,2
2016-07-25_21:42:40.00,196.0,-89.3,-91.5,2
2016-07-25_21:42:40.00,198.0,-83.71,-94.51,1
2016-07-25_21:42:40.00,200.0,-81.96,-87.28,1
2016-07-25_21:42:40.00,202.0,-96.97,-94.13,2
2016-07-25_21:42:40.00,204.0,-89.04,-93.73,1
2016-07-25_21:42:40.00,206.0,-95.35,-99.85,1
2016-07-25_21:42:40.00,208.0,-99.78,-94.24,3
2016-07-25_21:42:40.00,210.0,-97.6,-90.77,3
2016-07-25_21:42:40.00,212.0,-93.05,-94.19,2
2016-07-25_21:42:40.00,214.0,-94.11,-88.14,3
2016-07-25_21:42:40.00,216.0,-98.76,-92.27,3
2016-07-25_21:42:40.00,218.0,-87.27,-88.2,2
2016-07-25_21:42:40.00,220.0,-91.1,-91.18,2
2016-07-25_21:42:40.00,222.0,-94.85,-86.9,3
2016-07-25_21:42:40.00,224.0,-93.19,-86.81,3
2016-07-25_21:42:40.00,226.0,-95.28,-88.33,3
2016-07-25_21:42:40.00,228.0,-96.06,-97.03,2
2016-07-25_21:42:40.00,230.0,-97.19,-93.89,3
2016-07-25_21:42:40.00,232.0,-87.08,-93.85,1
2016-07-25_21:42:40.00,234.0,-88.61,-94.73,1
2016-07-25_21:42:40.00,236.0,-92.34,-88.85,3
2016-07-25_21:42:40.00,238.0,-93.59,-97.32,1
2016-07-25_21:42:40.00,240.0,-95.7,-93.42,2
2016-07-25_21:42:40.00,242.0,-89.24,-92.43,1
2016-07-25_21:42:40.00,244.0,-91.62,-96.79,1
2016-07-25_21:42:40.00,246.0,-87.09,-93.4,1
2016-07-25_21:42:40.00,248.0,-92.51,-99.59,1
2016-07-25_21:42:40.00,250.0,-90.39,-97.73,1
2016-07-25_21:42:40.00,252.0,-92.91,-100.15,1
2016-07-25_21:42:40.00,254.0,-92.14,-90.47,2
2016-07-25_21:42:40.00,256.0,-84.94,-94.78,1
2016-07-25_21:42:40.00,258.0,-89.61,-94.05,1
2016-07-25_21:42:40.00,260.0,-88.93,-94.08,1
2016-07-25_21:42:40.00,262.0,-89.86,-91.53,2
2016-07-25_21:42:40.00,264.0,-89.53,-90.9,2
2016-07-25_21:42:40.00,266.0,-90.59,-91.51,2
2016-07-25_21:42:40.00,268.0,-92.38,-98.34,1
2016-07-25_21:42:40.00,270.0,-82.62,-86.25,1
2016-07-25_21:42:40.00,272.0,-85.82,-87.98,2
2016-07-25_21:42:40.00,274.0,-82.45,-88.98,1
2016-07-25_21:42:40.00,276.0,-86.03,-89.84,1
2016-07-25_21:42:40.00,278.0,-89.94,-100.97,1
2016-07-25_21:42:40.00,280.0,-84.05,-90.69,1
2016-07-25_21:42:40.00,282.0,-88.29,-93.44,1
2016-07-25_21:42:40.00,284.0,-85.58,-92.6,1
2016-07-25_21:42:40.00,286.0,-87.94,-88.28,2
2016-07-25_21:42:40.00,288.0,-86.98,-89.66,2
2016-07-25_21:42:40.00,290.0,-85.36,-88.66,1
2016-07-25_21:42:40.00,292.0,-84.4,-88.31,1
2016-07-25_21:42:40.00,294.0,-82.09,-88.19,1
2016-07-25_21:42:40.00,296.0,-86.12,-91.4,1
2016-07-25_21:42:40.00,298.0,-89.35,-101.01,1
2016-07-25_21:42:40.00,300.0,-86.49,-87.93,2
2016-07-25_21:42:40.00,302.0,-85.1,-90.93,1
2016-07-25_21:42:40.00,304.0,-83.6,-89.5,1
2016-07-25_21:42:40.00,306.0,-81.16,-89.62,1
2016-07-25_21:42:40.00,308.0,-84.26,-88.35,1
2016-07-25_21:42:40.00,310.0,-81.45,-82.11,2
2016-07-25_21:42:40.00,312.0,-81.44,-83.98,2
2016-07-25_21:42:50.00,144.0,-95.7,-102.53,1
2016-07-25_21:42:50.00,146.0,-97.83,-96.13,2
2016-07-25_21:42:50.00,148.0,-102.32,-101.06,2
2016-07-25_21:42:50.00,150.0,-94.51,-105.26,1
2016-07-25_21:42:50.00,152.0,-99.58,-93.08,3
2016-07-25_21:42:50.00,154.0,-87.79,-92.16,1
2016-07-25_21:42:50.00,156.0,-91.67,-103.49,1
2016-07-25_21:42:50.00,158.0,-103.5,-106.81,1
2016-07-25_21:42:50.00,160.0,-80.61,-84.06,1
2016-07-25_21:42:50.00,162.0,-79.04,-84.57,1
2016-07-25_21:42:50.00,164.0,-94.02,-93.33,2
2016-07-25_21:42:50.00,166.0,-99.83,-85.1,3
2016-07-25_21:42:50.00,168.0,-106.25,-106.12,2
2016-07-25_21:42:50.00,170.0,-79.46,-82.87,1
2016-07-25_21:42:50.00,172.0,-105.32,-107.37,2
2016-07-25_21:42:50.00,174.0,-95.13,-99.87,1
2016-07-25_21:42:50.00,176.0,-97.11,-96.78,2
2016-07-25_21:42:50.00,178.0,-97.35,-104.33,1
2016-07-25_21:42:50.00,180.0,-95.72,-105.08,1
2016-07-25_21:42:50.00,182.0,-91.77,-97.2,1
2016-07-25_21:42:50.00,184.0,-82.41,-86.8,1
2016-07-25_21:42:50.00,186.0,-90.38,-87.04,3
2016-07-25_21:42:50.00,188.0,-88.25,-96.16,1
2016-07-25_21:42:50.00,190.0,-94.53,-97.7,1
2016-07-25_21:42:50.00,192.0,-95.83,-92.23,3
2016-07-25_21:42:50.00,194.0,-86.02,-91.3,1
2016-07-25_21:42:50.00,196.0,-91.49,-89.69,2
2016-07-25_21:42:50.00,198.0,-96.12,-104.22,1
2016-07-25_21:42:50.00,200.0,-81.26,-91.21,1
2016-07-25_21:42:50.00,202.0,-81.51,-82.44,2
2016-07-25_21:42:50.00,204.0,-81.69,-83.6,2
2016-07-25_21:42:50.00,206.0,-94.17,-88.34,3
2016-07-25_21:42:50.00,208.0,-101.8,-88.69,3
2016-07-25_21:42:50.00,210.0,-91.73,-85.96,3
2016-07-25_21:42:50.00,212.0,-91.36,-92.17,2
2016-07-25_21:42:50.00,214.0,-84.35,-83.99,2
2016-07-25_21:42:50.00,216.0,-94.42,-95.33,2
2016-07-25_21:42:50.00,218.0,-88.84,-100.31,1
2016-07-25_21:42:50.00,220.0,-89.42,-104.95,1
2016-07-25_21:42:50.00,222.0,-89.02,-93.82,1
2016-07-25_21:42:50.00,224.0,-82.87,-87.76,1
2016-07-25_21:42:50.00,226.0,-78.87,-86.99,1
2016-07-25_21:42:50.00,228.0,-95.21,-90.15,3
2016-07-25_21:42:50.00,230.0,-97.41,-103.11,1
2016-07-25_21:42:50.00,232.0,-98.78,-111.5,1
2016-07-25_21:42:50.00,234.0,-89.37,-94.39,1
2016-07-25_21:42:50.00,236.0,-98.23,-89.11,3
2016-07-25_21:42:50.00,238.0,-95.37,-86.27,3
2016-07-25_21:42:50.00,240.0,-100.4,-100.06,2
2016-07-25_21:42:50.00,242.0,-93.07,-101.97,1
2016-07-25_21:42:50.00,244.0,-92.98,-105.26,1
2016-07-25_21:42:50.00,246.0,-99.17,-107.93,1
2016-07-25_21:42:50.00,248.0,-101.58,-102.61,2
2016-07-25_21:42:50.00,250.0,-104.05,-104.96,2
2016-07-25_21:42:50.00,252.0,-97.82,-100.85,1
2016-07-25_21:42:50.00,254.0,-95.5,-99.95,1
2016-07-25_21:42:50.00,256.0,-97.8,-107.67,1
2016-07-25_21:42:50.00,258.0,-83.17,-93.25,1
2016-07-25_21:42:50.00,260.0,-85.77,-92.98,1
2016-07-25_21:42:50.00,262.0,-88.82,-89.96,2
2016-07-25_21:42:50.00,264.0,-90.08,-86.98,3
2016-07-25_21:42:50.00,266.0,-82.33,-86.03,1
2016-07-25_21:42:50.00,268.0,-77.22,-86.83,1
2016-07-25_21:42:50.00,270.0,-83.68,-93.44,1
2016-07-25_21:42:50.00,272.0,-87.62,-97.6,1
2016-07-25_21:42:50.00,274.0,-88.92,-102.65,1
2016-07-25_21:42:50.00,276.0,-82.94,-92.83,1
2016-07-25_21:42:50.00,278.0,-85.68,-88.81,1
2016-07-25_21:42:50.00,280.0,-86.25,-89.91,1
2016-07-25_21:42:50.00,282.0,-93.48,-99.7,1
2016-07-25_21:42:50.00,284.0,-83.26,-88.14,1
2016-07-25_21:42:50.00,286.0,-84.07,-93.91,1
2016-07-25_21:42:50.00,288.0,-84.62,-93.33,1
2016-07-25_21:42:50.00,290.0,-90.74,-105.66,1
2016-07-25_21:42:50.00,292.0,-88.36,-86.9,2
2016-07-25_21:42:50.00,294.0,-83.99,-82.9,2
2016-07-25_21:42:50.00,296.0,-81.85,-86.21,1
2016-07-25_21:42:50.00,298.0,-86.81,-95.85,1
2016-07-25_21:42:50.00,300.0,-90.71,-93.32,2
2016-07-25_21:42:50.00,302.0,-82.27,-88.01,1
2016-07-25_21:42:50.00,304.0,-85.8,-93.78,1
2016-07-25_21:42:50.00,306.0,-79.5,-87.38,1
2016-07-25_21:42:50.00,308.0,-81.57,-88.05,1
2016-07-25_21:42:50.00,310.0,-78.13,-84.54,1
2016-07-25_21:42:50.00,312.0,-78.62,-84.27,1
2016-07-25_21:42:50.00,314.0,-82.18,-79.46,2
2016-07-25_21:42:50.00,316.0,-81.45,-80.94,2
2016-07-25_21:42:50.00,318.0,-78.55,-85.68,1
2016-07-25_21:42:50.00,320.0,-82.29,-87.16,1
2016-07-25_21:42:50.00,322.0,-82.18,-87.0,1
2016-07-25_21:42:50.00,324.0,-80.34,-81.23,2
2016-07-25_21:42:50.00,326.0,-83.78,-90.0,1
2016-07-25_21:42:50.00,328.0,-76.42,-79.58,1
2016-07-25_21:42:50.00,330.0,-79.39,-82.1,2
2016-07-25_21:42:50.00,332.0,-77.74,-81.3,1
2016-07-25_21:42:50.00,334.0,-71.08,-77.11,1
2016-07-25_21:42:50.00,336.0,-70.81,-74.53,1
2016-07-25_21:42:50.00,338.0,-72.61,-78.6,1
2016-07-25_21:42:50.00,340.0,-77.21,-79.36,2
2016-07-25_21:42:50.00,342.0,-65.47,-78.14,1
2016-07-25_21:42:50.00,344.0,-66.64,-76.96,1
2016-07-25_21:42:50.00,346.0,-68.6,-76.23,1
2016-07-25_21:42:50.00,348.0,-67.83,-79.45,1
2016-07-25_21:42:50.00,350.0,-71.03,-70.51,2
2016-07-25_21:42:50.00,352.0,-70.39,-77.35,1
2016-07-25_21:42:50.00,354.0,-71.52,-75.72,1
2016-07-25_21:42:50.00,356.0,-70.56,-74.15,1
2016-07-25_21:42:50.00,358.0,-68.25,-70.81,2
2016-07-25_21:42:50.00,360.0,-71.94,-72.23,2
2016-07-25_21:42:50.00,362.0,-70.83,-71.81,2
2016-07-25_21:42:50.00,364.0,-75.0,-72.16,2
2016-07-25_21:42:50.00,366.0,-69.75,-76.82,1
2016-07-25_21:42:50.00,368.0,-70.44,-73.13,2
2016-07-25_21:42:50.00,370.0,-70.78,-76.54,1
2016-07-25_21:42:50.00,372.0,-64.54,-71.06,1
2016-07-25_21:42:50.00,374.0,-68.22,-71.31,1
2016-07-25_21:42:50.00,376.0,-70.61,-70.62,2
2016-07-25_21:42:50.00,378.0,-70.11,-70.88,2
2016-07-25_21:42:50.00,380.0,-67.94,-72.21,1
