DateTime,depth_m,18kHz_Sv,38kHz_Sv,code
2016-07-07_19:49:00.00,448.0,-76.54,-65.64,3
2016-07-07_19:49:00.00,450.0,-73.72,-61.91,3
2016-07-07_19:49:00.00,452.0,-73.74,-69.43,3
2016-07-07_19:49:00.00,454.0,-73.52,-62.94,3
2016-07-07_19:49:00.00,456.0,-76.69,-64.1,3
2016-07-07_19:49:00.00,458.0,-68.64,-64.29,3
2016-07-07_19:49:00.00,460.0,-70.34,-72.16,2
2016-07-07_19:49:00.00,462.0,-73.05,-65.05,3
2016-07-07_19:49:00.00,464.0,-73.73,-69.03,3
2016-07-07_19:49:00.00,466.0,-72.03,-71.15,2
2016-07-07_19:49:00.00,468.0,-68.26,-67.86,2
2016-07-07_19:49:00.00,470.0,-69.98,-72.14,2
2016-07-07_19:49:00.00,472.0,-72.71,-65.87,3
2016-07-07_19:49:00.00,474.0,-74.13,-70.33,3
2016-07-07_19:49:00.00,476.0,-71.74,-73.67,2
2016-07-07_19:49:00.00,478.0,-74.45,-68.11,3
2016-07-07_19:49:00.00,480.0,-71.99,-70.64,2
2016-07-07_19:49:00.00,482.0,-71.69,-67.01,3
2016-07-07_19:49:00.00,484.0,-73.21,-71.25,2
2016-07-07_19:49:00.00,486.0,-74.26,-65.44,3
2016-07-07_19:49:00.00,488.0,-74.38,-68.65,3
2016-07-07_19:49:00.00,490.0,-70.93,-66.51,3
2016-07-07_19:49:00.00,492.0,-75.95,-67.68,3
2016-07-07_19:49:00.00,494.0,-66.9,-61.96,3
2016-07-07_19:49:00.00,496.0,-68.91,-68.07,2
2016-07-07_19:49:00.00,498.0,-71.64,-67.43,3
2016-07-07_19:49:00.00,500.0,-67.67,-63.94,3
2016-07-07_19:49:00.00,502.0,-71.34,-62.11,3
2016-07-07_19:49:00.00,504.0,-68.4,-63.78,3
2016-07-07_19:49:00.00,506.0,-69.85,-66.62,3
2016-07-07_19:49:00.00,508.0,-71.5,-64.7,3
2016-07-07_19:49:00.00,510.0,-74.02,-70.73,3
2016-07-07_19:49:00.00,512.0,-71.48,-67.28,3
2016-07-07_19:49:00.00,514.0,-73.44,-69.41,3
2016-07-07_19:49:00.00,516.0,-75.49,-67.32,3
2016-07-07_19:49:00.00,518.0,-72.97,-64.96,3
2016-07-07_19:49:00.00,520.0,-72.8,-72.55,2
2016-07-07_19:49:00.00,522.0,-71.1,-71.37,2
2016-07-07_19:49:00.00,524.0,-70.51,-69.98,2
2016-07-07_19:49:00.00,526.0,-67.61,-68.3,2
2016-07-07_19:49:00.00,528.0,-74.31,-67.16,3
2016-07-07_19:49:00.00,530.0,-72.82,-66.11,3
2016-07-07_19:49:10.00,446.0,-74.25,-67.13,3
2016-07-07_19:49:10.00,448.0,-74.99,-66.13,3
2016-07-07_19:49:10.00,450.0,-75.93,-66.6,3
2016-07-07_19:49:10.00,452.0,-72.19,-61.96,3
2016-07-07_19:49:10.00,454.0,-70.76,-68.99,2
2016-07-07_19:49:10.00,456.0,-72.0,-68.68,3
2016-07-07_19:49:10.00,458.0,-74.63,-66.94,3
2016-07-07_19:49:10.00,460.0,-72.71,-68.78,3
2016-07-07_19:49:10.00,462.0,-73.44,-71.7,2
2016-07-07_19:49:10.00,464.0,-70.54,-72.15,2
2016-07-07_19:49:10.00,466.0,-75.07,-67.84,3
2016-07-07_19:49:10.00,468.0,-69.13,-71.4,2
2016-07-07_19:49:10.00,470.0,-72.53,-68.86,3
2016-07-07_19:49:10.00,472.0,-75.18,-68.71,3
2016-07-07_19:49:10.00,474.0,-71.88,-70.09,2
2016-07-07_19:49:10.00,476.0,-73.28,-67.87,3
2016-07-07_19:49:10.00,478.0,-74.35,-69.04,3
2016-07-07_19:49:10.00,480.0,-74.43,-66.07,3
2016-07-07_19:49:10.00,482.0,-71.71,-69.3,2
2016-07-07_19:49:10.00,484.0,-72.07,-67.26,3
2016-07-07_19:49:10.00,486.0,-73.18,-65.88,3
2016-07-07_19:49:10.00,488.0,-73.83,-65.99,3
2016-07-07_19:49:10.00,490.0,-71.7,-67.85,3
2016-07-07_19:49:10.00,492.0,-68.54,-63.96,3
2016-07-07_19:49:10.00,494.0,-71.86,-65.0,3
2016-07-07_19:49:10.00,496.0,-66.22,-66.64,2
2016-07-07_19:49:10.00,498.0,-70.49,-65.98,3
2016-07-07_19:49:10.00,500.0,-70.73,-65.26,3
2016-07-07_19:49:10.00,502.0,-69.78,-64.65,3
2016-07-07_19:49:10.00,504.0,-72.17,-63.3,3
2016-07-07_19:49:10.00,506.0,-68.51,-64.97,3
2016-07-07_19:49:10.00,508.0,-73.76,-66.7,3
2016-07-07_19:49:10.00,510.0,-73.27,-65.52,3
2016-07-07_19:49:10.00,512.0,-72.24,-66.22,3
2016-07-07_19:49:20.00,444.0,-74.08,-71.49,2
2016-07-07_19:49:20.00,446.0,-72.26,-73.9,2
2016-07-07_19:49:20.00,448.0,-75.18,-73.52,2
2016-07-07_19:49:20.00,450.0,-72.97,-65.91,3
2016-07-07_19:49:20.00,452.0,-73.18,-65.88,3
2016-07-07_19:49:20.00,454.0,-70.16,-62.35,3
2016-07-07_19:49:20.00,456.0,-77.23,-72.05,3
2016-07-07_19:49:20.00,458.0,-71.3,-65.73,3
2016-07-07_19:49:20.00,460.0,-76.65,-69.05,3
2016-07-07_19:49:20.00,462.0,-72.84,-68.27,3
2016-07-07_19:49:20.00,464.0,-75.1,-70.26,3
2016-07-07_19:49:20.00,466.0,-77.4,-65.32,3
2016-07-07_19:49:20.00,468.0,-77.73,-71.78,3
2016-07-07_19:49:20.00,470.0,-69.78,-65.82,3
2016-07-07_19:49:20.00,472.0,-71.2,-64.95,3
2016-07-07_19:49:20.00,474.0,-73.17,-67.1,3
2016-07-07_19:49:20.00,476.0,-72.3,-71.21,2
2016-07-07_19:49:20.00,478.0,-71.21,-69.94,2
2016-07-07_19:49:20.00,480.0,-70.1,-69.43,2
2016-07-07_19:49:20.00,482.0,-74.75,-75.81,2
2016-07-07_19:49:20.00,484.0,-77.46,-74.03,3
2016-07-07_19:49:20.00,486.0,-72.24,-64.36,3
2016-07-07_19:49:20.00,488.0,-74.95,-68.27,3
2016-07-07_19:49:20.00,490.0,-69.85,-65.34,3
2016-07-07_19:49:20.00,492.0,-73.77,-66.86,3
2016-07-07_19:49:20.00,494.0,-70.69,-68.52,2
2016-07-07_19:49:20.00,496.0,-72.59,-74.1,2
2016-07-07_19:49:30.00,436.0,-72.2,-73.67,2
2016-07-07_19:49:30.00,438.0,-73.85,-73.57,2
2016-07-07_19:49:30.00,440.0,-74.47,-70.95,3
2016-07-07_19:49:30.00,442.0,-78.52,-69.74,3
2016-07-07_19:49:30.00,444.0,-74.11,-68.43,3
2016-07-07_19:49:30.00,446.0,-75.53,-71.78,3
2016-07-07_19:49:30.00,448.0,-73.43,-65.56,3
2016-07-07_19:49:30.00,450.0,-73.56,-71.95,2
2016-07-07_19:49:30.00,452.0,-69.5,-73.86,1
2016-07-07_19:49:30.00,454.0,-71.65,-63.53,3
2016-07-07_19:49:30.00,456.0,-71.88,-65.48,3
2016-07-07_19:49:30.00,458.0,-68.95,-65.38,3
2016-07-07_19:49:30.00,460.0,-77.7,-67.95,3
2016-07-07_19:49:30.00,462.0,-77.47,-64.97,3
2016-07-07_19:49:30.00,464.0,-73.85,-68.89,3
2016-07-07_19:49:30.00,466.0,-71.57,-64.48,3
2016-07-07_19:49:30.00,468.0,-74.33,-69.31,3
2016-07-07_19:49:30.00,470.0,-74.79,-67.3,3
2016-07-07_19:49:30.00,472.0,-71.83,-69.86,2
2016-07-07_19:49:30.00,474.0,-71.17,-68.04,3
2016-07-07_19:49:30.00,476.0,-71.47,-73.54,2
2016-07-07_19:49:40.00,434.0,-74.26,-72.42,2
2016-07-07_19:49:40.00,436.0,-69.79,-69.51,2
2016-07-07_19:49:40.00,438.0,-70.9,-71.42,2
2016-07-07_19:49:40.00,440.0,-70.69,-72.76,2
2016-07-07_19:49:40.00,442.0,-76.76,-71.81,3
2016-07-07_19:49:40.00,444.0,-70.62,-72.19,2
2016-07-07_19:49:40.00,446.0,-80.42,-69.48,3
2016-07-07_19:49:40.00,448.0,-74.86,-71.48,3
2016-07-07_19:49:40.00,450.0,-71.48,-67.88,3
2016-07-07_19:49:40.00,452.0,-71.79,-75.9,1
2016-07-07_19:49:40.00,454.0,-73.34,-62.6,3
2016-07-07_19:49:40.00,456.0,-73.76,-65.51,3
2016-07-07_19:49:40.00,458.0,-74.78,-64.66,3
2016-07-07_19:49:40.00,460.0,-72.25,-65.96,3
2016-07-07_19:49:40.00,462.0,-73.86,-66.97,3
2016-07-07_19:49:40.00,464.0,-74.65,-69.12,3
2016-07-07_19:49:40.00,466.0,-76.16,-65.63,3
2016-07-07_19:49:40.00,468.0,-70.33,-65.83,3
2016-07-07_19:49:40.00,470.0,-75.68,-65.78,3
2016-07-07_19:49:40.00,472.0,-70.74,-67.79,2
2016-07-07_19:49:40.00,474.0,-70.31,-69.61,2
2016-07-07_19:49:50.00,428.0,-74.84,-73.68,2
2016-07-07_19:49:50.00,430.0,-74.55,-74.13,2
2016-07-07_19:49:50.00,432.0,-75.17,-74.11,2
2016-07-07_19:49:50.00,434.0,-73.13,-71.66,2
2016-07-07_19:49:50.00,436.0,-68.71,-69.39,2
2016-07-07_19:49:50.00,438.0,-71.44,-67.42,3
2016-07-07_19:49:50.00,440.0,-68.74,-69.14,2
2016-07-07_19:49:50.00,442.0,-74.19,-72.82,2
2016-07-07_19:49:50.00,444.0,-71.05,-69.77,2
2016-07-07_19:49:50.00,446.0,-71.17,-67.5,3
2016-07-07_19:49:50.00,448.0,-73.27,-69.08,3
2016-07-07_19:49:50.00,450.0,-77.1,-69.4,3
2016-07-07_19:49:50.00,452.0,-75.95,-66.98,3
2016-07-07_19:49:50.00,454.0,-72.0,-68.13,3
2016-07-07_19:49:50.00,456.0,-73.39,-64.22,3
2016-07-07_19:49:50.00,458.0,-71.28,-67.19,3
2016-07-07_19:49:50.00,460.0,-72.78,-64.42,3
2016-07-07_19:49:50.00,462.0,-71.74,-68.2,3
2016-07-07_19:49:50.00,464.0,-69.98,-67.68,2
2016-07-07_19:49:50.00,466.0,-71.5,-67.75,3
2016-07-07_19:50:00.00,422.0,-68.17,-75.31,1
2016-07-07_19:50:00.00,424.0,-72.9,-76.15,1
2016-07-07_19:50:00.00,426.0,-71.88,-74.36,2
2016-07-07_19:50:00.00,428.0,-72.32,-77.55,1
2016-07-07_19:50:00.00,430.0,-68.54,-75.08,1
2016-07-07_19:50:00.00,432.0,-69.92,-73.87,1
2016-07-07_19:50:00.00,434.0,-72.55,-79.11,1
2016-07-07_19:50:00.00,436.0,-71.38,-75.13,1
2016-07-07_19:50:00.00,438.0,-68.22,-65.98,2
2016-07-07_19:50:00.00,440.0,-72.08,-73.97,2
2016-07-07_19:50:00.00,442.0,-69.5,-77.29,1
2016-07-07_19:50:00.00,444.0,-73.71,-72.91,2
2016-07-07_19:50:00.00,446.0,-70.45,-69.91,2
2016-07-07_19:50:00.00,448.0,-72.34,-67.91,3
2016-07-07_19:50:00.00,450.0,-76.34,-69.91,3
2016-07-07_19:50:00.00,452.0,-71.65,-67.15,3
2016-07-07_19:50:00.00,454.0,-73.68,-72.48,2
2016-07-07_19:50:00.00,456.0,-74.81,-70.11,3
2016-07-07_19:50:00.00,458.0,-73.95,-65.3,3
2016-07-07_19:50:10.00,416.0,-70.88,-78.39,1
2016-07-07_19:50:10.00,418.0,-68.69,-78.65,1
2016-07-07_19:50:10.00,420.0,-71.52,-74.97,1
2016-07-07_19:50:10.00,422.0,-68.78,-81.74,1
2016-07-07_19:50:10.00,424.0,-70.49,-75.85,1
2016-07-07_19:50:10.00,426.0,-75.05,-73.59,2
2016-07-07_19:50:10.00,428.0,-68.9,-73.21,1
2016-07-07_19:50:10.00,430.0,-69.85,-78.79,1
2016-07-07_19:50:10.00,432.0,-70.67,-77.14,1
2016-07-07_19:50:10.00,434.0,-74.46,-74.93,2
2016-07-07_19:50:10.00,436.0,-73.19,-73.9,2
2016-07-07_19:50:10.00,438.0,-73.54,-70.57,2
2016-07-07_19:50:10.00,440.0,-73.11,-70.22,2
2016-07-07_19:50:10.00,442.0,-69.28,-67.65,2
2016-07-07_19:50:10.00,444.0,-71.19,-71.6,2
2016-07-07_19:50:10.00,446.0,-70.2,-68.08,2
2016-07-07_19:50:10.00,448.0,-77.12,-67.39,3
2016-07-07_19:50:10.00,450.0,-69.29,-69.04,2
2016-07-07_19:50:10.00,452.0,-72.33,-68.17,3
2016-07-07_19:50:20.00,412.0,-68.5,-75.86,1
2016-07-07_19:50:20.00,414.0,-69.06,-78.62,1
2016-07-07_19:50:20.00,416.0,-70.47,-75.79,1
2016-07-07_19:50:20.00,418.0,-67.24,-78.54,1
2016-07-07_19:50:20.00,420.0,-70.05,-74.0,1
2016-07-07_19:50:20.00,422.0,-75.49,-76.94,2
2016-07-07_19:50:20.00,424.0,-72.07,-76.63,1
2016-07-07_19:50:20.00,426.0,-74.49,-74.15,2
2016-07-07_19:50:20.00,428.0,-67.82,-70.35,2
2016-07-07_19:50:20.00,430.0,-71.49,-75.7,1
2016-07-07_19:50:20.00,432.0,-68.77,-71.43,2
2016-07-07_19:50:20.00,434.0,-69.6,-72.84,1
2016-07-07_19:50:20.00,436.0,-74.05,-69.96,3
2016-07-07_19:50:20.00,438.0,-69.06,-67.98,2
2016-07-07_19:50:20.00,440.0,-69.98,-71.07,2
2016-07-07_19:50:20.00,442.0,-69.77,-72.03,2
2016-07-07_19:50:20.00,444.0,-73.38,-67.18,3
2016-07-07_19:50:20.00,446.0,-76.18,-67.66,3
2016-07-07_19:50:20.00,448.0,-75.18,-70.19,3
2016-07-07_19:50:20.00,450.0,-68.12,-69.1,2
2016-07-07_19:50:30.00,402.0,-65.92,-78.56,1
2016-07-07_19:50:30.00,404.0,-71.05,-75.79,1
2016-07-07_19:50:30.00,406.0,-67.6,-76.25,1
2016-07-07_19:50:30.00,408.0,-70.73,-76.14,1
2016-07-07_19:50:30.00,410.0,-69.04,-78.36,1
2016-07-07_19:50:30.00,412.0,-69.62,-75.45,1
2016-07-07_19:50:30.00,414.0,-71.85,-78.63,1
2016-07-07_19:50:30.00,416.0,-74.53,-77.44,2
2016-07-07_19:50:30.00,418.0,-69.57,-75.89,1
2016-07-07_19:50:30.00,420.0,-70.35,-77.51,1
2016-07-07_19:50:30.00,422.0,-71.18,-77.27,1
2016-07-07_19:50:30.00,424.0,-75.33,-76.84,2
2016-07-07_19:50:30.00,426.0,-71.3,-75.24,1
2016-07-07_19:50:30.00,428.0,-68.03,-73.81,1
2016-07-07_19:50:30.00,430.0,-70.32,-71.46,2
2016-07-07_19:50:30.00,432.0,-75.66,-73.56,2
2016-07-07_19:50:30.00,434.0,-71.21,-73.21,2
2016-07-07_19:50:30.00,436.0,-72.83,-71.33,2
2016-07-07_19:50:30.00,438.0,-68.75,-68.5,2
2016-07-07_19:50:30.00,440.0,-70.1,-72.8,2
2016-07-07_19:50:40.00,394.0,-71.37,-78.66,1
2016-07-07_19:50:40.00,396.0,-69.38,-80.7,1
2016-07-07_19:50:40.00,398.0,-71.86,-74.86,2
2016-07-07_19:50:40.00,400.0,-71.45,-76.54,1
2016-07-07_19:50:40.00,402.0,-71.21,-75.03,1
2016-07-07_19:50:40.00,404.0,-71.88,-77.15,1
2016-07-07_19:50:40.00,406.0,-68.49,-78.98,1
2016-07-07_19:50:40.00,408.0,-71.67,-77.25,1
2016-07-07_19:50:40.00,410.0,-68.67,-81.66,1
2016-07-07_19:50:40.00,412.0,-71.8,-80.3,1
2016-07-07_19:50:40.00,414.0,-73.24,-71.77,2
2016-07-07_19:50:40.00,416.0,-74.38,-72.69,2
2016-07-07_19:50:40.00,418.0,-72.33,-74.68,2
2016-07-07_19:50:40.00,420.0,-75.08,-76.97,2
2016-07-07_19:50:40.00,422.0,-74.62,-77.88,1
2016-07-07_19:50:40.00,424.0,-73.2,-75.67,2
2016-07-07_19:50:40.00,426.0,-71.37,-73.16,2
2016-07-07_19:50:40.00,428.0,-73.22,-74.84,2
2016-07-07_19:50:40.00,430.0,-68.54,-68.75,2
2016-07-07_19:50:40.00,432.0,-74.43,-74.4,2
2016-07-07_19:50:50.00,388.0,-65.23,-77.43,1
2016-07-07_19:50:50.00,390.0,-71.52,-77.42,1
2016-07-07_19:50:50.00,392.0,-66.77,-82.48,1
2016-07-07_19:50:50.00,394.0,-72.08,-78.47,1
2016-07-07_19:50:50.00,396.0,-67.77,-78.87,1
2016-07-07_19:50:50.00,398.0,-68.58,-80.72,1
2016-07-07_19:50:50.00,400.0,-69.07,-76.35,1
2016-07-07_19:50:50.00,402.0,-66.71,-82.74,1
2016-07-07_19:50:50.00,404.0,-71.96,-77.79,1
2016-07-07_19:50:50.00,406.0,-68.15,-75.65,1
2016-07-07_19:50:50.00,408.0,-68.44,-80.15,1
2016-07-07_19:50:50.00,410.0,-72.74,-80.81,1
2016-07-07_19:50:50.00,412.0,-68.18,-76.14,1
2016-07-07_19:50:50.00,414.0,-72.55,-78.68,1
2016-07-07_19:50:50.00,416.0,-72.61,-73.89,2
2016-07-07_19:50:50.00,418.0,-69.58,-75.58,1
2016-07-07_19:50:50.00,420.0,-68.45,-79.76,1
2016-07-07_19:50:50.00,422.0,-70.35,-72.91,2
2016-07-07_19:50:50.00,424.0,-74.13,-77.59,1
2016-07-07_19:50:50.00,426.0,-67.38,-73.68,1
2016-07-07_19:50:50.00,428.0,-70.08,-72.64,2
2016-07-07_19:51:00.00,384.0,-73.53,-75.37,2
2016-07-07_19:51:00.00,386.0,-69.84,-77.23,1
2016-07-07_19:51:00.00,388.0,-69.74,-78.65,1
2016-07-07_19:51:00.00,390.0,-69.23,-77.64,1
2016-07-07_19:51:00.00,392.0,-69.87,-76.24,1
2016-07-07_19:51:00.00,394.0,-73.2,-73.26,2
2016-07-07_19:51:00.00,396.0,-71.78,-77.7,1
2016-07-07_19:51:00.00,398.0,-72.13,-83.64,1
2016-07-07_19:51:00.00,400.0,-68.45,-76.82,1
2016-07-07_19:51:00.00,402.0,-67.65,-77.66,1
2016-07-07_19:51:00.00,404.0,-68.84,-79.98,1
2016-07-07_19:51:00.00,406.0,-67.71,-84.34,1
2016-07-07_19:51:00.00,408.0,-68.8,-76.0,1
2016-07-07_19:51:00.00,410.0,-70.32,-80.23,1
2016-07-07_19:51:00.00,412.0,-71.82,-81.4,1
2016-07-07_19:51:00.00,414.0,-70.22,-75.4,1
2016-07-07_19:51:00.00,416.0,-70.9,-76.78,1
2016-07-07_19:51:00.00,418.0,-75.6,-74.92,2
2016-07-07_19:51:00.00,420.0,-71.43,-74.58,1
2016-07-07_19:51:00.00,422.0,-75.17,-79.97,1
2016-07-07_19:51:10.00,372.0,-75.73,-75.03,2
2016-07-07_19:51:10.00,374.0,-75.48,-79.65,1
2016-07-07_19:51:10.00,376.0,-75.26,-79.0,1
2016-07-07_19:51:10.00,378.0,-72.94,-78.92,1
2016-07-07_19:51:10.00,380.0,-70.44,-76.04,1
2016-07-07_19:51:10.00,382.0,-71.01,-76.24,1
2016-07-07_19:51:10.00,384.0,-69.49,-73.8,1
2016-07-07_19:51:10.00,386.0,-72.13,-72.71,2
2016-07-07_19:51:10.00,388.0,-68.34,-75.57,1
2016-07-07_19:51:10.00,390.0,-67.38,-75.52,1
2016-07-07_19:51:10.00,392.0,-68.79,-80.58,1
2016-07-07_19:51:10.00,394.0,-69.27,-76.96,1
2016-07-07_19:51:10.00,396.0,-70.62,-77.05,1
2016-07-07_19:51:10.00,398.0,-67.45,-77.14,1
2016-07-07_19:51:10.00,400.0,-68.52,-77.33,1
2016-07-07_19:51:10.00,402.0,-70.8,-74.5,1
2016-07-07_19:51:10.00,404.0,-68.77,-76.77,1
2016-07-07_19:51:10.00,406.0,-67.75,-75.24,1
2016-07-07_19:51:10.00,408.0,-68.79,-78.1,1
2016-07-07_19:51:10.00,410.0,-69.09,-77.17,1
2016-07-07_19:51:20.00,364.0,-77.71,-75.85,2
2016-07-07_19:51:20.00,366.0,-82.03,-73.91,3
2016-07-07_19:51:20.00,368.0,-74.66,-77.62,2
2016-07-07_19:51:20.00,370.0,-78.16,-76.81,2
2016-07-07_19:51:20.00,372.0,-76.41,-78.95,2
2016-07-07_19:51:20.00,374.0,-75.95,-77.33,2
2016-07-07_19:51:20.00,376.0,-74.72,-75.31,2
2016-07-07_19:51:20.00,378.0,-76.16,-73.29,2
2016-07-07_19:51:20.00,380.0,-68.58,-75.3,1
2016-07-07_19:51:20.00,382.0,-69.87,-80.3,1
2016-07-07_19:51:20.00,384.0,-70.62,-79.64,1
2016-07-07_19:51:20.00,386.0,-68.61,-75.31,1
2016-07-07_19:51:20.00,388.0,-72.12,-79.67,1
2016-07-07_19:51:20.00,390.0,-70.89,-77.94,1
2016-07-07_19:51:20.00,392.0,-69.87,-78.91,1
2016-07-07_19:51:20.00,394.0,-72.21,-79.27,1
2016-07-07_19:51:20.00,396.0,-66.08,-77.37,1
2016-07-07_19:51:20.00,398.0,-67.6,-81.48,1
2016-07-07_19:51:20.00,400.0,-65.48,-76.5,1
2016-07-07_19:51:20.00,402.0,-68.99,-74.27,1
2016-07-07_19:51:20.00,404.0,-68.75,-78.79,1
2016-07-07_19:51:30.00,366.0,-80.62,-74.23,3
2016-07-07_19:51:30.00,368.0,-78.49,-77.65,2
2016-07-07_19:51:30.00,370.0,-78.86,-75.95,2
2016-07-07_19:51:30.00,372.0,-73.74,-75.41,2
2016-07-07_19:51:30.00,374.0,-76.6,-76.61,2
2016-07-07_19:51:30.00,376.0,-73.99,-77.61,1
2016-07-07_19:51:30.00,378.0,-70.68,-80.64,1
2016-07-07_19:51:30.00,380.0,-66.91,-78.67,1
2016-07-07_19:51:30.00,382.0,-75.07,-74.97,2
2016-07-07_19:51:30.00,384.0,-74.29,-72.82,2
2016-07-07_19:51:30.00,386.0,-67.63,-76.77,1
2016-07-07_19:51:30.00,388.0,-68.0,-72.11,1
2016-07-07_19:51:30.00,390.0,-71.1,-78.29,1
2016-07-07_19:51:30.00,392.0,-66.32,-78.7,1
2016-07-07_19:51:30.00,394.0,-69.18,-81.05,1
2016-07-07_19:51:30.00,396.0,-76.95,-79.51,2
2016-07-07_19:51:30.00,398.0,-71.45,-80.68,1
2016-07-07_19:51:30.00,400.0,-69.71,-78.53,1
2016-07-07_19:51:30.00,402.0,-65.38,-72.03,1
2016-07-07_19:51:30.00,404.0,-65.61,-76.08,1
2016-07-07_19:51:40.00,368.0,-81.55,-74.77,3
2016-07-07_19:51:40.00,370.0,-78.87,-75.26,3
2016-07-07_19:51:40.00,372.0,-80.63,-71.95,3
2016-07-07_19:51:40.00,374.0,-79.41,-76.54,2
2016-07-07_19:51:40.00,376.0,-81.04,-75.18,3
2016-07-07_19:51:40.00,378.0,-74.83,-79.79,1
2016-07-07_19:51:40.00,380.0,-69.44,-75.92,1
2016-07-07_19:51:40.00,382.0,-74.34,-77.9,1
2016-07-07_19:51:40.00,384.0,-71.77,-77.16,1
2016-07-07_19:51:40.00,386.0,-70.0,-81.3,1
2016-07-07_19:51:40.00,388.0,-69.65,-75.05,1
2016-07-07_19:51:40.00,390.0,-71.92,-76.42,1
2016-07-07_19:51:40.00,392.0,-68.98,-77.83,1
2016-07-07_19:51:40.00,394.0,-66.1,-87.5,1
2016-07-07_19:51:40.00,396.0,-70.89,-78.9,1
2016-07-07_19:51:40.00,398.0,-69.53,-74.67,1
2016-07-07_19:51:40.00,400.0,-69.88,-75.03,1
2016-07-07_19:51:40.00,402.0,-67.75,-78.39,1
2016-07-07_19:51:40.00,404.0,-67.81,-79.36,1
2016-07-07_19:51:40.00,406.0,-69.36,-76.8,1
2016-07-07_19:51:50.00,376.0,-74.22,-78.66,1
2016-07-07_19:51:50.00,378.0,-78.78,-77.86,2
2016-07-07_19:51:50.00,380.0,-73.15,-79.04,1
2016-07-07_19:51:50.00,382.0,-76.55,-77.51,2
2016-07-07_19:51:50.00,384.0,-73.58,-76.37,2
2016-07-07_19:51:50.00,386.0,-70.3,-75.28,1
2016-07-07_19:51:50.00,388.0,-69.31,-79.77,1
2016-07-07_19:51:50.00,390.0,-72.81,-74.8,2
2016-07-07_19:51:50.00,392.0,-67.27,-77.04,1
2016-07-07_19:51:50.00,394.0,-68.31,-79.33,1
2016-07-07_19:51:50.00,396.0,-66.4,-75.63,1
2016-07-07_19:51:50.00,398.0,-68.69,-79.8,1
2016-07-07_19:51:50.00,400.0,-71.29,-75.78,1
2016-07-07_19:51:50.00,402.0,-70.52,-76.53,1
2016-07-07_19:51:50.00,404.0,-65.47,-76.03,1
2016-07-07_19:51:50.00,406.0,-67.84,-75.05,1
2016-07-07_19:51:50.00,408.0,-68.0,-73.66,1
2016-07-07_19:51:50.00,410.0,-68.91,-76.92,1
2016-07-07_19:51:50.00,412.0,-68.78,-77.78,1
2016-07-07_19:51:50.00,414.0,-68.5,-79.74,1
2016-07-07_19:51:50.00,416.0,-69.02,-75.22,1
2016-07-07_19:51:50.00,418.0,-69.08,-74.97,1
2016-07-07_19:52:00.00,402.0,-68.99,-80.23,1
2016-07-07_19:52:00.00,404.0,-68.72,-77.18,1
2016-07-07_19:52:00.00,406.0,-73.12,-78.54,1
2016-07-07_19:52:00.00,408.0,-69.86,-74.24,1
2016-07-07_19:52:00.00,410.0,-66.66,-72.74,1
2016-07-07_19:52:00.00,412.0,-71.68,-74.64,2
2016-07-07_19:52:00.00,414.0,-68.78,-78.25,1
2016-07-07_19:52:00.00,416.0,-70.42,-75.32,1
2016-07-07_19:52:00.00,418.0,-69.0,-79.31,1
2016-07-07_19:52:00.00,420.0,-71.72,-75.31,1
2016-07-07_19:52:00.00,422.0,-74.94,-74.88,2
2016-07-07_19:52:00.00,424.0,-76.69,-73.47,3
2016-07-07_19:52:00.00,426.0,-72.05,-79.28,1
2016-07-07_19:52:00.00,428.0,-74.22,-76.53,2
2016-07-07_19:52:00.00,430.0,-67.24,-78.71,1
2016-07-07_19:52:00.00,432.0,-68.81,-74.9,1
2016-07-07_19:52:00.00,434.0,-70.59,-73.63,1
2016-07-07_19:52:00.00,436.0,-73.37,-75.22,2
2016-07-07_19:52:00.00,438.0,-73.04,-75.1,2
2016-07-07_19:52:00.00,440.0,-73.03,-72.93,2
2016-07-07_19:52:00.00,442.0,-75.47,-71.49,3
2016-07-07_19:52:00.00,444.0,-68.86,-74.13,1
2016-07-07_19:52:10.00,442.0,-71.68,-73.54,2
2016-07-07_19:52:10.00,444.0,-72.37,-71.09,2
2016-07-07_19:52:10.00,446.0,-72.54,-64.03,3
2016-07-07_19:52:10.00,448.0,-72.94,-70.92,2
2016-07-07_19:52:10.00,450.0,-69.82,-66.93,2
2016-07-07_19:52:10.00,452.0,-74.24,-67.13,3
2016-07-07_19:52:10.00,454.0,-74.25,-66.6,3
2016-07-07_19:52:10.00,456.0,-72.79,-67.12,3
2016-07-07_19:52:10.00,458.0,-74.12,-67.86,3
2016-07-07_19:52:10.00,460.0,-73.7,-64.85,3
2016-07-07_19:52:10.00,462.0,-76.54,-66.74,3
2016-07-07_19:52:10.00,464.0,-71.37,-58.99,3
2016-07-07_19:52:10.00,466.0,-70.12,-62.03,3
2016-07-07_19:52:10.00,468.0,-71.85,-64.71,3
2016-07-07_19:52:10.00,470.0,-71.47,-64.11,3
2016-07-07_19:52:10.00,472.0,-73.61,-66.85,3
2016-07-07_19:52:10.00,474.0,-77.61,-69.1,3
2016-07-07_19:52:10.00,476.0,-75.79,-69.99,3
2016-07-07_19:52:10.00,478.0,-68.53,-63.0,3
2016-07-07_19:52:10.00,480.0,-72.14,-67.34,3
2016-07-07_19:52:10.00,482.0,-72.3,-69.43,2
2016-07-07_19:52:10.00,484.0,-68.52,-63.63,3
2016-07-07_19:52:20.00,502.0,-73.65,-65.15,3
2016-07-07_19:52:20.00,504.0,-76.89,-68.01,3
2016-07-07_19:52:20.00,506.0,-74.14,-69.4,3
2016-07-07_19:52:20.00,508.0,-69.59,-66.43,3
2016-07-07_19:52:20.00,510.0,-68.72,-68.98,2
2016-07-07_19:52:20.00,512.0,-71.59,-68.25,3
2016-07-07_19:52:20.00,514.0,-72.57,-73.08,2
2016-07-07_19:52:20.00,516.0,-70.56,-64.31,3
2016-07-07_19:52:20.00,518.0,-73.8,-67.57,3
2016-07-07_19:52:20.00,520.0,-68.71,-65.56,3
2016-07-07_19:52:20.00,522.0,-77.26,-68.06,3
2016-07-07_19:52:20.00,524.0,-76.04,-65.5,3
2016-07-07_19:52:20.00,526.0,-71.72,-71.58,2
2016-07-07_19:52:20.00,528.0,-72.87,-64.96,3
2016-07-07_19:52:20.00,530.0,-75.64,-67.1,3
2016-07-07_19:52:20.00,532.0,-74.04,-66.72,3
2016-07-07_19:52:20.00,534.0,-73.99,-71.65,2
2016-07-07_19:52:20.00,536.0,-74.41,-69.28,3
2016-07-07_19:52:20.00,538.0,-70.98,-69.28,2
2016-07-07_19:52:20.00,540.0,-77.0,-72.85,3
2016-07-07_19:52:20.00,542.0,-76.76,-64.25,3
2016-07-07_19:52:20.00,544.0,-70.79,-67.54,3
2016-07-07_19:52:30.00,548.0,-74.08,-67.11,3
2016-07-07_19:52:30.00,550.0,-76.29,-69.17,3
2016-07-07_19:52:30.00,552.0,-78.7,-68.85,3
2016-07-07_19:52:30.00,554.0,-82.56,-68.53,3
2016-07-07_19:52:30.00,556.0,-79.05,-67.17,3
2016-07-07_19:52:30.00,558.0,-80.9,-68.13,3
2016-07-07_19:52:30.00,560.0,-77.66,-68.12,3
2016-07-07_19:52:30.00,562.0,-78.31,-68.33,3
2016-07-07_19:52:30.00,564.0,-77.76,-68.83,3
2016-07-07_19:52:30.00,566.0,-78.08,-69.38,3
2016-07-07_19:52:30.00,568.0,-74.71,-70.25,3
2016-07-07_19:52:30.00,570.0,-78.25,-70.26,3
2016-07-07_19:52:30.00,572.0,-74.29,-69.2,3
2016-07-07_19:52:30.00,574.0,-77.55,-70.75,3
2016-07-07_19:52:30.00,576.0,-78.26,-75.06,3
2016-07-07_19:52:30.00,578.0,-78.9,-75.29,3
2016-07-07_19:52:30.00,580.0,-76.12,-73.18,2
2016-07-07_19:52:30.00,582.0,-76.63,-71.93,3
2016-07-07_19:52:30.00,584.0,-76.46,-75.8,2
2016-07-07_19:52:30.00,586.0,-77.58,-71.36,3
2016-07-07_19:52:30.00,588.0,-75.15,-75.68,2
2016-07-07_19:52:30.00,590.0,-74.35,-74.99,2
2016-07-07_19:52:30.00,592.0,-75.38,-75.78,2
2016-07-07_19:52:40.00,608.0,-80.79,-76.38,3
2016-07-07_19:52:40.00,610.0,-78.97,-73.26,3
2016-07-07_19:52:40.00,612.0,-79.79,-74.64,3
2016-07-07_19:52:40.00,614.0,-73.82,-78.88,1
2016-07-07_19:52:40.00,616.0,-78.97,-75.79,3
2016-07-07_19:52:40.00,618.0,-75.79,-79.32,1
2016-07-07_19:52:40.00,620.0,-79.65,-75.66,3
2016-07-07_19:52:40.00,622.0,-80.95,-81.9,2
2016-07-07_19:52:40.00,624.0,-81.16,-79.67,2
2016-07-07_19:52:40.00,626.0,-84.62,-76.01,3
2016-07-07_19:52:40.00,628.0,-81.12,-81.52,2
2016-07-07_19:52:40.00,630.0,-82.91,-83.12,2
2016-07-07_19:52:40.00,632.0,-80.06,-82.17,2
2016-07-07_19:52:40.00,634.0,-83.58,-74.44,3
2016-07-07_19:52:40.00,636.0,-79.57,-81.11,2
2016-07-07_19:52:40.00,638.0,-79.45,-78.26,2
2016-07-07_19:52:40.00,640.0,-81.06,-75.89,3
2016-07-07_19:52:40.00,642.0,-81.85,-84.6,2
2016-07-07_19:52:40.00,644.0,-77.74,-74.82,2
2016-07-07_19:52:40.00,646.0,-78.13,-77.17,2
2016-07-07_19:52:40.00,648.0,-79.07,-79.88,2
2016-07-07_19:52:50.00,700.0,-80.77,-76.43,3
2016-07-07_19:52:50.00,702.0,-84.69,-78.58,3
2016-07-07_19:52:50.00,704.0,-81.8,-77.83,3
2016-07-07_19:52:50.00,706.0,-74.83,-78.97,1
2016-07-07_19:52:50.00,708.0,-80.72,-79.44,2
2016-07-07_19:52:50.00,710.0,-82.78,-82.17,2
2016-07-07_19:52:50.00,712.0,-80.19,-86.47,1
2016-07-07_19:52:50.00,714.0,-78.03,-82.19,1
2016-07-07_19:52:50.00,716.0,-83.69,-84.1,2
2016-07-07_19:52:50.00,718.0,-80.52,-79.27,2
2016-07-07_19:52:50.00,720.0,-76.57,-83.92,1
2016-07-07_19:52:50.00,722.0,-77.59,-82.61,1
2016-07-07_19:52:50.00,724.0,-75.43,-83.11,1
2016-07-07_19:52:50.00,726.0,-77.87,-78.61,2
2016-07-07_19:52:50.00,728.0,-78.38,-82.94,1
2016-07-07_19:52:50.00,730.0,-78.81,-78.02,2
2016-07-07_19:52:50.00,732.0,-78.33,-79.87,2
2016-07-07_19:52:50.00,734.0,-76.46,-83.03,1
2016-07-07_19:52:50.00,736.0,-73.58,-82.33,1
2016-07-07_19:52:50.00,738.0,-76.4,-81.43,1
2016-07-07_19:53:00.00,744.0,-77.51,-83.2,1
2016-07-07_19:53:00.00,746.0,-76.29,-83.84,1
2016-07-07_19:53:00.00,748.0,-75.75,-83.32,1
2016-07-07_19:53:00.00,750.0,-74.55,-78.0,1
2016-07-07_19:53:00.00,752.0,-81.8,-85.95,1
2016-07-07_19:53:00.00,754.0,-74.91,-81.49,1
2016-07-07_19:53:00.00,756.0,-75.03,-84.0,1
2016-07-07_19:53:00.00,758.0,-78.61,-84.93,1
2016-07-07_19:53:00.00,760.0,-79.13,-79.52,2
2016-07-07_19:53:00.00,762.0,-79.55,-77.59,2
2016-07-07_19:53:00.00,764.0,-79.94,-82.97,1
2016-07-07_19:53:00.00,766.0,-80.5,-85.37,1
2016-07-07_19:53:00.00,768.0,-78.73,-85.82,1
2016-07-07_19:53:00.00,770.0,-83.53,-86.13,2
2016-07-07_19:53:00.00,772.0,-81.36,-83.07,2
2016-07-07_19:53:00.00,774.0,-79.74,-84.92,1
2016-07-07_19:53:00.00,776.0,-82.86,-84.49,2
2016-07-07_19:53:00.00,778.0,-80.36,-86.87,1
2016-07-07_19:53:00.00,780.0,-79.46,-80.74,2
2016-07-07_19:53:00.00,782.0,-91.59,-81.94,3
2016-07-07_19:53:00.00,784.0,-74.86,-84.18,1
2016-07-07_19:53:10.00,790.0,-78.85,-83.15,1
2016-07-07_19:53:10.00,792.0,-78.3,-85.2,1
2016-07-07_19:53:10.00,794.0,-80.17,-81.6,2
2016-07-07_19:53:10.00,796.0,-81.13,-83.3,2
2016-07-07_19:53:10.00,798.0,-80.79,-86.0,1
2016-07-07_19:53:10.00,800.0,-80.44,-81.51,2
2016-07-07_19:53:10.00,802.0,-79.95,-81.13,2
2016-07-07_19:53:10.00,804.0,-82.79,-79.89,2
2016-07-07_19:53:10.00,806.0,-84.32,-82.81,2
2016-07-07_19:53:10.00,808.0,-84.28,-85.74,2
2016-07-07_19:53:10.00,810.0,-80.05,-83.75,1
2016-07-07_19:53:10.00,812.0,-81.24,-82.11,2
2016-07-07_19:53:10.00,814.0,-81.4,-84.47,1
2016-07-07_19:53:10.00,816.0,-83.52,-83.78,2
2016-07-07_19:53:10.00,818.0,-83.85,-81.71,2
2016-07-07_19:53:10.00,820.0,-80.78,-83.39,2
2016-07-07_19:53:10.00,822.0,-81.59,-87.37,1
2016-07-07_19:53:10.00,824.0,-78.71,-81.79,1
2016-07-07_19:53:10.00,826.0,-77.72,-84.22,1
2016-07-07_19:53:10.00,828.0,-79.23,-86.91,1
2016-07-07_19:53:20.00,830.0,-81.09,-83.68,2
2016-07-07_19:53:20.00,832.0,-87.67,-89.55,2
2016-07-07_19:53:20.00,834.0,-81.4,-84.52,1
2016-07-07_19:53:20.00,836.0,-81.76,-86.45,1
2016-07-07_19:53:20.00,838.0,-80.87,-90.6,1
2016-07-07_19:53:20.00,840.0,-86.27,-83.21,3
2016-07-07_19:53:20.00,842.0,-83.85,-81.5,2
2016-07-07_19:53:20.00,844.0,-82.26,-84.73,2
2016-07-07_19:53:20.00,846.0,-82.73,-85.76,1
2016-07-07_19:53:20.00,848.0,-84.09,-85.59,2
2016-07-07_19:53:20.00,850.0,-81.82,-79.68,2
2016-07-07_19:53:20.00,852.0,-80.8,-84.64,1
2016-07-07_19:53:20.00,854.0,-85.45,-88.11,2
2016-07-07_19:53:20.00,856.0,-86.04,-88.47,2
2016-07-07_19:53:20.00,858.0,-80.7,-85.44,1
2016-07-07_19:53:20.00,860.0,-82.53,-85.54,1
2016-07-07_19:53:20.00,862.0,-87.53,-87.06,2
2016-07-07_19:53:20.00,864.0,-85.03,-85.83,2
2016-07-07_19:53:20.00,866.0,-85.06,-87.33,2
2016-07-07_19:53:20.00,868.0,-86.36,-87.79,2
2016-07-07_19:53:30.00,864.0,-86.11,-92.36,1
2016-07-07_19:53:30.00,866.0,-81.95,-85.31,1
2016-07-07_19:53:30.00,868.0,-83.0,-86.48,1
2016-07-07_19:53:30.00,870.0,-81.77,-88.51,1
2016-07-07_19:53:30.00,872.0,-87.77,-91.25,1
2016-07-07_19:53:30.00,874.0,-84.46,-88.88,1
2016-07-07_19:53:30.00,876.0,-84.91,-84.7,2
2016-07-07_19:53:30.00,878.0,-83.55,-91.76,1
2016-07-07_19:53:30.00,880.0,-86.81,-88.44,2
2016-07-07_19:53:30.00,882.0,-85.32,-84.14,2
2016-07-07_19:53:30.00,884.0,-82.27,-87.62,1
2016-07-07_19:53:30.00,886.0,-81.92,-86.93,1
2016-07-07_19:53:30.00,888.0,-83.05,-85.11,2
2016-07-07_19:53:30.00,890.0,-84.32,-83.59,2
2016-07-07_19:53:30.00,892.0,-83.88,-91.9,1
2016-07-07_19:53:30.00,894.0,-85.27,-84.68,2
2016-07-07_19:53:30.00,896.0,-87.16,-87.64,2
2016-07-07_19:53:30.00,898.0,-85.31,-79.82,3
2016-07-07_19:53:30.00,900.0,-84.38,-83.61,2
2016-07-07_19:53:30.00,902.0,-83.46,-84.01,2
2016-07-07_19:53:40.00,888.0,-84.56,-87.38,2
2016-07-07_19:53:40.00,890.0,-87.61,-87.93,2
2016-07-07_19:53:40.00,892.0,-86.52,-88.33,2
2016-07-07_19:53:40.00,894.0,-80.93,-88.21,1
2016-07-07_19:53:40.00,896.0,-83.83,-89.66,1
2016-07-07_19:53:40.00,898.0,-80.55,-83.92,1
2016-07-07_19:53:40.00,900.0,-80.67,-83.51,2
2016-07-07_19:53:40.00,902.0,-81.01,-88.73,1
2016-07-07_19:53:40.00,904.0,-83.31,-85.58,2
2016-07-07_19:53:40.00,906.0,-85.03,-88.41,1
2016-07-07_19:53:40.00,908.0,-82.07,-84.19,2
2016-07-07_19:53:40.00,910.0,-82.5,-90.59,1
2016-07-07_19:53:40.00,912.0,-80.02,-91.65,1
2016-07-07_19:53:40.00,914.0,-82.65,-85.89,1
2016-07-07_19:53:40.00,916.0,-86.16,-88.13,2
2016-07-07_19:53:40.00,918.0,-80.84,-83.32,2
2016-07-07_19:53:40.00,920.0,-78.28,-85.34,1
2016-07-07_19:53:40.00,922.0,-86.8,-87.66,2
2016-07-07_19:53:40.00,924.0,-80.05,-86.66,1
2016-07-07_19:53:40.00,926.0,-83.38,-89.86,1
2016-07-07_19:53:50.00,896.0,-80.62,-83.63,1
2016-07-07_19:53:50.00,898.0,-80.88,-80.22,2
2016-07-07_19:53:50.00,900.0,-80.36,-81.7,2
2016-07-07_19:53:50.00,902.0,-78.87,-86.35,1
2016-07-07_19:53:50.00,904.0,-82.29,-85.65,1
2016-07-07_19:53:50.00,906.0,-80.07,-85.72,1
2016-07-07_19:53:50.00,908.0,-82.6,-83.44,2
2016-07-07_19:53:50.00,910.0,-85.85,-84.64,2
2016-07-07_19:53:50.00,912.0,-84.83,-84.7,2
2016-07-07_19:53:50.00,914.0,-82.05,-87.28,1
2016-07-07_19:53:50.00,916.0,-80.83,-84.71,1
2016-07-07_19:53:50.00,918.0,-79.85,-90.45,1
2016-07-07_19:53:50.00,920.0,-80.97,-86.27,1
2016-07-07_19:53:50.00,922.0,-82.63,-85.55,2
2016-07-07_19:53:50.00,924.0,-82.0,-88.43,1
2016-07-07_19:53:50.00,926.0,-84.17,-86.98,2
2016-07-07_19:53:50.00,928.0,-79.52,-88.43,1
2016-07-07_19:53:50.00,930.0,-80.11,-90.7,1
2016-07-07_19:53:50.00,932.0,-82.84,-86.77,1
2016-07-07_19:53:50.00,934.0,-82.57,-89.85,1
2016-07-07_19:54:00.00,902.0,-79.53,-82.99,1
2016-07-07_19:54:00.00,904.0,-79.37,-85.07,1
2016-07-07_19:54:00.00,906.0,-80.06,-82.11,2
2016-07-07_19:54:00.00,908.0,-83.26,-83.11,2
2016-07-07_19:54:00.00,910.0,-82.34,-87.58,1
2016-07-07_19:54:00.00,912.0,-83.24,-81.92,2
2016-07-07_19:54:00.00,914.0,-81.88,-83.92,2
2016-07-07_19:54:00.00,916.0,-87.12,-86.34,2
2016-07-07_19:54:00.00,918.0,-89.9,-86.6,3
2016-07-07_19:54:00.00,920.0,-82.69,-89.22,1
2016-07-07_19:54:00.00,922.0,-86.66,-88.15,2
2016-07-07_19:54:00.00,924.0,-83.8,-86.4,2
2016-07-07_19:54:00.00,926.0,-81.69,-90.42,1
2016-07-07_19:54:00.00,928.0,-81.24,-90.25,1
2016-07-07_19:54:00.00,930.0,-81.44,-90.33,1
2016-07-07_19:54:00.00,932.0,-81.24,-85.31,1
2016-07-07_19:54:00.00,934.0,-83.26,-88.71,1
2016-07-07_19:54:00.00,936.0,-78.39,-87.67,1
2016-07-07_19:54:00.00,938.0,-81.37,-82.05,2
2016-07-07_19:54:00.00,940.0,-78.13,-87.63,1
2016-07-07_19:54:10.00,912.0,-78.29,-90.03,1
2016-07-07_19:54:10.00,914.0,-81.9,-86.49,1
2016-07-07_19:54:10.00,916.0,-82.08,-80.7,2
2016-07-07_19:54:10.00,918.0,-81.1,-88.93,1
2016-07-07_19:54:10.00,920.0,-81.89,-86.46,1
2016-07-07_19:54:10.00,922.0,-83.09,-89.21,1
2016-07-07_19:54:10.00,924.0,-80.65,-86.79,1
2016-07-07_19:54:10.00,926.0,-86.47,-87.64,2
2016-07-07_19:54:10.00,928.0,-85.39,-88.9,1
2016-07-07_19:54:10.00,930.0,-82.11,-89.37,1
2016-07-07_19:54:10.00,932.0,-88.34,-85.98,2
2016-07-07_19:54:10.00,934.0,-82.88,-88.74,1
2016-07-07_19:54:10.00,936.0,-82.57,-86.13,1
2016-07-07_19:54:10.00,938.0,-88.06,-89.87,2
2016-07-07_19:54:10.00,940.0,-86.66,-83.46,3
2016-07-07_19:54:10.00,942.0,-84.04,-90.77,1
2016-07-07_19:54:10.00,944.0,-81.83,-84.79,2
2016-07-07_19:54:10.00,946.0,-85.73,-86.0,2
2016-07-07_19:54:10.00,948.0,-83.13,-87.61,1
2016-07-07_19:54:10.00,950.0,-86.49,-87.66,2
2016-07-07_19:54:10.00,952.0,-87.51,-88.65,2
2016-07-07_19:54:20.00,924.0,-90.17,-89.23,2
2016-07-07_19:54:20.00,926.0,-85.54,-88.48,2
2016-07-07_19:54:20.00,928.0,-82.7,-87.72,1
2016-07-07_19:54:20.00,930.0,-90.0,-89.6,2
2016-07-07_19:54:20.00,932.0,-77.22,-86.71,1
2016-07-07_19:54:20.00,934.0,-79.66,-87.32,1
2016-07-07_19:54:20.00,936.0,-82.66,-88.75,1
2016-07-07_19:54:20.00,938.0,-87.25,-86.92,2
2016-07-07_19:54:20.00,940.0,-86.05,-83.03,3
2016-07-07_19:54:20.00,942.0,-86.28,-87.82,2
2016-07-07_19:54:20.00,944.0,-86.58,-85.99,2
2016-07-07_19:54:20.00,946.0,-83.91,-88.56,1
2016-07-07_19:54:20.00,948.0,-84.02,-84.35,2
2016-07-07_19:54:20.00,950.0,-84.74,-89.93,1
2016-07-07_19:54:20.00,952.0,-89.6,-84.61,3
2016-07-07_19:54:20.00,954.0,-83.25,-85.04,2
2016-07-07_19:54:20.00,956.0,-80.16,-83.99,1
2016-07-07_19:54:20.00,958.0,-89.2,-85.73,3
2016-07-07_19:54:20.00,960.0,-87.12,-90.8,1
2016-07-07_19:54:20.00,962.0,-81.47,-86.46,1
2016-07-07_19:54:20.00,964.0,-81.08,-85.82,1
2016-07-07_19:54:20.00,966.0,-86.93,-88.5,2
2016-07-07_19:54:30.00,940.0,-82.13,-89.68,1
2016-07-07_19:54:30.00,942.0,-84.39,-88.99,1
2016-07-07_19:54:30.00,944.0,-84.81,-84.9,2
2016-07-07_19:54:30.00,946.0,-82.46,-87.45,1
2016-07-07_19:54:30.00,948.0,-86.16,-89.14,2
2016-07-07_19:54:30.00,950.0,-91.76,-87.98,3
2016-07-07_19:54:30.00,952.0,-87.24,-87.82,2
2016-07-07_19:54:30.00,954.0,-82.82,-88.09,1
2016-07-07_19:54:30.00,956.0,-86.22,-86.75,2
2016-07-07_19:54:30.00,958.0,-87.29,-83.91,3
2016-07-07_19:54:30.00,960.0,-81.8,-86.02,1
2016-07-07_19:54:30.00,962.0,-85.54,-88.69,1
2016-07-07_19:54:30.00,964.0,-80.72,-88.27,1
2016-07-07_19:54:30.00,966.0,-85.57,-89.71,1
2016-07-07_19:54:30.00,968.0,-86.8,-87.21,2
2016-07-07_19:54:30.00,970.0,-85.07,-85.94,2
2016-07-07_19:54:30.00,972.0,-90.34,-85.74,3
2016-07-07_19:54:30.00,974.0,-91.03,-88.4,2
2016-07-07_19:54:30.00,976.0,-90.75,-89.67,2
2016-07-07_19:54:30.00,978.0,-90.83,-88.15,2
2016-07-07_19:54:30.00,980.0,-90.76,-89.76,2
2016-07-07_19:54:40.00,944.0,-87.24,-86.83,2
2016-07-07_19:54:40.00,946.0,-85.82,-88.12,2
2016-07-07_19:54:40.00,948.0,-84.67,-89.5,1
2016-07-07_19:54:40.00,950.0,-86.73,-91.64,1
2016-07-07_19:54:40.00,952.0,-87.26,-89.74,2
2016-07-07_19:54:40.00,954.0,-84.43,-89.38,1
2016-07-07_19:54:40.00,956.0,-86.19,-90.11,1
2016-07-07_19:54:40.00,958.0,-83.63,-86.11,2
2016-07-07_19:54:40.00,960.0,-89.7,-85.4,3
2016-07-07_19:54:40.00,962.0,-88.99,-86.79,2
2016-07-07_19:54:40.00,964.0,-89.4,-86.56,2
2016-07-07_19:54:40.00,966.0,-90.05,-89.36,2
2016-07-07_19:54:40.00,968.0,-86.14,-90.78,1
2016-07-07_19:54:40.00,970.0,-94.17,-91.26,2
2016-07-07_19:54:40.00,972.0,-88.19,-90.71,2
2016-07-07_19:54:40.00,974.0,-87.98,-87.75,2
2016-07-07_19:54:40.00,976.0,-89.35,-86.87,2
2016-07-07_19:54:40.00,978.0,-90.07,-91.12,2
2016-07-07_19:54:40.00,980.0,-90.7,-90.38,2
2016-07-07_19:54:40.00,982.0,-90.04,-90.95,2
2016-07-07_19:54:40.00,984.0,-88.08,-90.18,2
2016-07-07_19:54:50.00,954.0,-89.1,-89.77,2
2016-07-07_19:54:50.00,956.0,-90.9,-84.48,3
2016-07-07_19:54:50.00,958.0,-88.2,-89.97,2
2016-07-07_19:54:50.00,960.0,-86.74,-87.69,2
2016-07-07_19:54:50.00,962.0,-87.87,-86.72,2
2016-07-07_19:54:50.00,964.0,-82.78,-91.01,1
2016-07-07_19:54:50.00,966.0,-89.66,-85.47,3
2016-07-07_19:54:50.00,968.0,-86.97,-87.08,2
2016-07-07_19:54:50.00,970.0,-86.41,-90.33,1
2016-07-07_19:54:50.00,972.0,-84.14,-85.38,2
2016-07-07_19:54:50.00,974.0,-84.55,-89.05,1
2016-07-07_19:54:50.00,976.0,-90.57,-88.45,2
2016-07-07_19:54:50.00,978.0,-87.14,-86.83,2
2016-07-07_19:54:50.00,980.0,-92.76,-87.93,3
2016-07-07_19:54:50.00,982.0,-88.65,-88.83,2
2016-07-07_19:54:50.00,984.0,-89.85,-86.77,3
2016-07-07_19:54:50.00,986.0,-89.61,-87.38,2
2016-07-07_19:54:50.00,988.0,-88.82,-87.8,2
2016-07-07_19:54:50.00,990.0,-85.38,-88.09,2
2016-07-07_19:54:50.00,992.0,-84.17,-87.67,1
2016-07-07_19:54:50.00,994.0,-84.62,-89.91,1
2016-07-07_19:54:50.00,996.0,-88.16,-89.6,2
2016-07-07_19:55:00.00,962.0,-84.14,-83.94,2
2016-07-07_19:55:00.00,964.0,-88.93,-85.79,3
2016-07-07_19:55:00.00,966.0,-87.56,-85.08,2
2016-07-07_19:55:00.00,968.0,-89.09,-86.3,2
2016-07-07_19:55:00.00,970.0,-85.4,-90.39,1
2016-07-07_19:55:00.00,972.0,-86.46,-88.45,2
2016-07-07_19:55:00.00,974.0,-90.95,-87.76,3
2016-07-07_19:55:00.00,976.0,-84.54,-88.84,1
2016-07-07_19:55:00.00,978.0,-88.54,-89.62,2
2016-07-07_19:55:00.00,980.0,-84.92,-88.49,1
2016-07-07_19:55:00.00,982.0,-93.83,-90.94,2
2016-07-07_19:55:00.00,984.0,-88.43,-87.79,2
2016-07-07_19:55:00.00,986.0,-86.23,-88.21,2
2016-07-07_19:55:00.00,988.0,-88.83,-87.37,2
2016-07-07_19:55:00.00,990.0,-88.06,-88.44,2
2016-07-07_19:55:00.00,992.0,-85.67,-88.22,2
2016-07-07_19:55:00.00,994.0,-92.13,-89.89,2
2016-07-07_19:55:00.00,996.0,-85.86,-86.97,2
2016-07-07_19:55:00.00,998.0,-85.16,-90.3,1
2016-07-07_19:55:00.00,1000.0,-88.34,-84.23,3
2016-07-07_19:55:00.00,1002.0,-86.81,-86.95,2
2016-07-07_19:55:00.00,1004.0,-90.06,-87.05,3
2016-07-07_19:55:10.00,970.0,-84.64,-84.38,2
2016-07-07_19:55:10.00,972.0,-83.41,-89.32,1
2016-07-07_19:55:10.00,974.0,-89.11,-83.94,3
2016-07-07_19:55:10.00,976.0,-87.94,-86.62,2
2016-07-07_19:55:10.00,978.0,-86.26,-87.44,2
2016-07-07_19:55:10.00,980.0,-88.08,-85.08,2
2016-07-07_19:55:10.00,982.0,-86.63,-88.7,2
2016-07-07_19:55:10.00,984.0,-88.07,-88.37,2
2016-07-07_19:55:10.00,986.0,-88.77,-89.62,2
2016-07-07_19:55:10.00,988.0,-86.81,-88.89,2
2016-07-07_19:55:10.00,990.0,-86.5,-87.75,2
2016-07-07_19:55:10.00,992.0,-88.08,-87.04,2
2016-07-07_19:55:10.00,994.0,-91.5,-88.8,2
2016-07-07_19:55:10.00,996.0,-86.6,-85.95,2
2016-07-07_19:55:10.00,998.0,-85.7,-87.59,2
2016-07-07_19:55:10.00,1000.0,-88.15,-91.23,1
2016-07-07_19:55:10.00,1002.0,-90.26,-88.28,2
2016-07-07_19:55:10.00,1004.0,-86.91,-85.45,2
2016-07-07_19:55:10.00,1006.0,-82.92,-86.56,1
2016-07-07_19:55:10.00,1008.0,-85.65,-88.45,2
2016-07-07_19:55:10.00,1010.0,-86.96,-88.47,2
2016-07-07_19:55:20.00,980.0,-85.69,-86.54,2
2016-07-07_19:55:20.00,982.0,-84.32,-87.49,1
2016-07-07_19:55:20.00,984.0,-85.53,-90.69,1
2016-07-07_19:55:20.00,986.0,-85.76,-87.66,2
2016-07-07_19:55:20.00,988.0,-88.22,-85.71,2
2016-07-07_19:55:20.00,990.0,-85.57,-94.53,1
2016-07-07_19:55:20.00,992.0,-92.28,-87.1,3
2016-07-07_19:55:20.00,994.0,-92.62,-91.51,2
2016-07-07_19:55:20.00,996.0,-89.81,-89.57,2
2016-07-07_19:55:20.00,998.0,-89.51,-88.32,2
2016-07-07_19:55:20.00,1000.0,-88.7,-86.28,2
2016-07-07_19:55:20.00,1002.0,-89.8,-86.36,3
2016-07-07_19:55:20.00,1004.0,-91.28,-85.51,3
2016-07-07_19:55:20.00,1006.0,-87.28,-93.19,1
2016-07-07_19:55:20.00,1008.0,-86.97,-90.02,1
2016-07-07_19:55:20.00,1010.0,-86.56,-91.06,1
2016-07-07_19:55:20.00,1012.0,-86.96,-89.49,2
2016-07-07_19:55:20.00,1014.0,-85.23,-87.59,2
2016-07-07_19:55:20.00,1016.0,-87.31,-85.09,2
2016-07-07_19:55:20.00,1018.0,-87.77,-87.11,2
2016-07-07_19:55:30.00,984.0,-84.91,-89.25,1
2016-07-07_19:55:30.00,986.0,-85.75,-85.44,2
2016-07-07_19:55:30.00,988.0,-82.41,-86.86,1
2016-07-07_19:55:30.00,990.0,-90.84,-87.15,3
2016-07-07_19:55:30.00,992.0,-85.67,-88.38,2
2016-07-07_19:55:30.00,994.0,-89.37,-87.52,2
2016-07-07_19:55:30.00,996.0,-84.88,-87.5,2
2016-07-07_19:55:30.00,998.0,-92.07,-90.15,2
2016-07-07_19:55:30.00,1000.0,-87.48,-85.35,2
2016-07-07_19:55:30.00,1002.0,-86.93,-90.43,1
2016-07-07_19:55:30.00,1004.0,-87.11,-89.2,2
2016-07-07_19:55:30.00,1006.0,-84.32,-87.02,2
2016-07-07_19:55:30.00,1008.0,-85.96,-87.67,2
2016-07-07_19:55:30.00,1010.0,-86.32,-90.02,1
2016-07-07_19:55:30.00,1012.0,-85.19,-86.85,2
2016-07-07_19:55:30.00,1014.0,-91.24,-91.85,2
2016-07-07_19:55:30.00,1016.0,-83.75,-89.51,1
2016-07-07_19:55:30.00,1018.0,-84.38,-90.9,1
2016-07-07_19:55:30.00,1020.0,-92.0,-85.0,3
2016-07-07_19:55:30.00,1022.0,-87.7,-87.81,2
2016-07-07_19:55:30.00,1024.0,-91.53,-88.13,3
2016-07-07_19:55:40.00,986.0,-84.82,-88.85,1
2016-07-07_19:55:40.00,988.0,-85.82,-86.3,2
2016-07-07_19:55:40.00,990.0,-85.73,-86.42,2
2016-07-07_19:55:40.00,992.0,-92.68,-91.01,2
2016-07-07_19:55:40.00,994.0,-95.96,-88.31,3
2016-07-07_19:55:40.00,996.0,-91.01,-90.37,2
2016-07-07_19:55:40.00,998.0,-89.91,-90.94,2
2016-07-07_19:55:40.00,1000.0,-86.26,-88.45,2
2016-07-07_19:55:40.00,1002.0,-83.74,-86.68,2
2016-07-07_19:55:40.00,1004.0,-90.76,-86.8,3
2016-07-07_19:55:40.00,1006.0,-84.56,-87.49,2
2016-07-07_19:55:40.00,1008.0,-88.09,-89.34,2
2016-07-07_19:55:40.00,1010.0,-82.54,-89.5,1
2016-07-07_19:55:40.00,1012.0,-87.17,-89.58,2
2016-07-07_19:55:40.00,1014.0,-88.99,-86.2,2
2016-07-07_19:55:40.00,1016.0,-86.99,-91.34,1
2016-07-07_19:55:40.00,1018.0,-81.47,-91.15,1
2016-07-07_19:55:40.00,1020.0,-90.42,-90.08,2
2016-07-07_19:55:40.00,1022.0,-86.59,-86.86,2
2016-07-07_19:55:40.00,1024.0,-89.26,-86.64,2
2016-07-07_19:55:40.00,1026.0,-92.87,-89.32,3
2016-07-07_19:55:50.00,988.0,-88.31,-86.23,2
2016-07-07_19:55:50.00,990.0,-88.32,-87.89,2
2016-07-07_19:55:50.00,992.0,-87.42,-88.94,2
2016-07-07_19:55:50.00,994.0,-88.65,-86.96,2
2016-07-07_19:55:50.00,996.0,-74.71,-87.83,1
2016-07-07_19:55:50.00,998.0,-84.04,-86.14,2
2016-07-07_19:55:50.00,1000.0,-89.07,-86.04,3
2016-07-07_19:55:50.00,1002.0,-86.17,-89.54,1
2016-07-07_19:55:50.00,1004.0,-86.36,-87.37,2
2016-07-07_19:55:50.00,1006.0,-81.19,-88.18,1
2016-07-07_19:55:50.00,1008.0,-87.61,-90.11,2
2016-07-07_19:55:50.00,1010.0,-86.18,-89.56,1
2016-07-07_19:55:50.00,1012.0,-86.28,-89.35,1
2016-07-07_19:55:50.00,1014.0,-89.99,-87.24,2
2016-07-07_19:55:50.00,1016.0,-86.16,-88.58,2
2016-07-07_19:55:50.00,1018.0,-87.27,-87.46,2
2016-07-07_19:55:50.00,1020.0,-86.94,-87.53,2
2016-07-07_19:55:50.00,1022.0,-86.0,-86.12,2
2016-07-07_19:55:50.00,1024.0,-89.01,-91.16,2
2016-07-07_19:55:50.00,1026.0,-84.72,-87.9,1
2016-07-07_19:55:50.00,1028.0,-86.98,-89.93,2
2016-07-07_19:55:50.00,1030.0,-88.1,-90.24,2
2016-07-07_19:55:50.00,1032.0,-88.3,-88.67,2
2016-07-07_19:56:00.00,986.0,-89.33,-86.75,2
2016-07-07_19:56:00.00,988.0,-87.49,-87.4,2
2016-07-07_19:56:00.00,990.0,-84.65,-91.95,1
2016-07-07_19:56:00.00,992.0,-86.63,-89.99,1
2016-07-07_19:56:00.00,994.0,-90.08,-93.16,1
2016-07-07_19:56:00.00,996.0,-87.69,-91.93,1
2016-07-07_19:56:00.00,998.0,-86.74,-90.12,1
2016-07-07_19:56:00.00,1000.0,-91.58,-89.05,2
2016-07-07_19:56:00.00,1002.0,-83.72,-86.06,2
2016-07-07_19:56:00.00,1004.0,-87.81,-87.42,2
2016-07-07_19:56:00.00,1006.0,-85.48,-89.49,1
2016-07-07_19:56:00.00,1008.0,-86.78,-86.36,2
2016-07-07_19:56:00.00,1010.0,-86.68,-90.58,1
2016-07-07_19:56:00.00,1012.0,-87.3,-85.77,2
2016-07-07_19:56:00.00,1014.0,-86.9,-90.15,1
2016-07-07_19:56:00.00,1016.0,-90.03,-88.13,2
2016-07-07_19:56:00.00,1018.0,-85.0,-90.0,1
2016-07-07_19:56:00.00,1020.0,-89.61,-89.71,2
2016-07-07_19:56:00.00,1022.0,-90.6,-87.79,2
2016-07-07_19:56:00.00,1024.0,-84.46,-88.43,1
2016-07-07_19:56:00.00,1026.0,-91.71,-93.81,2
2016-07-07_19:56:00.00,1028.0,-89.06,-92.45,1
2016-07-07_19:56:00.00,1030.0,-91.82,-93.28,2
2016-07-07_19:56:10.00,984.0,-87.97,-91.92,1
2016-07-07_19:56:10.00,986.0,-88.7,-89.54,2
2016-07-07_19:56:10.00,988.0,-90.57,-88.7,2
2016-07-07_19:56:10.00,990.0,-87.64,-89.3,2
2016-07-07_19:56:10.00,992.0,-92.18,-90.76,2
2016-07-07_19:56:10.00,994.0,-87.95,-85.01,2
2016-07-07_19:56:10.00,996.0,-85.55,-88.31,2
2016-07-07_19:56:10.00,998.0,-94.5,-91.28,3
2016-07-07_19:56:10.00,1000.0,-87.08,-89.36,2
2016-07-07_19:56:10.00,1002.0,-81.51,-88.75,1
2016-07-07_19:56:10.00,1004.0,-81.84,-82.7,2
2016-07-07_19:56:10.00,1006.0,-84.64,-85.03,2
2016-07-07_19:56:10.00,1008.0,-87.1,-88.29,2
2016-07-07_19:56:10.00,1010.0,-89.03,-87.26,2
2016-07-07_19:56:10.00,1012.0,-90.93,-86.23,3
2016-07-07_19:56:10.00,1014.0,-85.48,-88.35,2
2016-07-07_19:56:10.00,1016.0,-87.76,-87.65,2
2016-07-07_19:56:10.00,1018.0,-86.16,-84.83,2
2016-07-07_19:56:10.00,1020.0,-86.32,-88.31,2
2016-07-07_19:56:10.00,1022.0,-90.49,-86.45,3
2016-07-07_19:56:10.00,1024.0,-88.32,-86.13,2
2016-07-07_19:56:10.00,1026.0,-89.72,-90.6,2
2016-07-07_19:56:10.00,1028.0,-88.61,-87.48,2
2016-07-07_19:56:20.00,976.0,-84.05,-87.28,1
2016-07-07_19:56:20.00,978.0,-81.99,-90.65,1
2016-07-07_19:56:20.00,980.0,-84.31,-84.76,2
2016-07-07_19:56:20.00,982.0,-82.44,-90.02,1
2016-07-07_19:56:20.00,984.0,-86.88,-85.4,2
2016-07-07_19:56:20.00,986.0,-89.13,-89.77,2
2016-07-07_19:56:20.00,988.0,-88.66,-83.79,3
2016-07-07_19:56:20.00,990.0,-88.82,-92.28,1
2016-07-07_19:56:20.00,992.0,-87.84,-84.61,3
2016-07-07_19:56:20.00,994.0,-83.7,-89.9,1
2016-07-07_19:56:20.00,996.0,-87.06,-88.74,2
2016-07-07_19:56:20.00,998.0,-90.17,-91.3,2
2016-07-07_19:56:20.00,1000.0,-90.74,-88.86,2
2016-07-07_19:56:20.00,1002.0,-84.33,-86.55,2
2016-07-07_19:56:20.00,1004.0,-90.38,-85.28,3
2016-07-07_19:56:20.00,1006.0,-90.71,-83.06,3
2016-07-07_19:56:20.00,1008.0,-88.37,-91.04,2
2016-07-07_19:56:20.00,1010.0,-91.27,-87.26,3
2016-07-07_19:56:20.00,1012.0,-88.8,-90.0,2
2016-07-07_19:56:20.00,1014.0,-85.93,-87.25,2
2016-07-07_19:56:20.00,1016.0,-88.09,-85.82,2
2016-07-07_19:56:20.00,1018.0,-90.53,-88.45,2
2016-07-07_19:56:20.00,1020.0,-88.89,-92.35,1
2016-07-07_19:56:20.00,1022.0,-87.55,-87.7,2
2016-07-07_19:56:30.00,964.0,-87.06,-87.91,2
2016-07-07_19:56:30.00,966.0,-89.3,-88.12,2
2016-07-07_19:56:30.00,968.0,-87.32,-84.91,2
2016-07-07_19:56:30.00,970.0,-84.95,-87.72,2
2016-07-07_19:56:30.00,972.0,-85.9,-85.66,2
2016-07-07_19:56:30.00,974.0,-89.09,-88.54,2
2016-07-07_19:56:30.00,976.0,-85.26,-91.49,1
2016-07-07_19:56:30.00,978.0,-87.67,-87.93,2
2016-07-07_19:56:30.00,980.0,-85.56,-85.7,2
2016-07-07_19:56:30.00,982.0,-86.22,-85.7,2
2016-07-07_19:56:30.00,984.0,-87.84,-86.65,2
2016-07-07_19:56:30.00,986.0,-89.11,-88.58,2
2016-07-07_19:56:30.00,988.0,-87.85,-86.92,2
2016-07-07_19:56:30.00,990.0,-91.16,-85.38,3
2016-07-07_19:56:30.00,992.0,-86.59,-89.1,2
2016-07-07_19:56:30.00,994.0,-85.05,-86.06,2
2016-07-07_19:56:30.00,996.0,-85.38,-88.18,2
2016-07-07_19:56:30.00,998.0,-84.91,-86.66,2
2016-07-07_19:56:30.00,1000.0,-81.55,-84.27,2
2016-07-07_19:56:30.00,1002.0,-86.35,-87.27,2
2016-07-07_19:56:30.00,1004.0,-90.86,-87.02,3
2016-07-07_19:56:30.00,1006.0,-87.22,-87.99,2
2016-07-07_19:56:30.00,1008.0,-85.88,-84.38,2
2016-07-07_19:56:30.00,1010.0,-86.91,-88.45,2
2016-07-07_19:56:30.00,1012.0,-86.69,-86.06,2
2016-07-07_19:56:40.00,962.0,-83.3,-85.71,2
2016-07-07_19:56:40.00,964.0,-88.77,-87.71,2
2016-07-07_19:56:40.00,966.0,-85.18,-87.12,2
2016-07-07_19:56:40.00,968.0,-85.56,-87.61,2
2016-07-07_19:56:40.00,970.0,-88.1,-90.43,2
2016-07-07_19:56:40.00,972.0,-87.11,-86.37,2
2016-07-07_19:56:40.00,974.0,-88.56,-86.8,2
2016-07-07_19:56:40.00,976.0,-84.31,-89.37,1
2016-07-07_19:56:40.00,978.0,-89.49,-84.81,3
2016-07-07_19:56:40.00,980.0,-88.72,-87.4,2
2016-07-07_19:56:40.00,982.0,-84.53,-84.97,2
2016-07-07_19:56:40.00,984.0,-81.72,-83.42,2
2016-07-07_19:56:40.00,986.0,-83.39,-89.31,1
2016-07-07_19:56:40.00,988.0,-89.1,-87.86,2
2016-07-07_19:56:40.00,990.0,-86.12,-87.97,2
2016-07-07_19:56:40.00,992.0,-93.04,-84.99,3
2016-07-07_19:56:40.00,994.0,-85.96,-89.9,1
2016-07-07_19:56:40.00,996.0,-89.19,-89.14,2
2016-07-07_19:56:40.00,998.0,-83.13,-88.6,1
2016-07-07_19:56:40.00,1000.0,-84.39,-88.46,1
2016-07-07_19:56:40.00,1002.0,-89.3,-89.55,2
2016-07-07_19:56:40.00,1004.0,-86.58,-85.57,2
2016-07-07_19:56:40.00,1006.0,-91.2,-87.81,3
2016-07-07_19:56:40.00,1008.0,-88.33,-86.65,2
2016-07-07_19:56:40.00,1010.0,-85.59,-91.78,1
2016-07-07_19:56:50.00,956.0,-87.46,-90.94,1
2016-07-07_19:56:50.00,958.0,-85.4,-83.3,2
2016-07-07_19:56:50.00,960.0,-89.11,-86.42,2
2016-07-07_19:56:50.00,962.0,-84.23,-86.77,2
2016-07-07_19:56:50.00,964.0,-86.62,-85.83,2
2016-07-07_19:56:50.00,966.0,-85.59,-85.51,2
2016-07-07_19:56:50.00,968.0,-91.68,-83.5,3
2016-07-07_19:56:50.00,970.0,-85.44,-87.89,2
2016-07-07_19:56:50.00,972.0,-86.67,-85.26,2
2016-07-07_19:56:50.00,974.0,-82.26,-87.77,1
2016-07-07_19:56:50.00,976.0,-89.81,-87.53,2
2016-07-07_19:56:50.00,978.0,-87.79,-82.66,3
2016-07-07_19:56:50.00,980.0,-87.18,-84.78,2
2016-07-07_19:56:50.00,982.0,-82.81,-86.28,1
2016-07-07_19:56:50.00,984.0,-85.55,-83.47,2
2016-07-07_19:56:50.00,986.0,-89.6,-84.92,3
2016-07-07_19:56:50.00,988.0,-87.41,-85.78,2
2016-07-07_19:56:50.00,990.0,-86.48,-87.2,2
2016-07-07_19:56:50.00,992.0,-90.56,-85.12,3
2016-07-07_19:56:50.00,994.0,-92.66,-90.98,2
2016-07-07_19:56:50.00,996.0,-84.49,-88.24,1
2016-07-07_19:56:50.00,998.0,-82.85,-89.99,1
2016-07-07_19:56:50.00,1000.0,-88.2,-88.08,2
2016-07-07_19:56:50.00,1002.0,-83.13,-83.76,2
2016-07-07_19:56:50.00,1004.0,-87.18,-85.86,2
2016-07-07_19:57:00.00,912.0,-79.07,-86.32,1
2016-07-07_19:57:00.00,914.0,-80.55,-88.64,1
2016-07-07_19:57:00.00,916.0,-84.77,-92.3,1
2016-07-07_19:57:00.00,918.0,-82.9,-84.92,2
2016-07-07_19:57:00.00,920.0,-83.65,-89.83,1
2016-07-07_19:57:00.00,922.0,-82.91,-87.45,1
2016-07-07_19:57:00.00,924.0,-87.79,-86.68,2
2016-07-07_19:57:00.00,926.0,-82.34,-85.54,1
2016-07-07_19:57:00.00,928.0,-81.12,-86.7,1
2016-07-07_19:57:00.00,930.0,-81.31,-84.22,2
2016-07-07_19:57:00.00,932.0,-82.03,-87.68,1
2016-07-07_19:57:00.00,934.0,-83.43,-90.26,1
2016-07-07_19:57:00.00,936.0,-83.1,-87.95,1
2016-07-07_19:57:00.00,938.0,-77.7,-87.52,1
2016-07-07_19:57:00.00,940.0,-87.08,-85.19,2
2016-07-07_19:57:00.00,942.0,-84.4,-90.5,1
2016-07-07_19:57:00.00,944.0,-84.8,-84.71,2
2016-07-07_19:57:00.00,946.0,-81.63,-81.4,2
2016-07-07_19:57:00.00,948.0,-85.15,-87.4,2
2016-07-07_19:57:00.00,950.0,-84.75,-83.69,2
2016-07-07_19:57:00.00,952.0,-79.42,-86.51,1
2016-07-07_19:57:00.00,954.0,-82.31,-88.87,1
2016-07-07_19:57:10.00,912.0,-82.36,-83.92,2
2016-07-07_19:57:10.00,914.0,-82.44,-85.14,2
2016-07-07_19:57:10.00,916.0,-83.25,-88.37,1
2016-07-07_19:57:10.00,918.0,-83.93,-86.42,2
2016-07-07_19:57:10.00,920.0,-82.05,-87.72,1
2016-07-07_19:57:10.00,922.0,-82.61,-88.18,1
2016-07-07_19:57:10.00,924.0,-82.57,-87.0,1
2016-07-07_19:57:10.00,926.0,-82.71,-85.12,2
2016-07-07_19:57:10.00,928.0,-80.65,-83.32,2
2016-07-07_19:57:10.00,930.0,-78.75,-83.89,1
2016-07-07_19:57:10.00,932.0,-83.59,-87.48,1
2016-07-07_19:57:10.00,934.0,-82.0,-84.8,2
2016-07-07_19:57:10.00,936.0,-83.24,-86.17,2
2016-07-07_19:57:10.00,938.0,-84.1,-90.35,1
2016-07-07_19:57:10.00,940.0,-86.22,-86.14,2
2016-07-07_19:57:10.00,942.0,-80.05,-85.3,1
2016-07-07_19:57:10.00,944.0,-83.44,-88.0,1
2016-07-07_19:57:10.00,946.0,-81.38,-89.01,1
2016-07-07_19:57:10.00,948.0,-81.2,-84.8,1
2016-07-07_19:57:10.00,950.0,-82.24,-87.26,1
2016-07-07_19:57:10.00,952.0,-82.15,-83.29,2
2016-07-07_19:57:10.00,954.0,-87.04,-85.16,2
2016-07-07_19:57:20.00,892.0,-84.96,-83.94,2
2016-07-07_19:57:20.00,894.0,-82.25,-82.79,2
2016-07-07_19:57:20.00,896.0,-83.07,-82.37,2
2016-07-07_19:57:20.00,898.0,-86.73,-86.14,2
2016-07-07_19:57:20.00,900.0,-83.77,-89.47,1
2016-07-07_19:57:20.00,902.0,-83.15,-93.82,1
2016-07-07_19:57:20.00,904.0,-80.49,-83.6,1
2016-07-07_19:57:20.00,906.0,-84.9,-86.9,2
2016-07-07_19:57:20.00,908.0,-86.63,-87.49,2
2016-07-07_19:57:20.00,910.0,-85.64,-84.47,2
2016-07-07_19:57:20.00,912.0,-83.34,-88.53,1
2016-07-07_19:57:20.00,914.0,-86.76,-82.9,3
2016-07-07_19:57:20.00,916.0,-81.14,-90.25,1
2016-07-07_19:57:20.00,918.0,-85.23,-86.61,2
2016-07-07_19:57:20.00,920.0,-84.39,-88.22,1
2016-07-07_19:57:20.00,922.0,-79.49,-89.68,1
2016-07-07_19:57:20.00,924.0,-82.06,-88.31,1
2016-07-07_19:57:20.00,926.0,-84.12,-83.91,2
2016-07-07_19:57:20.00,928.0,-81.05,-83.93,2
2016-07-07_19:57:20.00,930.0,-83.39,-83.28,2
2016-07-07_19:57:20.00,932.0,-82.19,-87.46,1
2016-07-07_19:57:30.00,874.0,-82.1,-87.18,1
2016-07-07_19:57:30.00,876.0,-82.93,-88.22,1
2016-07-07_19:57:30.00,878.0,-86.46,-91.28,1
2016-07-07_19:57:30.00,880.0,-84.07,-92.09,1
2016-07-07_19:57:30.00,882.0,-79.18,-90.59,1
2016-07-07_19:57:30.00,884.0,-82.36,-90.26,1
2016-07-07_19:57:30.00,886.0,-79.57,-92.39,1
2016-07-07_19:57:30.00,888.0,-83.28,-84.25,2
2016-07-07_19:57:30.00,890.0,-81.05,-87.98,1
2016-07-07_19:57:30.00,892.0,-84.02,-91.36,1
2016-07-07_19:57:30.00,894.0,-82.48,-87.27,1
2016-07-07_19:57:30.00,896.0,-84.03,-90.19,1
2016-07-07_19:57:30.00,898.0,-83.52,-89.04,1
2016-07-07_19:57:30.00,900.0,-81.84,-88.65,1
2016-07-07_19:57:30.00,902.0,-85.84,-87.12,2
2016-07-07_19:57:30.00,904.0,-84.6,-86.32,2
2016-07-07_19:57:30.00,906.0,-81.01,-88.65,1
2016-07-07_19:57:30.00,908.0,-83.2,-90.12,1
2016-07-07_19:57:30.00,910.0,-86.32,-85.02,2
2016-07-07_19:57:30.00,912.0,-85.38,-89.62,1
2016-07-07_19:57:30.00,914.0,-86.12,-84.35,2
2016-07-07_19:57:30.00,916.0,-84.23,-82.21,2
2016-07-07_19:57:40.00,858.0,-82.06,-86.14,1
2016-07-07_19:57:40.00,860.0,-81.72,-84.31,2
2016-07-07_19:57:40.00,862.0,-85.18,-89.81,1
2016-07-07_19:57:40.00,864.0,-83.81,-87.83,1
2016-07-07_19:57:40.00,866.0,-81.26,-83.4,2
2016-07-07_19:57:40.00,868.0,-80.4,-85.65,1
2016-07-07_19:57:40.00,870.0,-81.62,-87.6,1
2016-07-07_19:57:40.00,872.0,-89.17,-88.1,2
2016-07-07_19:57:40.00,874.0,-82.99,-84.31,2
2016-07-07_19:57:40.00,876.0,-85.76,-88.18,2
2016-07-07_19:57:40.00,878.0,-85.72,-85.5,2
2016-07-07_19:57:40.00,880.0,-87.23,-89.3,2
2016-07-07_19:57:40.00,882.0,-82.58,-87.89,1
2016-07-07_19:57:40.00,884.0,-78.21,-87.55,1
2016-07-07_19:57:40.00,886.0,-82.11,-89.36,1
2016-07-07_19:57:40.00,888.0,-88.29,-85.12,3
2016-07-07_19:57:40.00,890.0,-82.67,-86.1,1
2016-07-07_19:57:40.00,892.0,-84.31,-83.58,2
2016-07-07_19:57:40.00,894.0,-94.24,-82.23,3
2016-07-07_19:57:40.00,896.0,-81.93,-88.83,1
2016-07-07_19:57:40.00,898.0,-84.89,-85.51,2
2016-07-07_19:57:50.00,834.0,-82.99,-86.63,1
2016-07-07_19:57:50.00,836.0,-78.63,-86.58,1
2016-07-07_19:57:50.00,838.0,-80.97,-83.91,2
2016-07-07_19:57:50.00,840.0,-80.33,-85.52,1
2016-07-07_19:57:50.00,842.0,-82.91,-83.56,2
2016-07-07_19:57:50.00,844.0,-83.53,-84.51,2
2016-07-07_19:57:50.00,846.0,-84.66,-83.15,2
2016-07-07_19:57:50.00,848.0,-79.82,-84.72,1
2016-07-07_19:57:50.00,850.0,-81.15,-87.65,1
2016-07-07_19:57:50.00,852.0,-83.62,-83.39,2
2016-07-07_19:57:50.00,854.0,-80.08,-82.32,2
2016-07-07_19:57:50.00,856.0,-79.54,-83.17,1
2016-07-07_19:57:50.00,858.0,-83.88,-81.96,2
2016-07-07_19:57:50.00,860.0,-83.43,-84.53,2
2016-07-07_19:57:50.00,862.0,-82.27,-87.06,1
2016-07-07_19:57:50.00,864.0,-82.54,-85.99,1
2016-07-07_19:57:50.00,866.0,-83.64,-85.6,2
2016-07-07_19:57:50.00,868.0,-82.56,-87.04,1
2016-07-07_19:57:50.00,870.0,-83.95,-88.19,1
2016-07-07_19:57:50.00,872.0,-84.24,-86.18,2
2016-07-07_19:57:50.00,874.0,-84.04,-89.36,1
2016-07-07_19:57:50.00,876.0,-79.36,-87.13,1
2016-07-07_19:57:50.00,878.0,-83.77,-85.84,2
2016-07-07_19:58:00.00,820.0,-82.24,-89.07,1
2016-07-07_19:58:00.00,822.0,-84.28,-87.37,1
2016-07-07_19:58:00.00,824.0,-76.52,-87.75,1
2016-07-07_19:58:00.00,826.0,-82.9,-84.78,2
2016-07-07_19:58:00.00,828.0,-84.22,-85.48,2
2016-07-07_19:58:00.00,830.0,-87.61,-83.36,3
2016-07-07_19:58:00.00,832.0,-87.8,-83.82,3
2016-07-07_19:58:00.00,834.0,-82.11,-87.18,1
2016-07-07_19:58:00.00,836.0,-78.29,-86.47,1
2016-07-07_19:58:00.00,838.0,-80.05,-88.89,1
2016-07-07_19:58:00.00,840.0,-83.18,-82.64,2
2016-07-07_19:58:00.00,842.0,-84.35,-86.54,2
2016-07-07_19:58:00.00,844.0,-85.85,-89.86,1
2016-07-07_19:58:00.00,846.0,-85.92,-88.0,2
2016-07-07_19:58:00.00,848.0,-80.38,-87.2,1
2016-07-07_19:58:00.00,850.0,-80.69,-90.35,1
2016-07-07_19:58:00.00,852.0,-80.9,-86.92,1
2016-07-07_19:58:00.00,854.0,-81.96,-85.7,1
2016-07-07_19:58:00.00,856.0,-83.4,-84.24,2
2016-07-07_19:58:00.00,858.0,-80.92,-84.14,1
2016-07-07_19:58:00.00,860.0,-85.38,-80.85,3
2016-07-07_19:58:00.00,862.0,-78.42,-87.1,1
2016-07-07_19:58:10.00,802.0,-78.71,-90.53,1
2016-07-07_19:58:10.00,804.0,-80.59,-84.75,1
2016-07-07_19:58:10.00,806.0,-79.99,-83.67,1
2016-07-07_19:58:10.00,808.0,-87.28,-84.73,2
2016-07-07_19:58:10.00,810.0,-81.2,-88.43,1
2016-07-07_19:58:10.00,812.0,-85.75,-85.4,2
2016-07-07_19:58:10.00,814.0,-81.67,-88.92,1
2016-07-07_19:58:10.00,816.0,-82.95,-86.59,1
2016-07-07_19:58:10.00,818.0,-84.05,-87.74,1
2016-07-07_19:58:10.00,820.0,-76.4,-89.96,1
2016-07-07_19:58:10.00,822.0,-80.55,-82.11,2
2016-07-07_19:58:10.00,824.0,-85.36,-85.04,2
2016-07-07_19:58:10.00,826.0,-83.46,-87.56,1
2016-07-07_19:58:10.00,828.0,-84.76,-81.89,2
2016-07-07_19:58:10.00,830.0,-80.84,-85.55,1
2016-07-07_19:58:10.00,832.0,-82.53,-83.07,2
2016-07-07_19:58:10.00,834.0,-79.45,-86.27,1
2016-07-07_19:58:10.00,836.0,-82.93,-84.65,2
2016-07-07_19:58:10.00,838.0,-83.45,-88.27,1
2016-07-07_19:58:10.00,840.0,-81.98,-91.74,1
2016-07-07_19:58:10.00,842.0,-81.57,-84.33,2
2016-07-07_19:58:10.00,844.0,-82.26,-88.0,1
2016-07-07_19:58:20.00,790.0,-77.14,-93.28,1
2016-07-07_19:58:20.00,792.0,-78.26,-89.32,1
2016-07-07_19:58:20.00,794.0,-83.67,-89.97,1
2016-07-07_19:58:20.00,796.0,-83.65,-87.5,1
2016-07-07_19:58:20.00,798.0,-83.12,-86.1,2
2016-07-07_19:58:20.00,800.0,-81.99,-85.04,1
2016-07-07_19:58:20.00,802.0,-76.25,-83.96,1
2016-07-07_19:58:20.00,804.0,-82.19,-84.39,2
2016-07-07_19:58:20.00,806.0,-87.58,-80.11,3
2016-07-07_19:58:20.00,808.0,-86.55,-85.01,2
2016-07-07_19:58:20.00,810.0,-82.18,-86.58,1
2016-07-07_19:58:20.00,812.0,-84.6,-86.13,2
2016-07-07_19:58:20.00,814.0,-80.81,-88.06,1
2016-07-07_19:58:20.00,816.0,-88.13,-90.11,2
2016-07-07_19:58:20.00,818.0,-80.91,-82.59,2
2016-07-07_19:58:20.00,820.0,-83.53,-86.71,1
2016-07-07_19:58:20.00,822.0,-81.25,-87.99,1
2016-07-07_19:58:20.00,824.0,-87.19,-85.94,2
2016-07-07_19:58:20.00,826.0,-81.6,-84.3,2
2016-07-07_19:58:20.00,828.0,-83.34,-85.73,2
2016-07-07_19:58:20.00,830.0,-85.08,-82.96,2
2016-07-07_19:58:30.00,776.0,-80.1,-80.38,2
2016-07-07_19:58:30.00,778.0,-76.94,-81.16,1
2016-07-07_19:58:30.00,780.0,-77.38,-86.85,1
2016-07-07_19:58:30.00,782.0,-80.49,-88.12,1
2016-07-07_19:58:30.00,784.0,-81.09,-87.13,1
2016-07-07_19:58:30.00,786.0,-79.0,-88.92,1
2016-07-07_19:58:30.00,788.0,-80.18,-87.99,1
2016-07-07_19:58:30.00,790.0,-79.42,-89.06,1
2016-07-07_19:58:30.00,792.0,-85.2,-83.09,2
2016-07-07_19:58:30.00,794.0,-82.66,-87.87,1
2016-07-07_19:58:30.00,796.0,-82.72,-85.71,2
2016-07-07_19:58:30.00,798.0,-85.41,-86.33,2
2016-07-07_19:58:30.00,800.0,-81.42,-85.25,1
2016-07-07_19:58:30.00,802.0,-82.68,-83.45,2
2016-07-07_19:58:30.00,804.0,-79.13,-81.46,2
2016-07-07_19:58:30.00,806.0,-81.1,-86.12,1
2016-07-07_19:58:30.00,808.0,-80.26,-84.35,1
2016-07-07_19:58:30.00,810.0,-82.36,-85.79,1
2016-07-07_19:58:30.00,812.0,-80.81,-83.23,2
2016-07-07_19:58:30.00,814.0,-79.89,-85.97,1
2016-07-07_19:58:40.00,760.0,-81.73,-81.99,2
2016-07-07_19:58:40.00,762.0,-80.49,-82.57,2
2016-07-07_19:58:40.00,764.0,-82.78,-82.45,2
2016-07-07_19:58:40.00,766.0,-78.25,-81.17,2
2016-07-07_19:58:40.00,768.0,-80.71,-83.64,2
2016-07-07_19:58:40.00,770.0,-83.24,-83.01,2
2016-07-07_19:58:40.00,772.0,-82.03,-82.88,2
2016-07-07_19:58:40.00,774.0,-86.6,-81.52,3
2016-07-07_19:58:40.00,776.0,-78.76,-84.89,1
2016-07-07_19:58:40.00,778.0,-78.23,-84.82,1
2016-07-07_19:58:40.00,780.0,-78.9,-91.26,1
2016-07-07_19:58:40.00,782.0,-79.41,-82.87,1
2016-07-07_19:58:40.00,784.0,-77.2,-85.45,1
2016-07-07_19:58:40.00,786.0,-75.37,-85.5,1
2016-07-07_19:58:40.00,788.0,-82.55,-84.02,2
2016-07-07_19:58:40.00,790.0,-82.12,-84.37,2
2016-07-07_19:58:40.00,792.0,-79.23,-87.44,1
2016-07-07_19:58:40.00,794.0,-81.94,-87.17,1
2016-07-07_19:58:40.00,796.0,-84.4,-90.34,1
2016-07-07_19:58:40.00,798.0,-78.81,-89.19,1
2016-07-07_19:58:50.00,740.0,-75.9,-78.61,2
2016-07-07_19:58:50.00,742.0,-77.81,-83.32,1
2016-07-07_19:58:50.00,744.0,-74.43,-84.13,1
2016-07-07_19:58:50.00,746.0,-72.13,-81.04,1
2016-07-07_19:58:50.00,748.0,-76.59,-84.5,1
2016-07-07_19:58:50.00,750.0,-83.66,-87.08,1
2016-07-07_19:58:50.00,752.0,-75.67,-83.83,1
2016-07-07_19:58:50.00,754.0,-78.01,-78.44,2
2016-07-07_19:58:50.00,756.0,-80.97,-82.17,2
2016-07-07_19:58:50.00,758.0,-78.84,-84.88,1
2016-07-07_19:58:50.00,760.0,-81.17,-88.14,1
2016-07-07_19:58:50.00,762.0,-82.92,-82.17,2
2016-07-07_19:58:50.00,764.0,-82.14,-80.84,2
2016-07-07_19:58:50.00,766.0,-81.04,-87.87,1
2016-07-07_19:58:50.00,768.0,-76.08,-88.37,1
2016-07-07_19:58:50.00,770.0,-83.52,-88.04,1
2016-07-07_19:58:50.00,772.0,-78.2,-83.2,1
2016-07-07_19:58:50.00,774.0,-78.67,-86.27,1
2016-07-07_19:58:50.00,776.0,-79.5,-81.47,2
2016-07-07_19:58:50.00,778.0,-74.58,-83.47,1
2016-07-07_19:58:50.00,780.0,-76.79,-84.69,1
2016-07-07_19:59:00.00,734.0,-77.92,-84.13,1
2016-07-07_19:59:00.00,736.0,-79.82,-81.54,2
2016-07-07_19:59:00.00,738.0,-75.16,-82.12,1
2016-07-07_19:59:00.00,740.0,-77.86,-84.53,1
2016-07-07_19:59:00.00,742.0,-82.71,-85.26,2
2016-07-07_19:59:00.00,744.0,-78.39,-80.85,2
2016-07-07_19:59:00.00,746.0,-76.15,-84.36,1
2016-07-07_19:59:00.00,748.0,-75.58,-82.07,1
2016-07-07_19:59:00.00,750.0,-80.67,-82.58,2
2016-07-07_19:59:00.00,752.0,-83.06,-87.74,1
2016-07-07_19:59:00.00,754.0,-78.73,-82.93,1
2016-07-07_19:59:00.00,756.0,-87.8,-87.89,2
2016-07-07_19:59:00.00,758.0,-81.85,-84.4,2
2016-07-07_19:59:00.00,760.0,-81.11,-83.57,2
2016-07-07_19:59:00.00,762.0,-83.74,-86.17,2
2016-07-07_19:59:00.00,764.0,-84.76,-90.58,1
2016-07-07_19:59:00.00,766.0,-84.09,-84.16,2
2016-07-07_19:59:00.00,768.0,-84.66,-85.07,2
2016-07-07_19:59:00.00,770.0,-82.99,-86.29,1
2016-07-07_19:59:00.00,772.0,-81.49,-85.34,1
2016-07-07_19:59:00.00,774.0,-83.38,-88.14,1
2016-07-07_19:59:00.00,776.0,-80.17,-80.51,2
2016-07-07_19:59:10.00,726.0,-76.44,-83.96,1
2016-07-07_19:59:10.00,728.0,-76.79,-84.58,1
2016-07-07_19:59:10.00,730.0,-77.68,-83.54,1
2016-07-07_19:59:10.00,732.0,-73.79,-81.5,1
2016-07-07_19:59:10.00,734.0,-75.55,-81.0,1
2016-07-07_19:59:10.00,736.0,-77.71,-85.02,1
2016-07-07_19:59:10.00,738.0,-77.91,-85.2,1
2016-07-07_19:59:10.00,740.0,-80.24,-83.96,1
2016-07-07_19:59:10.00,742.0,-74.94,-85.9,1
2016-07-07_19:59:10.00,744.0,-77.9,-85.08,1
2016-07-07_19:59:10.00,746.0,-77.52,-83.58,1
2016-07-07_19:59:10.00,748.0,-78.07,-83.8,1
2016-07-07_19:59:10.00,750.0,-78.53,-84.59,1
2016-07-07_19:59:10.00,752.0,-80.09,-82.73,2
2016-07-07_19:59:10.00,754.0,-77.52,-86.29,1
2016-07-07_19:59:10.00,756.0,-77.49,-81.87,1
2016-07-07_19:59:10.00,758.0,-79.8,-83.2,1
2016-07-07_19:59:10.00,760.0,-82.05,-84.59,2
2016-07-07_19:59:10.00,762.0,-80.9,-86.3,1
2016-07-07_19:59:10.00,764.0,-76.2,-85.73,1
2016-07-07_19:59:10.00,766.0,-78.08,-87.11,1
2016-07-07_19:59:20.00,718.0,-72.56,-79.47,1
2016-07-07_19:59:20.00,720.0,-73.3,-80.42,1
2016-07-07_19:59:20.00,722.0,-76.81,-81.64,1
2016-07-07_19:59:20.00,724.0,-76.77,-83.37,1
2016-07-07_19:59:20.00,726.0,-81.53,-83.54,2
2016-07-07_19:59:20.00,728.0,-83.37,-82.71,2
2016-07-07_19:59:20.00,730.0,-77.49,-84.85,1
2016-07-07_19:59:20.00,732.0,-77.12,-82.08,1
2016-07-07_19:59:20.00,734.0,-77.41,-83.7,1
2016-07-07_19:59:20.00,736.0,-75.38,-86.35,1
2016-07-07_19:59:20.00,738.0,-78.94,-83.55,1
2016-07-07_19:59:20.00,740.0,-77.28,-84.66,1
2016-07-07_19:59:20.00,742.0,-78.03,-82.74,1
2016-07-07_19:59:20.00,744.0,-78.09,-83.7,1
2016-07-07_19:59:20.00,746.0,-77.08,-85.07,1
2016-07-07_19:59:20.00,748.0,-77.01,-82.56,1
2016-07-07_19:59:20.00,750.0,-77.98,-85.68,1
2016-07-07_19:59:20.00,752.0,-76.81,-87.31,1
2016-07-07_19:59:20.00,754.0,-81.43,-87.81,1
2016-07-07_19:59:20.00,756.0,-78.19,-87.45,1
2016-07-07_19:59:20.00,758.0,-79.44,-80.66,2
2016-07-07_19:59:30.00,710.0,-77.59,-78.7,2
2016-07-07_19:59:30.00,712.0,-71.15,-81.06,1
2016-07-07_19:59:30.00,714.0,-74.89,-78.06,1
2016-07-07_19:59:30.00,716.0,-70.94,-78.1,1
2016-07-07_19:59:30.00,718.0,-76.1,-76.96,2
2016-07-07_19:59:30.00,720.0,-70.66,-78.96,1
2016-07-07_19:59:30.00,722.0,-76.92,-82.14,1
2016-07-07_19:59:30.00,724.0,-77.26,-85.73,1
2016-07-07_19:59:30.00,726.0,-74.93,-83.89,1
2016-07-07_19:59:30.00,728.0,-72.42,-82.17,1
2016-07-07_19:59:30.00,730.0,-75.45,-84.13,1
2016-07-07_19:59:30.00,732.0,-74.75,-80.66,1
2016-07-07_19:59:30.00,734.0,-78.31,-83.86,1
2016-07-07_19:59:30.00,736.0,-77.3,-83.85,1
2016-07-07_19:59:30.00,738.0,-76.83,-86.34,1
2016-07-07_19:59:30.00,740.0,-80.84,-84.88,1
2016-07-07_19:59:30.00,742.0,-80.93,-85.58,1
2016-07-07_19:59:30.00,744.0,-79.28,-86.64,1
2016-07-07_19:59:30.00,746.0,-76.41,-84.33,1
2016-07-07_19:59:30.00,748.0,-76.81,-81.71,1
2016-07-07_19:59:30.00,750.0,-74.01,-82.7,1
2016-07-07_19:59:30.00,752.0,-82.11,-84.05,2
2016-07-07_19:59:40.00,700.0,-78.64,-82.57,1
2016-07-07_19:59:40.00,702.0,-76.36,-82.61,1
2016-07-07_19:59:40.00,704.0,-75.29,-81.37,1
2016-07-07_19:59:40.00,706.0,-73.02,-84.3,1
2016-07-07_19:59:40.00,708.0,-76.48,-81.57,1
2016-07-07_19:59:40.00,710.0,-73.08,-81.25,1
2016-07-07_19:59:40.00,712.0,-74.1,-81.82,1
2016-07-07_19:59:40.00,714.0,-75.36,-83.74,1
2016-07-07_19:59:40.00,716.0,-71.56,-74.41,2
2016-07-07_19:59:40.00,718.0,-71.73,-80.09,1
2016-07-07_19:59:40.00,720.0,-72.68,-80.98,1
2016-07-07_19:59:40.00,722.0,-69.29,-80.35,1
2016-07-07_19:59:40.00,724.0,-72.29,-78.03,1
2016-07-07_19:59:40.00,726.0,-73.82,-77.97,1
2016-07-07_19:59:40.00,728.0,-81.01,-84.25,1
2016-07-07_19:59:40.00,730.0,-75.15,-83.46,1
2016-07-07_19:59:40.00,732.0,-76.17,-85.0,1
2016-07-07_19:59:40.00,734.0,-82.96,-81.9,2
2016-07-07_19:59:40.00,736.0,-74.62,-81.03,1
2016-07-07_19:59:40.00,738.0,-77.23,-84.72,1
2016-07-07_19:59:40.00,740.0,-73.58,-82.13,1
2016-07-07_19:59:40.00,742.0,-75.47,-85.42,1
2016-07-07_19:59:50.00,694.0,-77.89,-79.58,2
2016-07-07_19:59:50.00,696.0,-77.27,-81.61,1
2016-07-07_19:59:50.00,698.0,-74.42,-82.25,1
2016-07-07_19:59:50.00,700.0,-77.29,-80.12,2
2016-07-07_19:59:50.00,702.0,-77.85,-78.76,2
2016-07-07_19:59:50.00,704.0,-75.64,-81.69,1
2016-07-07_19:59:50.00,706.0,-74.55,-80.77,1
2016-07-07_19:59:50.00,708.0,-75.39,-84.32,1
2016-07-07_19:59:50.00,710.0,-72.18,-74.47,2
2016-07-07_19:59:50.00,712.0,-70.88,-77.04,1
2016-07-07_19:59:50.00,714.0,-71.25,-76.76,1
2016-07-07_19:59:50.00,716.0,-70.04,-76.95,1
2016-07-07_19:59:50.00,718.0,-69.36,-78.81,1
2016-07-07_19:59:50.00,720.0,-71.02,-76.36,1
2016-07-07_19:59:50.00,722.0,-69.66,-80.58,1
2016-07-07_19:59:50.00,724.0,-70.37,-80.69,1
2016-07-07_19:59:50.00,726.0,-72.07,-79.86,1
2016-07-07_19:59:50.00,728.0,-76.37,-82.43,1
2016-07-07_19:59:50.00,730.0,-76.62,-83.08,1
2016-07-07_19:59:50.00,732.0,-76.87,-82.61,1
2016-07-07_19:59:50.00,734.0,-78.59,-79.6,2
2016-07-07_19:59:50.00,736.0,-76.5,-80.38,1
2016-07-07_20:00:00.00,690.0,-79.51,-79.28,2
2016-07-07_20:00:00.00,692.0,-76.51,-83.48,1
2016-07-07_20:00:00.00,694.0,-81.37,-81.44,2
2016-07-07_20:00:00.00,696.0,-78.65,-76.61,2
2016-07-07_20:00:00.00,698.0,-76.73,-81.76,1
2016-07-07_20:00:00.00,700.0,-79.93,-78.13,2
2016-07-07_20:00:00.00,702.0,-74.48,-82.94,1
2016-07-07_20:00:00.00,704.0,-79.63,-81.3,2
2016-07-07_20:00:00.00,706.0,-76.56,-77.41,2
2016-07-07_20:00:00.00,708.0,-71.25,-79.49,1
2016-07-07_20:00:00.00,710.0,-71.44,-78.35,1
2016-07-07_20:00:00.00,712.0,-70.95,-77.24,1
2016-07-07_20:00:00.00,714.0,-72.96,-81.24,1
2016-07-07_20:00:00.00,716.0,-70.98,-74.05,1
2016-07-07_20:00:00.00,718.0,-71.8,-75.93,1
2016-07-07_20:00:00.00,720.0,-72.43,-80.69,1
2016-07-07_20:00:00.00,722.0,-73.81,-78.02,1
2016-07-07_20:00:00.00,724.0,-73.18,-80.75,1
2016-07-07_20:00:00.00,726.0,-77.99,-84.45,1
2016-07-07_20:00:00.00,728.0,-80.11,-86.86,1
2016-07-07_20:00:00.00,730.0,-82.73,-85.48,2
2016-07-07_20:00:10.00,678.0,-75.43,-80.69,1
2016-07-07_20:00:10.00,680.0,-76.03,-82.14,1
2016-07-07_20:00:10.00,682.0,-74.29,-78.09,1
2016-07-07_20:00:10.00,684.0,-79.64,-80.55,2
2016-07-07_20:00:10.00,686.0,-76.82,-78.76,2
2016-07-07_20:00:10.00,688.0,-83.06,-79.47,3
2016-07-07_20:00:10.00,690.0,-76.42,-81.57,1
2016-07-07_20:00:10.00,692.0,-78.96,-81.03,2
2016-07-07_20:00:10.00,694.0,-75.45,-81.14,1
2016-07-07_20:00:10.00,696.0,-80.43,-86.34,1
2016-07-07_20:00:10.00,698.0,-75.5,-81.92,1
2016-07-07_20:00:10.00,700.0,-81.34,-81.29,2
2016-07-07_20:00:10.00,702.0,-78.05,-87.31,1
2016-07-07_20:00:10.00,704.0,-77.28,-81.06,1
2016-07-07_20:00:10.00,706.0,-74.23,-80.16,1
2016-07-07_20:00:10.00,708.0,-74.77,-81.72,1
2016-07-07_20:00:10.00,710.0,-81.11,-79.86,2
2016-07-07_20:00:10.00,712.0,-69.61,-77.92,1
2016-07-07_20:00:10.00,714.0,-68.83,-76.31,1
2016-07-07_20:00:10.00,716.0,-69.15,-77.9,1
2016-07-07_20:00:10.00,718.0,-66.79,-77.97,1
2016-07-07_20:00:10.00,720.0,-75.91,-81.01,1
2016-07-07_20:00:10.00,722.0,-75.86,-79.38,1
2016-07-07_20:00:20.00,672.0,-80.86,-84.09,1
2016-07-07_20:00:20.00,674.0,-78.35,-81.79,1
2016-07-07_20:00:20.00,676.0,-74.89,-81.98,1
2016-07-07_20:00:20.00,678.0,-75.9,-76.4,2
2016-07-07_20:00:20.00,680.0,-77.84,-77.89,2
2016-07-07_20:00:20.00,682.0,-77.56,-86.02,1
2016-07-07_20:00:20.00,684.0,-77.62,-79.61,2
2016-07-07_20:00:20.00,686.0,-77.76,-81.19,1
2016-07-07_20:00:20.00,688.0,-78.63,-78.79,2
2016-07-07_20:00:20.00,690.0,-82.41,-78.38,3
2016-07-07_20:00:20.00,692.0,-76.82,-81.65,1
2016-07-07_20:00:20.00,694.0,-80.54,-83.02,2
2016-07-07_20:00:20.00,696.0,-78.12,-81.13,1
2016-07-07_20:00:20.00,698.0,-82.97,-79.69,3
2016-07-07_20:00:20.00,700.0,-82.45,-81.92,2
2016-07-07_20:00:20.00,702.0,-77.96,-82.17,1
2016-07-07_20:00:20.00,704.0,-80.4,-85.46,1
2016-07-07_20:00:20.00,706.0,-76.17,-78.49,2
2016-07-07_20:00:20.00,708.0,-74.42,-81.82,1
2016-07-07_20:00:20.00,710.0,-71.33,-81.49,1
2016-07-07_20:00:20.00,712.0,-70.99,-82.3,1
2016-07-07_20:00:20.00,714.0,-66.85,-82.02,1
2016-07-07_20:00:20.00,716.0,-71.86,-77.12,1
2016-07-07_20:00:20.00,718.0,-66.47,-77.69,1
2016-07-07_20:00:30.00,662.0,-75.88,-83.61,1
2016-07-07_20:00:30.00,664.0,-77.84,-85.25,1
2016-07-07_20:00:30.00,666.0,-77.42,-80.94,1
2016-07-07_20:00:30.00,668.0,-79.71,-82.03,2
2016-07-07_20:00:30.00,670.0,-81.06,-79.15,2
2016-07-07_20:00:30.00,672.0,-79.63,-82.61,2
2016-07-07_20:00:30.00,674.0,-79.94,-82.84,2
2016-07-07_20:00:30.00,676.0,-80.99,-82.0,2
2016-07-07_20:00:30.00,678.0,-79.68,-82.75,1
2016-07-07_20:00:30.00,680.0,-76.34,-80.11,1
2016-07-07_20:00:30.00,682.0,-78.54,-79.79,2
2016-07-07_20:00:30.00,684.0,-79.85,-83.73,1
2016-07-07_20:00:30.00,686.0,-81.77,-78.7,3
2016-07-07_20:00:30.00,688.0,-76.66,-81.1,1
2016-07-07_20:00:30.00,690.0,-79.22,-83.39,1
2016-07-07_20:00:30.00,692.0,-82.06,-78.11,3
2016-07-07_20:00:30.00,694.0,-77.22,-81.25,1
2016-07-07_20:00:30.00,696.0,-77.16,-80.46,1
2016-07-07_20:00:30.00,698.0,-79.41,-82.85,1
2016-07-07_20:00:30.00,700.0,-76.33,-80.21,1
2016-07-07_20:00:30.00,702.0,-73.35,-80.36,1
2016-07-07_20:00:30.00,704.0,-77.78,-78.86,2
2016-07-07_20:00:30.00,706.0,-75.35,-81.04,1
2016-07-07_20:00:40.00,644.0,-80.33,-80.65,2
2016-07-07_20:00:40.00,646.0,-82.58,-78.95,3
2016-07-07_20:00:40.00,648.0,-83.15,-85.33,2
2016-07-07_20:00:40.00,650.0,-81.35,-79.42,2
2016-07-07_20:00:40.00,652.0,-87.58,-79.87,3
2016-07-07_20:00:40.00,654.0,-79.8,-79.04,2
2016-07-07_20:00:40.00,656.0,-81.88,-79.83,2
2016-07-07_20:00:40.00,658.0,-77.99,-81.24,1
2016-07-07_20:00:40.00,660.0,-83.68,-82.78,2
2016-07-07_20:00:40.00,662.0,-74.01,-79.85,1
2016-07-07_20:00:40.00,664.0,-81.14,-83.93,2
2016-07-07_20:00:40.00,666.0,-78.61,-84.16,1
2016-07-07_20:00:40.00,668.0,-85.16,-80.44,3
2016-07-07_20:00:40.00,670.0,-77.25,-83.12,1
2016-07-07_20:00:40.00,672.0,-76.06,-85.3,1
2016-07-07_20:00:40.00,674.0,-80.48,-80.13,2
2016-07-07_20:00:40.00,676.0,-80.04,-81.57,2
2016-07-07_20:00:40.00,678.0,-78.48,-79.54,2
2016-07-07_20:00:40.00,680.0,-79.57,-83.53,1
2016-07-07_20:00:40.00,682.0,-75.78,-83.4,1
2016-07-07_20:00:40.00,684.0,-83.61,-81.4,2
2016-07-07_20:00:40.00,686.0,-80.58,-82.14,2
2016-07-07_20:00:40.00,688.0,-76.97,-87.6,1
2016-07-07_20:00:50.00,628.0,-83.39,-76.23,3
2016-07-07_20:00:50.00,630.0,-78.26,-79.96,2
2016-07-07_20:00:50.00,632.0,-76.24,-78.21,2
2016-07-07_20:00:50.00,634.0,-84.25,-74.85,3
2016-07-07_20:00:50.00,636.0,-85.49,-79.37,3
2016-07-07_20:00:50.00,638.0,-83.46,-82.6,2
2016-07-07_20:00:50.00,640.0,-84.73,-82.48,2
2016-07-07_20:00:50.00,642.0,-77.71,-78.04,2
2016-07-07_20:00:50.00,644.0,-80.94,-82.57,2
2016-07-07_20:00:50.00,646.0,-82.73,-81.44,2
2016-07-07_20:00:50.00,648.0,-82.57,-85.75,1
2016-07-07_20:00:50.00,650.0,-82.29,-82.95,2
2016-07-07_20:00:50.00,652.0,-83.65,-84.32,2
2016-07-07_20:00:50.00,654.0,-77.16,-81.9,1
2016-07-07_20:00:50.00,656.0,-81.35,-80.71,2
2016-07-07_20:00:50.00,658.0,-79.86,-82.05,2
2016-07-07_20:00:50.00,660.0,-81.06,-82.16,2
2016-07-07_20:00:50.00,662.0,-83.01,-83.92,2
2016-07-07_20:00:50.00,664.0,-79.12,-77.78,2
2016-07-07_20:00:50.00,666.0,-77.65,-80.24,2
2016-07-07_20:00:50.00,668.0,-86.5,-80.73,3
2016-07-07_20:01:00.00,586.0,-83.83,-75.74,3
2016-07-07_20:01:00.00,588.0,-82.21,-76.18,3
2016-07-07_20:01:00.00,590.0,-79.35,-80.29,2
2016-07-07_20:01:00.00,592.0,-76.62,-79.64,1
2016-07-07_20:01:00.00,594.0,-84.59,-81.4,3
2016-07-07_20:01:00.00,596.0,-81.47,-75.94,3
2016-07-07_20:01:00.00,598.0,-78.01,-77.7,2
2016-07-07_20:01:00.00,600.0,-72.2,-79.54,1
2016-07-07_20:01:00.00,602.0,-77.74,-81.69,1
2016-07-07_20:01:00.00,604.0,-83.33,-82.62,2
2016-07-07_20:01:00.00,606.0,-77.13,-78.55,2
2016-07-07_20:01:00.00,608.0,-84.75,-76.97,3
2016-07-07_20:01:00.00,610.0,-84.44,-75.97,3
2016-07-07_20:01:00.00,612.0,-83.83,-78.42,3
2016-07-07_20:01:00.00,614.0,-82.29,-82.0,2
2016-07-07_20:01:00.00,616.0,-84.53,-79.01,3
2016-07-07_20:01:00.00,618.0,-77.89,-79.23,2
2016-07-07_20:01:00.00,620.0,-79.59,-79.17,2
2016-07-07_20:01:00.00,622.0,-80.43,-78.0,2
2016-07-07_20:01:00.00,624.0,-77.65,-81.27,1
2016-07-07_20:01:00.00,626.0,-81.42,-78.52,2
2016-07-07_20:01:10.00,580.0,-76.66,-74.97,2
2016-07-07_20:01:10.00,582.0,-75.84,-77.61,2
2016-07-07_20:01:10.00,584.0,-81.57,-78.19,3
2016-07-07_20:01:10.00,586.0,-79.29,-75.59,3
2016-07-07_20:01:10.00,588.0,-75.24,-78.2,2
2016-07-07_20:01:10.00,590.0,-75.57,-75.05,2
2016-07-07_20:01:10.00,592.0,-77.03,-76.22,2
2016-07-07_20:01:10.00,594.0,-78.53,-77.97,2
2016-07-07_20:01:10.00,596.0,-79.68,-79.27,2
2016-07-07_20:01:10.00,598.0,-78.59,-79.39,2
2016-07-07_20:01:10.00,600.0,-75.27,-79.26,1
2016-07-07_20:01:10.00,602.0,-79.08,-81.08,2
2016-07-07_20:01:10.00,604.0,-79.62,-79.01,2
2016-07-07_20:01:10.00,606.0,-80.12,-80.0,2
2016-07-07_20:01:10.00,608.0,-77.52,-81.64,1
2016-07-07_20:01:10.00,610.0,-79.63,-77.89,2
2016-07-07_20:01:10.00,612.0,-77.29,-78.57,2
2016-07-07_20:01:10.00,614.0,-79.81,-76.72,3
2016-07-07_20:01:10.00,616.0,-80.56,-78.87,2
2016-07-07_20:01:10.00,618.0,-77.69,-77.17,2
2016-07-07_20:01:10.00,620.0,-85.36,-79.57,3
2016-07-07_20:01:10.00,622.0,-80.36,-80.37,2
2016-07-07_20:01:20.00,562.0,-78.58,-72.43,3
2016-07-07_20:01:20.00,564.0,-77.56,-73.94,3
2016-07-07_20:01:20.00,566.0,-73.63,-69.23,3
2016-07-07_20:01:20.00,568.0,-72.72,-69.96,2
2016-07-07_20:01:20.00,570.0,-76.34,-72.12,3
2016-07-07_20:01:20.00,572.0,-75.52,-72.09,3
2016-07-07_20:01:20.00,574.0,-74.76,-69.33,3
2016-07-07_20:01:20.00,576.0,-73.4,-75.57,2
2016-07-07_20:01:20.00,578.0,-77.21,-75.26,2
2016-07-07_20:01:20.00,580.0,-75.74,-80.53,1
2016-07-07_20:01:20.00,582.0,-75.49,-80.35,1
2016-07-07_20:01:20.00,584.0,-75.87,-75.11,2
2016-07-07_20:01:20.00,586.0,-71.74,-73.63,2
2016-07-07_20:01:20.00,588.0,-77.97,-71.53,3
2016-07-07_20:01:20.00,590.0,-75.27,-76.48,2
2016-07-07_20:01:20.00,592.0,-77.24,-78.64,2
2016-07-07_20:01:20.00,594.0,-79.49,-78.19,2
2016-07-07_20:01:20.00,596.0,-82.1,-80.66,2
2016-07-07_20:01:20.00,598.0,-84.46,-86.08,2
2016-07-07_20:01:20.00,600.0,-79.17,-80.96,2
2016-07-07_20:01:20.00,602.0,-81.78,-76.71,3
2016-07-07_20:01:30.00,540.0,-72.72,-68.66,3
2016-07-07_20:01:30.00,542.0,-76.05,-70.71,3
2016-07-07_20:01:30.00,544.0,-71.33,-72.64,2
2016-07-07_20:01:30.00,546.0,-81.51,-73.22,3
2016-07-07_20:01:30.00,548.0,-80.91,-71.56,3
2016-07-07_20:01:30.00,550.0,-81.92,-72.32,3
2016-07-07_20:01:30.00,552.0,-76.97,-71.04,3
2016-07-07_20:01:30.00,554.0,-78.42,-71.86,3
2016-07-07_20:01:30.00,556.0,-78.15,-73.43,3
2016-07-07_20:01:30.00,558.0,-74.01,-74.1,2
2016-07-07_20:01:30.00,560.0,-79.31,-68.86,3
2016-07-07_20:01:30.00,562.0,-77.59,-74.73,2
2016-07-07_20:01:30.00,564.0,-78.87,-72.12,3
2016-07-07_20:01:30.00,566.0,-79.57,-75.72,3
2016-07-07_20:01:30.00,568.0,-71.9,-70.59,2
2016-07-07_20:01:30.00,570.0,-77.45,-72.26,3
2016-07-07_20:01:30.00,572.0,-75.29,-73.31,2
2016-07-07_20:01:30.00,574.0,-72.86,-70.35,2
2016-07-07_20:01:30.00,576.0,-78.8,-74.29,3
2016-07-07_20:01:30.00,578.0,-81.55,-75.69,3
2016-07-07_20:01:30.00,580.0,-76.22,-76.57,2
2016-07-07_20:01:40.00,518.0,-71.5,-65.51,3
2016-07-07_20:01:40.00,520.0,-70.75,-67.91,2
2016-07-07_20:01:40.00,522.0,-71.38,-70.36,2
2016-07-07_20:01:40.00,524.0,-70.8,-74.61,1
2016-07-07_20:01:40.00,526.0,-73.27,-69.26,3
2016-07-07_20:01:40.00,528.0,-72.29,-71.86,2
2016-07-07_20:01:40.00,530.0,-73.15,-69.67,3
2016-07-07_20:01:40.00,532.0,-74.74,-72.33,2
2016-07-07_20:01:40.00,534.0,-72.31,-66.95,3
2016-07-07_20:01:40.00,536.0,-73.35,-71.46,2
2016-07-07_20:01:40.00,538.0,-79.57,-70.08,3
2016-07-07_20:01:40.00,540.0,-74.77,-74.54,2
2016-07-07_20:01:40.00,542.0,-75.12,-67.29,3
2016-07-07_20:01:40.00,544.0,-77.09,-72.6,3
2016-07-07_20:01:40.00,546.0,-80.49,-72.9,3
2016-07-07_20:01:40.00,548.0,-76.92,-71.05,3
2016-07-07_20:01:40.00,550.0,-80.74,-74.46,3
2016-07-07_20:01:40.00,552.0,-73.61,-66.34,3
2016-07-07_20:01:40.00,554.0,-76.55,-70.75,3
2016-07-07_20:01:40.00,556.0,-80.93,-70.35,3
2016-07-07_20:01:40.00,558.0,-79.17,-75.88,3
2016-07-07_20:01:40.00,560.0,-77.36,-70.56,3
2016-07-07_20:01:50.00,500.0,-72.15,-67.22,3
2016-07-07_20:01:50.00,502.0,-68.29,-63.95,3
2016-07-07_20:01:50.00,504.0,-70.84,-64.38,3
2016-07-07_20:01:50.00,506.0,-70.43,-66.69,3
2016-07-07_20:01:50.00,508.0,-70.48,-65.62,3
2016-07-07_20:01:50.00,510.0,-71.17,-67.22,3
2016-07-07_20:01:50.00,512.0,-70.78,-65.19,3
2016-07-07_20:01:50.00,514.0,-69.33,-67.73,2
2016-07-07_20:01:50.00,516.0,-72.36,-70.3,2
2016-07-07_20:01:50.00,518.0,-67.95,-67.41,2
2016-07-07_20:01:50.00,520.0,-70.41,-67.99,2
2016-07-07_20:01:50.00,522.0,-70.68,-69.62,2
2016-07-07_20:01:50.00,524.0,-71.52,-69.29,2
2016-07-07_20:01:50.00,526.0,-71.07,-69.83,2
2016-07-07_20:01:50.00,528.0,-70.82,-68.85,2
2016-07-07_20:01:50.00,530.0,-74.08,-67.57,3
2016-07-07_20:01:50.00,532.0,-74.88,-68.94,3
2016-07-07_20:01:50.00,534.0,-73.78,-68.11,3
2016-07-07_20:01:50.00,536.0,-74.17,-66.87,3
2016-07-07_20:01:50.00,538.0,-76.95,-68.95,3
2016-07-07_20:01:50.00,540.0,-76.03,-71.55,3
2016-07-07_20:01:50.00,542.0,-73.83,-69.06,3
2016-07-07_20:02:00.00,488.0,-68.55,-71.13,2
2016-07-07_20:02:00.00,490.0,-70.81,-71.77,2
2016-07-07_20:02:00.00,492.0,-70.28,-65.08,3
2016-07-07_20:02:00.00,494.0,-70.37,-66.65,3
2016-07-07_20:02:00.00,496.0,-76.17,-71.73,3
2016-07-07_20:02:00.00,498.0,-71.49,-71.32,2
2016-07-07_20:02:00.00,500.0,-71.51,-63.08,3
2016-07-07_20:02:00.00,502.0,-69.43,-70.47,2
2016-07-07_20:02:00.00,504.0,-72.83,-65.86,3
2016-07-07_20:02:00.00,506.0,-70.76,-63.87,3
2016-07-07_20:02:00.00,508.0,-70.19,-68.06,2
2016-07-07_20:02:00.00,510.0,-68.22,-66.02,2
2016-07-07_20:02:00.00,512.0,-69.1,-67.38,2
2016-07-07_20:02:00.00,514.0,-69.64,-64.22,3
2016-07-07_20:02:00.00,516.0,-67.18,-66.61,2
2016-07-07_20:02:00.00,518.0,-72.54,-71.76,2
2016-07-07_20:02:00.00,520.0,-70.1,-69.17,2
2016-07-07_20:02:00.00,522.0,-72.08,-67.51,3
2016-07-07_20:02:00.00,524.0,-70.26,-72.23,2
2016-07-07_20:02:00.00,526.0,-73.47,-70.54,2
2016-07-07_20:02:00.00,528.0,-71.33,-67.42,3
2016-07-07_20:02:10.00,480.0,-67.88,-64.7,3
2016-07-07_20:02:10.00,482.0,-72.42,-66.98,3
2016-07-07_20:02:10.00,484.0,-75.24,-61.4,3
2016-07-07_20:02:10.00,486.0,-70.43,-63.06,3
2016-07-07_20:02:10.00,488.0,-69.58,-62.43,3
2016-07-07_20:02:10.00,490.0,-69.26,-66.32,2
2016-07-07_20:02:10.00,492.0,-73.37,-67.81,3
2016-07-07_20:02:10.00,494.0,-73.53,-65.99,3
2016-07-07_20:02:10.00,496.0,-74.63,-66.06,3
2016-07-07_20:02:10.00,498.0,-69.33,-66.08,3
2016-07-07_20:02:10.00,500.0,-71.87,-68.5,3
2016-07-07_20:02:10.00,502.0,-70.79,-70.21,2
2016-07-07_20:02:10.00,504.0,-70.16,-71.41,2
2016-07-07_20:02:10.00,506.0,-69.79,-63.41,3
2016-07-07_20:02:10.00,508.0,-76.58,-65.35,3
2016-07-07_20:02:10.00,510.0,-75.32,-64.92,3
2016-07-07_20:02:10.00,512.0,-71.6,-68.44,3
2016-07-07_20:02:10.00,514.0,-71.39,-66.7,3
2016-07-07_20:02:10.00,516.0,-74.97,-68.46,3
2016-07-07_20:02:10.00,518.0,-70.52,-65.77,3
2016-07-07_20:02:10.00,520.0,-71.61,-67.97,3
2016-07-07_20:02:10.00,522.0,-67.54,-65.21,2
2016-07-07_20:02:20.00,458.0,-73.24,-66.0,3
2016-07-07_20:02:20.00,460.0,-74.59,-69.17,3
2016-07-07_20:02:20.00,462.0,-73.81,-65.02,3
2016-07-07_20:02:20.00,464.0,-77.66,-64.96,3
2016-07-07_20:02:20.00,466.0,-74.24,-65.01,3
2016-07-07_20:02:20.00,468.0,-75.76,-63.43,3
2016-07-07_20:02:20.00,470.0,-72.42,-67.8,3
2016-07-07_20:02:20.00,472.0,-74.41,-67.79,3
2016-07-07_20:02:20.00,474.0,-76.65,-64.97,3
2016-07-07_20:02:20.00,476.0,-75.25,-66.31,3
2016-07-07_20:02:20.00,478.0,-73.43,-71.48,2
2016-07-07_20:02:20.00,480.0,-75.04,-68.02,3
2016-07-07_20:02:20.00,482.0,-76.6,-65.28,3
2016-07-07_20:02:20.00,484.0,-69.4,-63.15,3
2016-07-07_20:02:20.00,486.0,-68.26,-66.06,2
2016-07-07_20:02:20.00,488.0,-74.51,-67.12,3
2016-07-07_20:02:20.00,490.0,-69.69,-65.8,3
2016-07-07_20:02:20.00,492.0,-73.78,-64.33,3
2016-07-07_20:02:20.00,494.0,-71.08,-67.13,3
2016-07-07_20:02:20.00,496.0,-75.05,-67.64,3
2016-07-07_20:02:20.00,498.0,-72.29,-66.45,3
2016-07-07_20:02:20.00,500.0,-73.64,-67.31,3
2016-07-07_20:02:20.00,502.0,-72.98,-64.74,3
2016-07-07_20:02:30.00,432.0,-74.17,-73.69,2
2016-07-07_20:02:30.00,434.0,-73.62,-73.22,2
2016-07-07_20:02:30.00,436.0,-73.31,-67.82,3
2016-07-07_20:02:30.00,438.0,-74.17,-70.19,3
2016-07-07_20:02:30.00,440.0,-71.17,-68.1,3
2016-07-07_20:02:30.00,442.0,-72.56,-70.63,2
2016-07-07_20:02:30.00,444.0,-78.28,-72.75,3
2016-07-07_20:02:30.00,446.0,-74.6,-69.65,3
2016-07-07_20:02:30.00,448.0,-76.25,-64.87,3
2016-07-07_20:02:30.00,450.0,-73.1,-63.26,3
2016-07-07_20:02:30.00,452.0,-72.21,-62.31,3
2016-07-07_20:02:30.00,454.0,-71.86,-60.59,3
2016-07-07_20:02:30.00,456.0,-73.55,-63.86,3
2016-07-07_20:02:30.00,458.0,-71.08,-63.4,3
2016-07-07_20:02:30.00,460.0,-75.61,-63.19,3
2016-07-07_20:02:30.00,462.0,-73.4,-66.44,3
2016-07-07_20:02:30.00,464.0,-71.2,-68.7,2
2016-07-07_20:02:30.00,466.0,-71.31,-67.81,3
2016-07-07_20:02:30.00,468.0,-71.27,-63.99,3
2016-07-07_20:02:30.00,470.0,-71.52,-66.32,3
2016-07-07_20:02:30.00,472.0,-71.39,-67.28,3
2016-07-07_20:02:40.00,406.0,-69.7,-75.82,1
2016-07-07_20:02:40.00,408.0,-67.2,-75.43,1
2016-07-07_20:02:40.00,410.0,-71.43,-74.66,1
2016-07-07_20:02:40.00,412.0,-73.64,-73.87,2
2016-07-07_20:02:40.00,414.0,-70.09,-74.41,1
2016-07-07_20:02:40.00,416.0,-71.99,-75.03,1
2016-07-07_20:02:40.00,418.0,-69.18,-77.33,1
2016-07-07_20:02:40.00,420.0,-77.2,-74.84,2
2016-07-07_20:02:40.00,422.0,-72.83,-76.57,1
2016-07-07_20:02:40.00,424.0,-69.93,-76.49,1
2016-07-07_20:02:40.00,426.0,-73.81,-70.56,3
2016-07-07_20:02:40.00,428.0,-70.89,-75.25,1
2016-07-07_20:02:40.00,430.0,-76.83,-79.37,2
2016-07-07_20:02:40.00,432.0,-76.65,-74.22,2
2016-07-07_20:02:40.00,434.0,-75.56,-74.46,2
2016-07-07_20:02:40.00,436.0,-78.62,-72.91,3
2016-07-07_20:02:40.00,438.0,-74.71,-69.44,3
2016-07-07_20:02:40.00,440.0,-69.13,-69.05,2
2016-07-07_20:02:40.00,442.0,-70.37,-71.23,2
2016-07-07_20:02:40.00,444.0,-76.63,-71.82,3
2016-07-07_20:02:40.00,446.0,-75.46,-72.39,3
2016-07-07_20:02:50.00,384.0,-63.65,-74.13,1
2016-07-07_20:02:50.00,386.0,-71.26,-76.35,1
2016-07-07_20:02:50.00,388.0,-72.1,-74.25,2
2016-07-07_20:02:50.00,390.0,-65.43,-75.09,1
2016-07-07_20:02:50.00,392.0,-66.49,-73.92,1
2016-07-07_20:02:50.00,394.0,-67.37,-76.03,1
2016-07-07_20:02:50.00,396.0,-71.78,-73.98,2
2016-07-07_20:02:50.00,398.0,-72.01,-74.4,2
2016-07-07_20:02:50.00,400.0,-73.23,-75.39,2
2016-07-07_20:02:50.00,402.0,-71.76,-78.61,1
2016-07-07_20:02:50.00,404.0,-68.59,-74.49,1
2016-07-07_20:02:50.00,406.0,-71.68,-79.29,1
2016-07-07_20:02:50.00,408.0,-67.46,-78.55,1
2016-07-07_20:02:50.00,410.0,-70.22,-76.93,1
2016-07-07_20:02:50.00,412.0,-71.5,-76.22,1
2016-07-07_20:02:50.00,414.0,-71.89,-78.22,1
2016-07-07_20:02:50.00,416.0,-68.92,-74.75,1
2016-07-07_20:02:50.00,418.0,-76.12,-74.04,2
2016-07-07_20:02:50.00,420.0,-69.07,-77.2,1
2016-07-07_20:02:50.00,422.0,-69.8,-72.76,2
2016-07-07_20:03:00.00,360.0,-81.5,-80.99,2
2016-07-07_20:03:00.00,362.0,-81.87,-78.11,3
2016-07-07_20:03:00.00,364.0,-83.36,-82.59,2
2016-07-07_20:03:00.00,366.0,-77.2,-83.88,1
2016-07-07_20:03:00.00,368.0,-76.74,-83.27,1
2016-07-07_20:03:00.00,370.0,-81.31,-82.28,2
2016-07-07_20:03:00.00,372.0,-75.8,-84.02,1
2016-07-07_20:03:00.00,374.0,-73.72,-78.67,1
2016-07-07_20:03:00.00,376.0,-72.47,-79.09,1
2016-07-07_20:03:00.00,378.0,-71.92,-77.19,1
2016-07-07_20:03:00.00,380.0,-73.35,-76.35,2
2016-07-07_20:03:00.00,382.0,-64.79,-74.79,1
2016-07-07_20:03:00.00,384.0,-63.25,-72.46,1
2016-07-07_20:03:00.00,386.0,-70.89,-74.25,1
2016-07-07_20:03:00.00,388.0,-63.99,-72.59,1
2016-07-07_20:03:00.00,390.0,-64.69,-73.69,1
2016-07-07_20:03:00.00,392.0,-65.98,-77.22,1
2016-07-07_20:03:00.00,394.0,-66.11,-74.12,1
2016-07-07_20:03:00.00,396.0,-69.6,-74.35,1
2016-07-07_20:03:10.00,342.0,-76.6,-77.21,2
2016-07-07_20:03:10.00,344.0,-78.58,-77.31,2
2016-07-07_20:03:10.00,346.0,-81.71,-78.44,3
2016-07-07_20:03:10.00,348.0,-82.34,-78.38,3
2016-07-07_20:03:10.00,350.0,-84.72,-80.19,3
2016-07-07_20:03:10.00,352.0,-81.01,-81.4,2
2016-07-07_20:03:10.00,354.0,-83.88,-79.53,3
2016-07-07_20:03:10.00,356.0,-81.96,-80.47,2
2016-07-07_20:03:10.00,358.0,-77.32,-80.33,1
2016-07-07_20:03:10.00,360.0,-78.64,-82.52,1
2016-07-07_20:03:10.00,362.0,-79.52,-82.3,2
2016-07-07_20:03:10.00,364.0,-79.04,-82.83,1
2016-07-07_20:03:10.00,366.0,-78.45,-79.02,2
2016-07-07_20:03:10.00,368.0,-79.28,-81.03,2
2016-07-07_20:03:10.00,370.0,-81.85,-80.56,2
2016-07-07_20:03:10.00,372.0,-77.99,-80.13,2
2016-07-07_20:03:10.00,374.0,-71.39,-74.97,1
2016-07-07_20:03:10.00,376.0,-74.07,-80.18,1
2016-07-07_20:03:10.00,378.0,-68.86,-78.55,1
2016-07-07_20:03:10.00,380.0,-74.75,-77.24,2
2016-07-07_20:03:20.00,336.0,-82.73,-71.11,3
2016-07-07_20:03:20.00,338.0,-85.59,-75.45,3
2016-07-07_20:03:20.00,340.0,-78.33,-78.53,2
2016-07-07_20:03:20.00,342.0,-81.7,-78.71,2
2016-07-07_20:03:20.00,344.0,-84.16,-79.88,3
2016-07-07_20:03:20.00,346.0,-91.59,-82.05,3
2016-07-07_20:03:20.00,348.0,-82.98,-77.14,3
2016-07-07_20:03:20.00,350.0,-79.57,-85.64,1
2016-07-07_20:03:20.00,352.0,-82.61,-78.24,3
2016-07-07_20:03:20.00,354.0,-77.18,-80.06,2
2016-07-07_20:03:20.00,356.0,-76.71,-84.34,1
2016-07-07_20:03:20.00,358.0,-81.7,-81.75,2
2016-07-07_20:03:20.00,360.0,-79.45,-82.95,1
2016-07-07_20:03:20.00,362.0,-80.3,-79.31,2
2016-07-07_20:03:20.00,364.0,-73.46,-81.37,1
2016-07-07_20:03:20.00,366.0,-79.54,-81.59,2
2016-07-07_20:03:20.00,368.0,-74.05,-80.63,1
2016-07-07_20:03:20.00,370.0,-78.2,-82.49,1
2016-07-07_20:03:20.00,372.0,-75.64,-80.14,1
2016-07-07_20:03:20.00,374.0,-74.21,-79.62,1
2016-07-07_20:03:30.00,346.0,-82.39,-81.6,2
2016-07-07_20:03:30.00,348.0,-81.56,-82.92,2
2016-07-07_20:03:30.00,350.0,-77.35,-79.31,2
2016-07-07_20:03:30.00,352.0,-85.09,-84.33,2
2016-07-07_20:03:30.00,354.0,-78.15,-81.06,2
2016-07-07_20:03:30.00,356.0,-81.03,-84.8,1
2016-07-07_20:03:30.00,358.0,-88.67,-84.26,3
2016-07-07_20:03:30.00,360.0,-75.43,-81.61,1
2016-07-07_20:03:30.00,362.0,-76.6,-79.99,1
2016-07-07_20:03:30.00,364.0,-73.82,-77.57,1
2016-07-07_20:03:30.00,366.0,-74.98,-81.87,1
2016-07-07_20:03:30.00,368.0,-73.46,-79.34,1
2016-07-07_20:03:30.00,370.0,-77.44,-80.46,1
2016-07-07_20:03:30.00,372.0,-70.41,-80.1,1
2016-07-07_20:03:30.00,374.0,-68.1,-75.34,1
2016-07-07_20:03:30.00,376.0,-67.77,-74.44,1
2016-07-07_20:03:30.00,378.0,-67.45,-73.78,1
2016-07-07_20:03:30.00,380.0,-70.33,-72.1,2
2016-07-07_20:03:30.00,382.0,-69.43,-81.58,1
2016-07-07_20:03:30.00,384.0,-72.25,-75.92,1
2016-07-07_20:03:30.00,386.0,-64.93,-79.22,1
2016-07-07_20:03:30.00,388.0,-63.27,-72.48,1
2016-07-07_20:03:30.00,390.0,-73.75,-73.18,2
2016-07-07_20:03:40.00,350.0,-78.81,-80.35,2
2016-07-07_20:03:40.00,352.0,-81.79,-79.89,2
2016-07-07_20:03:40.00,354.0,-85.1,-81.69,3
2016-07-07_20:03:40.00,356.0,-84.15,-84.35,2
2016-07-07_20:03:40.00,358.0,-75.91,-85.49,1
2016-07-07_20:03:40.00,360.0,-77.85,-78.25,2
2016-07-07_20:03:40.00,362.0,-75.06,-78.56,1
2016-07-07_20:03:40.00,364.0,-81.07,-79.04,2
2016-07-07_20:03:40.00,366.0,-76.43,-79.32,2
2016-07-07_20:03:40.00,368.0,-77.34,-76.17,2
2016-07-07_20:03:40.00,370.0,-73.35,-78.6,1
2016-07-07_20:03:40.00,372.0,-72.27,-74.84,2
2016-07-07_20:03:40.00,374.0,-70.65,-78.4,1
2016-07-07_20:03:40.00,376.0,-68.64,-77.72,1
2016-07-07_20:03:40.00,378.0,-67.36,-75.93,1
2016-07-07_20:03:40.00,380.0,-65.33,-73.44,1
2016-07-07_20:03:40.00,382.0,-63.26,-77.22,1
2016-07-07_20:03:40.00,384.0,-64.53,-73.53,1
2016-07-07_20:03:40.00,386.0,-64.18,-77.03,1
2016-07-07_20:03:40.00,388.0,-67.75,-74.17,1
2016-07-07_20:03:40.00,390.0,-70.59,-75.74,1
2016-07-07_20:03:40.00,392.0,-67.54,-73.43,1
2016-07-07_20:03:50.00,354.0,-80.62,-83.5,2
2016-07-07_20:03:50.00,356.0,-81.55,-81.49,2
2016-07-07_20:03:50.00,358.0,-81.28,-79.64,2
2016-07-07_20:03:50.00,360.0,-77.94,-80.22,2
2016-07-07_20:03:50.00,362.0,-78.94,-75.86,3
2016-07-07_20:03:50.00,364.0,-76.97,-78.2,2
2016-07-07_20:03:50.00,366.0,-73.91,-81.15,1
2016-07-07_20:03:50.00,368.0,-74.03,-77.29,1
2016-07-07_20:03:50.00,370.0,-74.24,-81.7,1
2016-07-07_20:03:50.00,372.0,-70.93,-78.19,1
2016-07-07_20:03:50.00,374.0,-67.82,-79.43,1
2016-07-07_20:03:50.00,376.0,-69.17,-76.24,1
2016-07-07_20:03:50.00,378.0,-70.23,-74.17,1
2016-07-07_20:03:50.00,380.0,-70.03,-75.28,1
2016-07-07_20:03:50.00,382.0,-68.19,-77.01,1
2016-07-07_20:03:50.00,384.0,-66.68,-72.79,1
2016-07-07_20:03:50.00,386.0,-67.17,-74.21,1
2016-07-07_20:03:50.00,388.0,-67.87,-77.41,1
2016-07-07_20:03:50.00,390.0,-65.86,-75.62,1
2016-07-07_20:03:50.00,392.0,-68.63,-72.19,1
2016-07-07_20:03:50.00,394.0,-65.83,-74.33,1
2016-07-07_20:04:00.00,346.0,-83.97,-82.84,2
2016-07-07_20:04:00.00,348.0,-83.47,-78.31,3
2016-07-07_20:04:00.00,350.0,-87.89,-86.23,2
2016-07-07_20:04:00.00,352.0,-83.31,-82.87,2
2016-07-07_20:04:00.00,354.0,-79.19,-77.05,2
2016-07-07_20:04:00.00,356.0,-80.09,-78.73,2
2016-07-07_20:04:00.00,358.0,-84.34,-81.44,2
2016-07-07_20:04:00.00,360.0,-77.73,-79.08,2
2016-07-07_20:04:00.00,362.0,-77.96,-76.82,2
2016-07-07_20:04:00.00,364.0,-76.52,-78.98,2
2016-07-07_20:04:00.00,366.0,-75.76,-82.72,1
2016-07-07_20:04:00.00,368.0,-79.13,-76.12,3
2016-07-07_20:04:00.00,370.0,-76.79,-76.74,2
2016-07-07_20:04:00.00,372.0,-69.29,-78.42,1
2016-07-07_20:04:00.00,374.0,-68.52,-77.86,1
2016-07-07_20:04:00.00,376.0,-68.68,-78.7,1
2016-07-07_20:04:00.00,378.0,-67.7,-75.86,1
2016-07-07_20:04:00.00,380.0,-64.31,-77.24,1
2016-07-07_20:04:00.00,382.0,-66.3,-76.45,1
2016-07-07_20:04:00.00,384.0,-67.32,-74.96,1
2016-07-07_20:04:00.00,386.0,-66.56,-75.79,1
2016-07-07_20:04:00.00,388.0,-66.68,-79.86,1
2016-07-07_20:04:00.00,390.0,-71.25,-76.45,1
2016-07-07_20:04:10.00,330.0,-84.4,-81.47,2
2016-07-07_20:04:10.00,332.0,-80.42,-77.89,2
2016-07-07_20:04:10.00,334.0,-84.63,-74.75,3
2016-07-07_20:04:10.00,336.0,-81.87,-79.35,2
2016-07-07_20:04:10.00,338.0,-86.29,-71.74,3
2016-07-07_20:04:10.00,340.0,-88.92,-73.44,3
2016-07-07_20:04:10.00,342.0,-82.05,-79.13,2
2016-07-07_20:04:10.00,344.0,-84.9,-77.43,3
2016-07-07_20:04:10.00,346.0,-88.49,-76.1,3
2016-07-07_20:04:10.00,348.0,-82.86,-79.96,2
2016-07-07_20:04:10.00,350.0,-84.57,-82.21,2
2016-07-07_20:04:10.00,352.0,-82.78,-81.26,2
2016-07-07_20:04:10.00,354.0,-81.3,-81.32,2
2016-07-07_20:04:10.00,356.0,-77.03,-78.62,2
2016-07-07_20:04:10.00,358.0,-81.39,-78.31,3
2016-07-07_20:04:10.00,360.0,-80.73,-80.19,2
2016-07-07_20:04:10.00,362.0,-78.46,-79.71,2
2016-07-07_20:04:10.00,364.0,-82.31,-78.62,3
2016-07-07_20:04:10.00,366.0,-74.6,-80.06,1
2016-07-07_20:04:10.00,368.0,-74.34,-78.72,1
2016-07-07_20:04:10.00,370.0,-76.98,-75.89,2
2016-07-07_20:04:20.00,312.0,-80.0,-90.54,1
2016-07-07_20:04:20.00,314.0,-86.78,-91.63,1
2016-07-07_20:04:20.00,316.0,-92.73,-88.74,3
2016-07-07_20:04:20.00,318.0,-82.28,-91.14,1
2016-07-07_20:04:20.00,320.0,-82.49,-86.7,1
2016-07-07_20:04:20.00,322.0,-84.43,-84.76,2
2016-07-07_20:04:20.00,324.0,-84.92,-87.93,1
2016-07-07_20:04:20.00,326.0,-82.73,-81.81,2
2016-07-07_20:04:20.00,328.0,-82.75,-87.48,1
2016-07-07_20:04:20.00,330.0,-80.27,-76.24,3
2016-07-07_20:04:20.00,332.0,-80.49,-73.66,3
2016-07-07_20:04:20.00,334.0,-81.66,-73.31,3
2016-07-07_20:04:20.00,336.0,-86.11,-76.59,3
2016-07-07_20:04:20.00,338.0,-87.51,-74.85,3
2016-07-07_20:04:20.00,340.0,-82.99,-74.46,3
2016-07-07_20:04:20.00,342.0,-87.61,-78.29,3
2016-07-07_20:04:20.00,344.0,-84.61,-79.95,3
2016-07-07_20:04:20.00,346.0,-85.03,-82.95,2
2016-07-07_20:04:20.00,348.0,-85.46,-79.89,3
2016-07-07_20:04:20.00,350.0,-88.14,-85.23,2
2016-07-07_20:04:30.00,294.0,-84.08,-88.61,1
2016-07-07_20:04:30.00,296.0,-85.04,-90.72,1
2016-07-07_20:04:30.00,298.0,-86.15,-88.73,2
2016-07-07_20:04:30.00,300.0,-87.8,-82.95,3
2016-07-07_20:04:30.00,302.0,-87.29,-88.56,2
2016-07-07_20:04:30.00,304.0,-87.28,-89.16,2
2016-07-07_20:04:30.00,306.0,-84.23,-86.54,2
2016-07-07_20:04:30.00,308.0,-85.53,-84.05,2
2016-07-07_20:04:30.00,310.0,-88.15,-84.72,3
2016-07-07_20:04:30.00,312.0,-85.08,-86.86,2
2016-07-07_20:04:30.00,314.0,-84.22,-86.76,2
2016-07-07_20:04:30.00,316.0,-82.91,-89.35,1
2016-07-07_20:04:30.00,318.0,-85.86,-86.22,2
2016-07-07_20:04:30.00,320.0,-87.2,-89.11,2
2016-07-07_20:04:30.00,322.0,-87.43,-85.05,2
2016-07-07_20:04:30.00,324.0,-83.39,-77.71,3
2016-07-07_20:04:30.00,326.0,-89.37,-81.84,3
2016-07-07_20:04:30.00,328.0,-83.89,-76.87,3
2016-07-07_20:04:30.00,330.0,-81.59,-77.78,3
2016-07-07_20:04:30.00,332.0,-82.12,-74.0,3
2016-07-07_20:04:30.00,334.0,-78.5,-74.16,3
2016-07-07_20:04:40.00,288.0,-85.74,-88.1,2
2016-07-07_20:04:40.00,290.0,-85.94,-84.44,2
2016-07-07_20:04:40.00,292.0,-93.28,-89.21,3
2016-07-07_20:04:40.00,294.0,-91.25,-88.88,2
2016-07-07_20:04:40.00,296.0,-85.6,-90.22,1
2016-07-07_20:04:40.00,298.0,-82.85,-89.46,1
2016-07-07_20:04:40.00,300.0,-91.34,-91.37,2
2016-07-07_20:04:40.00,302.0,-89.72,-91.39,2
2016-07-07_20:04:40.00,304.0,-83.1,-90.62,1
2016-07-07_20:04:40.00,306.0,-84.73,-87.47,2
2016-07-07_20:04:40.00,308.0,-85.44,-90.4,1
2016-07-07_20:04:40.00,310.0,-86.54,-88.07,2
2016-07-07_20:04:40.00,312.0,-83.62,-87.09,1
2016-07-07_20:04:40.00,314.0,-82.84,-86.75,1
2016-07-07_20:04:40.00,316.0,-89.71,-92.36,2
2016-07-07_20:04:40.00,318.0,-82.54,-86.43,1
2016-07-07_20:04:40.00,320.0,-82.63,-84.64,2
2016-07-07_20:04:40.00,322.0,-90.42,-91.26,2
2016-07-07_20:04:40.00,324.0,-91.41,-79.83,3
2016-07-07_20:04:40.00,326.0,-87.81,-76.71,3
2016-07-07_20:04:40.00,328.0,-79.89,-82.86,2
2016-07-07_20:04:50.00,288.0,-93.43,-92.01,2
2016-07-07_20:04:50.00,290.0,-92.47,-93.93,2
2016-07-07_20:04:50.00,292.0,-83.93,-88.65,1
2016-07-07_20:04:50.00,294.0,-83.42,-90.9,1
2016-07-07_20:04:50.00,296.0,-87.49,-89.97,2
2016-07-07_20:04:50.00,298.0,-85.91,-89.94,1
2016-07-07_20:04:50.00,300.0,-82.96,-87.77,1
2016-07-07_20:04:50.00,302.0,-81.52,-83.45,2
2016-07-07_20:04:50.00,304.0,-80.58,-80.21,2
2016-07-07_20:04:50.00,306.0,-80.79,-85.7,1
2016-07-07_20:04:50.00,308.0,-87.68,-90.5,2
2016-07-07_20:04:50.00,310.0,-85.23,-91.13,1
2016-07-07_20:04:50.00,312.0,-85.84,-88.3,2
2016-07-07_20:04:50.00,314.0,-83.87,-89.97,1
2016-07-07_20:04:50.00,316.0,-83.09,-88.24,1
2016-07-07_20:04:50.00,318.0,-85.05,-88.2,1
2016-07-07_20:04:50.00,320.0,-80.64,-86.51,1
2016-07-07_20:04:50.00,322.0,-81.21,-82.84,2
2016-07-07_20:04:50.00,324.0,-81.95,-86.86,1
2016-07-07_20:04:50.00,326.0,-79.43,-82.19,2
2016-07-07_20:04:50.00,328.0,-82.75,-77.51,3
2016-07-07_20:05:00.00,286.0,-92.19,-89.8,2
2016-07-07_20:05:00.00,288.0,-90.83,-97.15,1
2016-07-07_20:05:00.00,290.0,-85.81,-89.49,1
2016-07-07_20:05:00.00,292.0,-87.23,-91.37,1
2016-07-07_20:05:00.00,294.0,-82.82,-89.23,1
2016-07-07_20:05:00.00,296.0,-84.0,-84.87,2
2016-07-07_20:05:00.00,298.0,-80.91,-83.95,1
2016-07-07_20:05:00.00,300.0,-82.85,-89.2,1
2016-07-07_20:05:00.00,302.0,-81.2,-85.69,1
2016-07-07_20:05:00.00,304.0,-83.59,-85.61,2
2016-07-07_20:05:00.00,306.0,-86.27,-87.94,2
2016-07-07_20:05:00.00,308.0,-84.83,-88.12,1
2016-07-07_20:05:00.00,310.0,-81.55,-88.4,1
2016-07-07_20:05:00.00,312.0,-79.22,-86.03,1
2016-07-07_20:05:00.00,314.0,-88.19,-92.81,1
2016-07-07_20:05:00.00,316.0,-79.48,-83.55,1
2016-07-07_20:05:00.00,318.0,-83.03,-86.5,1
2016-07-07_20:05:00.00,320.0,-82.62,-78.97,3
2016-07-07_20:05:00.00,322.0,-81.7,-82.42,2
2016-07-07_20:05:00.00,324.0,-83.62,-81.31,2
2016-07-07_20:05:00.00,326.0,-77.93,-78.13,2
2016-07-07_20:05:10.00,294.0,-86.63,-88.92,2
2016-07-07_20:05:10.00,296.0,-81.95,-88.29,1
2016-07-07_20:05:10.00,298.0,-78.11,-91.42,1
2016-07-07_20:05:10.00,300.0,-80.38,-87.61,1
2016-07-07_20:05:10.00,302.0,-85.35,-91.87,1
2016-07-07_20:05:10.00,304.0,-86.09,-88.21,2
2016-07-07_20:05:10.00,306.0,-83.27,-89.52,1
2016-07-07_20:05:10.00,308.0,-82.49,-85.16,2
2016-07-07_20:05:10.00,310.0,-81.85,-85.01,1
2016-07-07_20:05:10.00,312.0,-82.15,-90.38,1
2016-07-07_20:05:10.00,314.0,-87.0,-86.75,2
2016-07-07_20:05:10.00,316.0,-82.55,-82.61,2
2016-07-07_20:05:10.00,318.0,-83.22,-82.41,2
2016-07-07_20:05:10.00,320.0,-79.23,-77.77,2
2016-07-07_20:05:10.00,322.0,-80.8,-76.6,3
2016-07-07_20:05:10.00,324.0,-83.43,-76.5,3
2016-07-07_20:05:10.00,326.0,-85.83,-73.52,3
2016-07-07_20:05:10.00,328.0,-82.03,-76.09,3
2016-07-07_20:05:10.00,330.0,-84.94,-72.05,3
2016-07-07_20:05:20.00,302.0,-85.16,-87.88,2
2016-07-07_20:05:20.00,304.0,-79.46,-92.98,1
2016-07-07_20:05:20.00,306.0,-85.73,-83.86,2
2016-07-07_20:05:20.00,308.0,-82.9,-89.72,1
2016-07-07_20:05:20.00,310.0,-84.66,-92.48,1
2016-07-07_20:05:20.00,312.0,-83.38,-89.45,1
2016-07-07_20:05:20.00,314.0,-81.47,-85.79,1
2016-07-07_20:05:20.00,316.0,-78.56,-87.91,1
2016-07-07_20:05:20.00,318.0,-81.1,-82.52,2
2016-07-07_20:05:20.00,320.0,-87.67,-81.72,3
2016-07-07_20:05:20.00,322.0,-79.76,-78.01,2
2016-07-07_20:05:20.00,324.0,-79.79,-74.61,3
2016-07-07_20:05:20.00,326.0,-76.65,-71.84,3
2016-07-07_20:05:20.00,328.0,-87.17,-71.92,3
2016-07-07_20:05:20.00,330.0,-84.69,-74.31,3
2016-07-07_20:05:20.00,332.0,-83.69,-70.57,3
2016-07-07_20:05:20.00,334.0,-84.24,-76.62,3
2016-07-07_20:05:20.00,336.0,-85.32,-76.77,3
2016-07-07_20:05:20.00,338.0,-84.02,-78.21,3
2016-07-07_20:05:20.00,340.0,-83.66,-78.75,3
2016-07-07_20:05:20.00,342.0,-83.25,-76.67,3
2016-07-07_20:05:30.00,314.0,-82.56,-90.16,1
2016-07-07_20:05:30.00,316.0,-75.68,-83.1,1
2016-07-07_20:05:30.00,318.0,-84.38,-87.0,2
2016-07-07_20:05:30.00,320.0,-82.19,-79.31,2
2016-07-07_20:05:30.00,322.0,-79.16,-74.88,3
2016-07-07_20:05:30.00,324.0,-85.03,-77.3,3
2016-07-07_20:05:30.00,326.0,-84.44,-68.05,3
2016-07-07_20:05:30.00,328.0,-82.9,-73.23,3
2016-07-07_20:05:30.00,330.0,-79.92,-73.72,3
2016-07-07_20:05:30.00,332.0,-86.01,-76.65,3
2016-07-07_20:05:30.00,334.0,-80.1,-77.63,2
2016-07-07_20:05:30.00,336.0,-82.11,-79.1,3
2016-07-07_20:05:30.00,338.0,-81.87,-76.78,3
2016-07-07_20:05:30.00,340.0,-83.64,-78.8,3
2016-07-07_20:05:30.00,342.0,-82.89,-80.74,2
2016-07-07_20:05:30.00,344.0,-84.58,-81.95,2
2016-07-07_20:05:30.00,346.0,-83.28,-80.26,3
2016-07-07_20:05:30.00,348.0,-76.35,-82.61,1
2016-07-07_20:05:30.00,350.0,-81.51,-81.2,2
2016-07-07_20:05:30.00,352.0,-81.78,-78.7,3
2016-07-07_20:05:30.00,354.0,-91.2,-87.01,3
2016-07-07_20:05:40.00,322.0,-83.6,-76.06,3
2016-07-07_20:05:40.00,324.0,-89.73,-72.57,3
2016-07-07_20:05:40.00,326.0,-82.68,-73.93,3
2016-07-07_20:05:40.00,328.0,-80.12,-75.62,3
2016-07-07_20:05:40.00,330.0,-87.97,-75.14,3
2016-07-07_20:05:40.00,332.0,-83.63,-70.91,3
2016-07-07_20:05:40.00,334.0,-87.07,-73.61,3
2016-07-07_20:05:40.00,336.0,-82.05,-80.61,2
2016-07-07_20:05:40.00,338.0,-83.51,-80.02,3
2016-07-07_20:05:40.00,340.0,-79.82,-78.85,2
2016-07-07_20:05:40.00,342.0,-78.21,-75.36,2
2016-07-07_20:05:40.00,344.0,-76.14,-78.35,2
2016-07-07_20:05:40.00,346.0,-77.58,-80.6,1
2016-07-07_20:05:40.00,348.0,-80.51,-84.77,1
2016-07-07_20:05:40.00,350.0,-81.79,-76.91,3
2016-07-07_20:05:40.00,352.0,-81.5,-81.83,2
2016-07-07_20:05:40.00,354.0,-78.81,-81.08,2
2016-07-07_20:05:40.00,356.0,-73.65,-84.8,1
2016-07-07_20:05:40.00,358.0,-75.44,-78.28,2
2016-07-07_20:05:40.00,360.0,-76.38,-79.83,1
2016-07-07_20:05:50.00,330.0,-81.18,-77.2,3
2016-07-07_20:05:50.00,332.0,-86.41,-77.69,3
2016-07-07_20:05:50.00,334.0,-84.67,-74.15,3
2016-07-07_20:05:50.00,336.0,-80.49,-75.64,3
2016-07-07_20:05:50.00,338.0,-79.89,-79.21,2
2016-07-07_20:05:50.00,340.0,-83.38,-78.56,3
2016-07-07_20:05:50.00,342.0,-78.85,-78.27,2
2016-07-07_20:05:50.00,344.0,-76.96,-82.07,1
2016-07-07_20:05:50.00,346.0,-77.96,-79.46,2
2016-07-07_20:05:50.00,348.0,-79.83,-80.34,2
2016-07-07_20:05:50.00,350.0,-75.9,-79.47,1
2016-07-07_20:05:50.00,352.0,-81.64,-80.77,2
2016-07-07_20:05:50.00,354.0,-79.82,-77.82,2
2016-07-07_20:05:50.00,356.0,-79.06,-79.83,2
2016-07-07_20:05:50.00,358.0,-79.71,-78.43,2
2016-07-07_20:05:50.00,360.0,-78.89,-79.09,2
2016-07-07_20:05:50.00,362.0,-73.12,-79.27,1
2016-07-07_20:05:50.00,364.0,-75.87,-78.06,2
2016-07-07_20:05:50.00,366.0,-74.55,-78.65,1
2016-07-07_20:06:00.00,328.0,-80.95,-76.38,3
2016-07-07_20:06:00.00,330.0,-80.95,-77.53,3
2016-07-07_20:06:00.00,332.0,-85.52,-75.12,3
2016-07-07_20:06:00.00,334.0,-72.89,-80.07,1
2016-07-07_20:06:00.00,336.0,-80.39,-80.72,2
2016-07-07_20:06:00.00,338.0,-81.88,-78.2,3
2016-07-07_20:06:00.00,340.0,-80.78,-79.21,2
2016-07-07_20:06:00.00,342.0,-74.95,-75.46,2
2016-07-07_20:06:00.00,344.0,-75.2,-75.25,2
2016-07-07_20:06:00.00,346.0,-82.2,-81.78,2
2016-07-07_20:06:00.00,348.0,-77.35,-77.69,2
2016-07-07_20:06:00.00,350.0,-76.81,-77.92,2
2016-07-07_20:06:00.00,352.0,-82.06,-76.67,3
2016-07-07_20:06:00.00,354.0,-76.88,-82.7,1
2016-07-07_20:06:00.00,356.0,-77.29,-84.22,1
2016-07-07_20:06:00.00,358.0,-75.83,-79.59,1
2016-07-07_20:06:00.00,360.0,-79.55,-81.51,2
2016-07-07_20:06:00.00,362.0,-76.32,-78.97,2
2016-07-07_20:06:00.00,364.0,-80.83,-78.28,2
2016-07-07_20:06:00.00,366.0,-75.62,-75.37,2
2016-07-07_20:06:00.00,368.0,-73.45,-79.48,1
2016-07-07_20:06:00.00,370.0,-71.5,-75.28,1
2016-07-07_20:06:00.00,372.0,-71.19,-78.98,1
2016-07-07_20:06:00.00,374.0,-68.01,-79.22,1
2016-07-07_20:06:10.00,318.0,-78.61,-79.64,2
2016-07-07_20:06:10.00,320.0,-84.63,-76.5,3
2016-07-07_20:06:10.00,322.0,-85.11,-76.16,3
2016-07-07_20:06:10.00,324.0,-86.33,-78.29,3
2016-07-07_20:06:10.00,326.0,-84.49,-79.07,3
2016-07-07_20:06:10.00,328.0,-80.99,-73.85,3
2016-07-07_20:06:10.00,330.0,-80.64,-76.15,3
2016-07-07_20:06:10.00,332.0,-86.14,-73.91,3
2016-07-07_20:06:10.00,334.0,-74.44,-75.81,2
2016-07-07_20:06:10.00,336.0,-77.74,-75.48,2
2016-07-07_20:06:10.00,338.0,-80.78,-78.3,2
2016-07-07_20:06:10.00,340.0,-79.09,-79.38,2
2016-07-07_20:06:10.00,342.0,-80.64,-78.28,2
2016-07-07_20:06:10.00,344.0,-76.06,-77.51,2
2016-07-07_20:06:10.00,346.0,-80.5,-80.86,2
2016-07-07_20:06:10.00,348.0,-80.6,-85.4,1
2016-07-07_20:06:10.00,350.0,-76.99,-76.78,2
2016-07-07_20:06:10.00,352.0,-78.96,-78.03,2
2016-07-07_20:06:10.00,354.0,-80.79,-78.75,2
2016-07-07_20:06:10.00,356.0,-81.1,-81.23,2
2016-07-07_20:06:10.00,358.0,-79.09,-76.56,2
2016-07-07_20:06:10.00,360.0,-76.13,-78.27,2
2016-07-07_20:06:10.00,362.0,-77.36,-75.15,2
2016-07-07_20:06:10.00,364.0,-77.59,-82.25,1
2016-07-07_20:06:10.00,366.0,-77.79,-76.03,2
2016-07-07_20:06:10.00,368.0,-68.13,-81.13,1
2016-07-07_20:06:10.00,370.0,-70.44,-79.16,1
2016-07-07_20:06:10.00,372.0,-68.0,-73.64,1
2016-07-07_20:06:10.00,374.0,-67.94,-77.56,1
2016-07-07_20:06:10.00,376.0,-67.95,-76.23,1
2016-07-07_20:06:10.00,378.0,-67.98,-79.32,1
2016-07-07_20:06:10.00,380.0,-75.0,-78.75,1
2016-07-07_20:06:10.00,382.0,-69.36,-78.45,1
2016-07-07_20:06:10.00,384.0,-71.46,-73.94,2
2016-07-07_20:06:10.00,386.0,-66.46,-78.94,1
2016-07-07_20:06:10.00,388.0,-68.72,-78.82,1
