DateTime,depth_m,18kHz_Sv,38kHz_Sv,code
2016-08-14_13:17:40.00,196.0,-93.95,-88.57,3
2016-08-14_13:17:40.00,198.0,-84.1,-88.86,1
2016-08-14_13:17:40.00,200.0,-96.13,-99.5,1
2016-08-14_13:17:40.00,202.0,-89.33,-86.59,2
2016-08-14_13:17:40.00,204.0,-91.2,-93.65,2
2016-08-14_13:17:40.00,206.0,-79.98,-82.65,2
2016-08-14_13:17:40.00,208.0,-93.36,-88.72,3
2016-08-14_13:17:40.00,210.0,-84.51,-90.12,1
2016-08-14_13:17:40.00,212.0,-81.34,-92.2,1
2016-08-14_13:17:40.00,214.0,-82.64,-88.4,1
2016-08-14_13:17:40.00,216.0,-82.63,-87.45,1
2016-08-14_13:17:40.00,218.0,-88.06,-91.4,1
2016-08-14_13:17:40.00,220.0,-93.32,-103.45,1
2016-08-14_13:17:40.00,222.0,-94.61,-85.93,3
2016-08-14_13:17:40.00,224.0,-84.67,-91.67,1
2016-08-14_13:17:40.00,226.0,-95.05,-98.57,1
2016-08-14_13:17:40.00,228.0,-91.22,-95.84,1
2016-08-14_13:17:40.00,230.0,-86.24,-86.47,2
2016-08-14_13:17:40.00,232.0,-87.28,-97.03,1
2016-08-14_13:17:40.00,234.0,-87.06,-89.41,2
2016-08-14_13:17:40.00,236.0,-87.36,-90.24,2
2016-08-14_13:17:40.00,238.0,-82.63,-87.4,1
2016-08-14_13:17:40.00,240.0,-90.31,-97.84,1
2016-08-14_13:17:40.00,242.0,-90.78,-92.97,2
2016-08-14_13:17:40.00,244.0,-89.38,-94.14,1
2016-08-14_13:17:40.00,246.0,-95.43,-97.87,2
2016-08-14_13:17:40.00,248.0,-89.0,-87.94,2
2016-08-14_13:17:40.00,250.0,-85.37,-87.2,2
2016-08-14_13:17:40.00,252.0,-86.59,-90.72,1
2016-08-14_13:17:40.00,254.0,-85.0,-91.31,1
2016-08-14_13:17:40.00,256.0,-93.89,-100.6,1
2016-08-14_13:17:50.00,210.0,-83.36,-86.23,2
2016-08-14_13:17:50.00,212.0,-87.27,-98.81,1
2016-08-14_13:17:50.00,214.0,-95.77,-105.26,1
2016-08-14_13:17:50.00,216.0,-92.44,-102.11,1
2016-08-14_13:17:50.00,218.0,-86.33,-88.9,2
2016-08-14_13:17:50.00,220.0,-85.16,-90.52,1
2016-08-14_13:17:50.00,222.0,-89.1,-83.52,3
2016-08-14_13:17:50.00,224.0,-94.68,-99.29,1
2016-08-14_13:17:50.00,226.0,-86.58,-98.83,1
2016-08-14_13:17:50.00,228.0,-85.86,-96.69,1
2016-08-14_13:17:50.00,230.0,-87.46,-90.19,2
2016-08-14_13:17:50.00,232.0,-85.64,-87.98,2
2016-08-14_13:17:50.00,234.0,-92.27,-94.56,2
2016-08-14_13:17:50.00,236.0,-81.15,-91.76,1
2016-08-14_13:17:50.00,238.0,-90.8,-88.7,2
2016-08-14_13:17:50.00,240.0,-85.73,-87.68,2
2016-08-14_13:17:50.00,242.0,-85.03,-88.52,1
2016-08-14_13:17:50.00,244.0,-89.97,-91.27,2
2016-08-14_13:17:50.00,246.0,-87.48,-91.19,1
2016-08-14_13:17:50.00,248.0,-93.13,-93.81,2
2016-08-14_13:17:50.00,250.0,-93.98,-93.03,2
2016-08-14_13:17:50.00,252.0,-83.15,-93.44,1
2016-08-14_13:17:50.00,254.0,-96.54,-99.83,1
2016-08-14_13:17:50.00,256.0,-90.86,-83.06,3
2016-08-14_13:18:00.00,220.0,-85.54,-91.9,1
2016-08-14_13:18:00.00,222.0,-90.77,-94.38,1
2016-08-14_13:18:00.00,224.0,-83.59,-95.36,1
2016-08-14_13:18:00.00,226.0,-93.42,-96.61,1
2016-08-14_13:18:00.00,228.0,-87.71,-89.51,2
2016-08-14_13:18:00.00,230.0,-87.05,-93.63,1
2016-08-14_13:18:00.00,232.0,-92.24,-86.47,3
2016-08-14_13:18:00.00,234.0,-85.65,-91.17,1
2016-08-14_13:18:00.00,236.0,-86.5,-86.99,2
2016-08-14_13:18:00.00,238.0,-88.61,-93.89,1
2016-08-14_13:18:00.00,240.0,-79.28,-82.67,1
2016-08-14_13:18:00.00,242.0,-93.28,-89.91,3
2016-08-14_13:18:00.00,244.0,-88.59,-95.77,1
2016-08-14_13:18:00.00,246.0,-88.17,-91.58,1
2016-08-14_13:18:00.00,248.0,-83.89,-86.17,2
2016-08-14_13:18:00.00,250.0,-83.21,-84.53,2
2016-08-14_13:18:00.00,252.0,-90.12,-88.01,2
2016-08-14_13:18:00.00,254.0,-90.48,-92.18,2
2016-08-14_13:18:00.00,256.0,-88.64,-90.34,2
2016-08-14_13:18:10.00,226.0,-87.25,-91.01,1
2016-08-14_13:18:10.00,228.0,-89.35,-87.66,2
2016-08-14_13:18:10.00,230.0,-85.93,-89.92,1
2016-08-14_13:18:10.00,232.0,-95.24,-94.32,2
2016-08-14_13:18:10.00,234.0,-85.6,-98.55,1
2016-08-14_13:18:10.00,236.0,-85.05,-86.98,2
2016-08-14_13:18:10.00,238.0,-94.77,-98.76,1
2016-08-14_13:18:10.00,240.0,-91.64,-94.03,2
2016-08-14_13:18:10.00,242.0,-84.16,-87.91,1
2016-08-14_13:18:10.00,244.0,-87.19,-88.74,2
2016-08-14_13:18:10.00,246.0,-89.79,-88.17,2
2016-08-14_13:18:10.00,248.0,-86.33,-89.32,2
2016-08-14_13:18:10.00,250.0,-88.5,-89.46,2
2016-08-14_13:18:10.00,252.0,-93.08,-90.37,2
2016-08-14_13:18:10.00,254.0,-92.96,-94.8,2
2016-08-14_13:18:10.00,256.0,-89.2,-87.0,2
2016-08-14_13:18:10.00,258.0,-84.55,-88.4,1
2016-08-14_13:18:20.00,228.0,-91.65,-93.03,2
2016-08-14_13:18:20.00,230.0,-96.63,-93.44,3
2016-08-14_13:18:20.00,232.0,-83.58,-86.09,2
2016-08-14_13:18:20.00,234.0,-96.41,-93.04,3
2016-08-14_13:18:20.00,236.0,-91.2,-88.3,2
2016-08-14_13:18:20.00,238.0,-83.22,-90.17,1
2016-08-14_13:18:20.00,240.0,-97.5,-101.94,1
2016-08-14_13:18:20.00,242.0,-90.91,-103.84,1
2016-08-14_13:18:20.00,244.0,-92.99,-98.86,1
2016-08-14_13:18:20.00,246.0,-93.32,-90.56,2
2016-08-14_13:18:20.00,248.0,-86.89,-89.37,2
2016-08-14_13:18:20.00,250.0,-81.8,-92.68,1
2016-08-14_13:18:20.00,252.0,-89.66,-89.36,2
2016-08-14_13:18:20.00,254.0,-93.6,-95.69,2
2016-08-14_13:18:20.00,256.0,-86.53,-86.67,2
2016-08-14_13:18:20.00,258.0,-87.92,-95.13,1
2016-08-14_13:18:30.00,228.0,-84.59,-90.73,1
2016-08-14_13:18:30.00,230.0,-88.82,-90.23,2
2016-08-14_13:18:30.00,232.0,-82.98,-85.83,2
2016-08-14_13:18:30.00,234.0,-95.58,-96.65,2
2016-08-14_13:18:30.00,236.0,-86.95,-88.89,2
2016-08-14_13:18:30.00,238.0,-85.99,-87.68,2
2016-08-14_13:18:30.00,240.0,-90.78,-83.8,3
2016-08-14_13:18:30.00,242.0,-82.46,-87.21,1
2016-08-14_13:18:30.00,244.0,-89.77,-90.07,2
2016-08-14_13:18:30.00,246.0,-95.05,-103.33,1
2016-08-14_13:18:30.00,248.0,-96.67,-101.61,1
2016-08-14_13:18:30.00,250.0,-86.73,-86.46,2
2016-08-14_13:18:30.00,252.0,-85.75,-89.33,1
2016-08-14_13:18:30.00,254.0,-91.72,-93.79,2
2016-08-14_13:18:30.00,256.0,-89.58,-88.58,2
2016-08-14_13:18:30.00,258.0,-94.53,-89.44,3
2016-08-14_13:18:30.00,260.0,-91.9,-85.74,3
2016-08-14_13:18:40.00,226.0,-85.13,-95.11,1
2016-08-14_13:18:40.00,228.0,-87.69,-85.42,2
2016-08-14_13:18:40.00,230.0,-91.54,-92.97,2
2016-08-14_13:18:40.00,232.0,-98.74,-99.26,2
2016-08-14_13:18:40.00,234.0,-99.31,-95.52,3
2016-08-14_13:18:40.00,236.0,-94.27,-98.86,1
2016-08-14_13:18:40.00,238.0,-85.29,-85.41,2
2016-08-14_13:18:40.00,240.0,-91.59,-86.82,3
2016-08-14_13:18:40.00,242.0,-86.1,-92.45,1
2016-08-14_13:18:40.00,244.0,-81.62,-90.47,1
2016-08-14_13:18:40.00,246.0,-88.02,-89.92,2
2016-08-14_13:18:40.00,248.0,-87.48,-91.83,1
2016-08-14_13:18:40.00,250.0,-92.03,-89.18,2
2016-08-14_13:18:40.00,252.0,-87.21,-87.41,2
2016-08-14_13:18:40.00,254.0,-90.84,-86.26,3
2016-08-14_13:18:40.00,256.0,-89.23,-92.48,1
2016-08-14_13:18:40.00,258.0,-88.05,-86.72,2
2016-08-14_13:18:40.00,260.0,-92.25,-93.98,2
2016-08-14_13:18:50.00,224.0,-85.22,-95.88,1
2016-08-14_13:18:50.00,226.0,-86.74,-91.14,1
2016-08-14_13:18:50.00,228.0,-92.41,-91.51,2
2016-08-14_13:18:50.00,230.0,-88.63,-94.68,1
2016-08-14_13:18:50.00,232.0,-87.39,-95.88,1
2016-08-14_13:18:50.00,234.0,-91.13,-98.68,1
2016-08-14_13:18:50.00,236.0,-84.16,-86.96,2
2016-08-14_13:18:50.00,238.0,-86.14,-91.08,1
2016-08-14_13:18:50.00,240.0,-88.88,-96.73,1
2016-08-14_13:18:50.00,242.0,-84.16,-86.94,2
2016-08-14_13:18:50.00,244.0,-88.48,-86.79,2
2016-08-14_13:18:50.00,246.0,-85.98,-86.65,2
2016-08-14_13:18:50.00,248.0,-87.62,-91.1,1
2016-08-14_13:18:50.00,250.0,-85.51,-89.37,1
2016-08-14_13:18:50.00,252.0,-88.64,-94.3,1
2016-08-14_13:18:50.00,254.0,-93.85,-95.59,2
2016-08-14_13:18:50.00,256.0,-85.84,-88.31,2
2016-08-14_13:18:50.00,258.0,-90.55,-95.92,1
2016-08-14_13:19:00.00,218.0,-86.52,-92.97,1
2016-08-14_13:19:00.00,220.0,-91.3,-91.95,2
2016-08-14_13:19:00.00,222.0,-91.85,-93.3,2
2016-08-14_13:19:00.00,224.0,-95.31,-94.76,2
2016-08-14_13:19:00.00,226.0,-93.68,-97.89,1
2016-08-14_13:19:00.00,228.0,-85.41,-85.93,2
2016-08-14_13:19:00.00,230.0,-89.98,-95.9,1
2016-08-14_13:19:00.00,232.0,-89.8,-92.16,2
2016-08-14_13:19:00.00,234.0,-83.25,-96.64,1
2016-08-14_13:19:00.00,236.0,-93.42,-88.96,3
2016-08-14_13:19:00.00,238.0,-90.62,-88.88,2
2016-08-14_13:19:00.00,240.0,-83.34,-86.9,1
2016-08-14_13:19:00.00,242.0,-85.67,-90.21,1
2016-08-14_13:19:00.00,244.0,-84.91,-88.05,1
2016-08-14_13:19:00.00,246.0,-89.83,-93.0,1
2016-08-14_13:19:00.00,248.0,-80.84,-87.64,1
2016-08-14_13:19:00.00,250.0,-85.09,-92.63,1
2016-08-14_13:19:00.00,252.0,-84.47,-87.55,1
2016-08-14_13:19:00.00,254.0,-87.62,-90.33,2
2016-08-14_13:19:10.00,214.0,-90.22,-95.8,1
2016-08-14_13:19:10.00,216.0,-90.75,-87.38,3
2016-08-14_13:19:10.00,218.0,-87.08,-90.98,1
2016-08-14_13:19:10.00,220.0,-83.59,-84.93,2
2016-08-14_13:19:10.00,222.0,-86.93,-92.44,1
2016-08-14_13:19:10.00,224.0,-92.14,-102.81,1
2016-08-14_13:19:10.00,226.0,-89.09,-103.45,1
2016-08-14_13:19:10.00,228.0,-92.94,-91.54,2
2016-08-14_13:19:10.00,230.0,-98.34,-99.44,2
2016-08-14_13:19:10.00,232.0,-91.62,-91.65,2
2016-08-14_13:19:10.00,234.0,-92.78,-92.53,2
2016-08-14_13:19:10.00,236.0,-88.27,-93.78,1
2016-08-14_13:19:10.00,238.0,-84.67,-94.43,1
2016-08-14_13:19:10.00,240.0,-86.01,-86.13,2
2016-08-14_13:19:10.00,242.0,-86.69,-87.31,2
2016-08-14_13:19:10.00,244.0,-86.51,-83.22,3
2016-08-14_13:19:10.00,246.0,-90.46,-86.97,3
2016-08-14_13:19:10.00,248.0,-84.98,-87.84,2
2016-08-14_13:19:10.00,250.0,-89.38,-85.71,3
2016-08-14_13:19:20.00,210.0,-88.37,-95.87,1
2016-08-14_13:19:20.00,212.0,-103.32,-107.23,1
2016-08-14_13:19:20.00,214.0,-95.58,-90.47,3
2016-08-14_13:19:20.00,216.0,-92.2,-94.48,2
2016-08-14_13:19:20.00,218.0,-93.81,-88.48,3
2016-08-14_13:19:20.00,220.0,-88.08,-87.88,2
2016-08-14_13:19:20.00,222.0,-96.02,-96.94,2
2016-08-14_13:19:20.00,224.0,-88.2,-84.86,3
2016-08-14_13:19:20.00,226.0,-90.06,-92.37,2
2016-08-14_13:19:20.00,228.0,-93.6,-92.72,2
2016-08-14_13:19:20.00,230.0,-78.96,-86.65,1
2016-08-14_13:19:20.00,232.0,-80.13,-89.77,1
2016-08-14_13:19:20.00,234.0,-93.42,-85.62,3
2016-08-14_13:19:20.00,236.0,-87.03,-83.81,3
2016-08-14_13:19:20.00,238.0,-96.49,-99.54,1
2016-08-14_13:19:20.00,240.0,-88.84,-86.77,2
2016-08-14_13:19:20.00,242.0,-92.33,-89.36,2
2016-08-14_13:19:20.00,244.0,-93.49,-92.5,2
2016-08-14_13:19:20.00,246.0,-87.39,-92.5,1
2016-08-14_13:19:30.00,202.0,-85.49,-91.99,1
2016-08-14_13:19:30.00,204.0,-81.25,-88.46,1
2016-08-14_13:19:30.00,206.0,-81.56,-89.76,1
2016-08-14_13:19:30.00,208.0,-87.09,-88.08,2
2016-08-14_13:19:30.00,210.0,-84.06,-87.05,2
2016-08-14_13:19:30.00,212.0,-81.54,-92.87,1
2016-08-14_13:19:30.00,214.0,-89.58,-87.93,2
2016-08-14_13:19:30.00,216.0,-84.35,-89.98,1
2016-08-14_13:19:30.00,218.0,-89.36,-86.58,2
2016-08-14_13:19:30.00,220.0,-86.33,-90.48,1
2016-08-14_13:19:30.00,222.0,-86.62,-90.36,1
2016-08-14_13:19:30.00,224.0,-95.35,-89.23,3
2016-08-14_13:19:30.00,226.0,-92.27,-85.09,3
2016-08-14_13:19:30.00,228.0,-92.51,-92.62,2
2016-08-14_13:19:30.00,230.0,-87.44,-88.11,2
2016-08-14_13:19:30.00,232.0,-88.46,-91.93,1
2016-08-14_13:19:30.00,234.0,-87.85,-89.78,2
2016-08-14_13:19:30.00,236.0,-92.47,-95.19,2
2016-08-14_13:19:40.00,198.0,-88.26,-82.21,3
2016-08-14_13:19:40.00,200.0,-93.62,-82.5,3
2016-08-14_13:19:40.00,202.0,-85.03,-87.23,2
2016-08-14_13:19:40.00,204.0,-103.88,-104.56,2
2016-08-14_13:19:40.00,206.0,-96.69,-93.01,3
2016-08-14_13:19:40.00,208.0,-88.63,-84.05,3
2016-08-14_13:19:40.00,210.0,-86.29,-90.72,1
2016-08-14_13:19:40.00,212.0,-86.13,-84.4,2
2016-08-14_13:19:40.00,214.0,-98.06,-105.74,1
2016-08-14_13:19:40.00,216.0,-93.25,-103.93,1
2016-08-14_13:19:40.00,218.0,-98.28,-91.66,3
2016-08-14_13:19:40.00,220.0,-95.45,-86.14,3
2016-08-14_13:19:40.00,222.0,-81.49,-94.22,1
2016-08-14_13:19:40.00,224.0,-92.16,-92.55,2
2016-08-14_13:19:40.00,226.0,-80.75,-91.32,1
2016-08-14_13:19:40.00,228.0,-94.02,-88.7,3
2016-08-14_13:19:40.00,230.0,-89.11,-95.57,1
2016-08-14_13:19:50.00,192.0,-92.07,-86.09,3
2016-08-14_13:19:50.00,194.0,-91.0,-84.16,3
2016-08-14_13:19:50.00,196.0,-86.72,-90.19,1
2016-08-14_13:19:50.00,198.0,-91.53,-87.69,3
2016-08-14_13:19:50.00,200.0,-83.72,-97.5,1
2016-08-14_13:19:50.00,202.0,-77.78,-88.96,1
2016-08-14_13:19:50.00,204.0,-80.66,-83.53,2
2016-08-14_13:19:50.00,206.0,-85.6,-92.25,1
2016-08-14_13:19:50.00,208.0,-96.44,-92.01,3
2016-08-14_13:19:50.00,210.0,-88.36,-93.72,1
2016-08-14_13:19:50.00,212.0,-82.68,-89.41,1
2016-08-14_13:19:50.00,214.0,-87.02,-85.33,2
2016-08-14_13:19:50.00,216.0,-97.62,-91.06,3
2016-08-14_13:19:50.00,218.0,-96.82,-104.27,1
2016-08-14_13:19:50.00,220.0,-84.0,-87.92,1
2016-08-14_13:19:50.00,222.0,-84.57,-91.55,1
2016-08-14_13:19:50.00,224.0,-95.34,-88.33,3
2016-08-14_13:19:50.00,226.0,-85.86,-90.8,1
2016-08-14_13:20:00.00,188.0,-91.52,-81.55,3
2016-08-14_13:20:00.00,190.0,-89.18,-89.02,2
2016-08-14_13:20:00.00,192.0,-80.3,-85.72,1
2016-08-14_13:20:00.00,194.0,-89.57,-86.22,3
2016-08-14_13:20:00.00,196.0,-83.54,-90.2,1
2016-08-14_13:20:00.00,198.0,-92.84,-95.97,1
2016-08-14_13:20:00.00,200.0,-83.34,-83.01,2
2016-08-14_13:20:00.00,202.0,-80.3,-87.03,1
2016-08-14_13:20:00.00,204.0,-75.46,-88.21,1
2016-08-14_13:20:00.00,206.0,-88.52,-96.66,1
2016-08-14_13:20:00.00,208.0,-88.76,-102.37,1
2016-08-14_13:20:00.00,210.0,-85.27,-87.28,2
2016-08-14_13:20:00.00,212.0,-96.37,-90.0,3
2016-08-14_13:20:00.00,214.0,-94.11,-87.16,3
2016-08-14_13:20:00.00,216.0,-82.9,-88.85,1
2016-08-14_13:20:00.00,218.0,-95.12,-100.79,1
2016-08-14_13:20:00.00,220.0,-92.82,-89.72,3
2016-08-14_13:20:00.00,222.0,-89.06,-98.67,1
2016-08-14_13:20:10.00,190.0,-97.79,-88.44,3
2016-08-14_13:20:10.00,192.0,-82.4,-89.81,1
2016-08-14_13:20:10.00,194.0,-86.97,-90.86,1
2016-08-14_13:20:10.00,196.0,-85.11,-91.87,1
2016-08-14_13:20:10.00,198.0,-86.8,-93.65,1
2016-08-14_13:20:10.00,200.0,-87.56,-88.46,2
2016-08-14_13:20:10.00,202.0,-79.86,-81.71,2
2016-08-14_13:20:10.00,204.0,-82.76,-85.22,2
2016-08-14_13:20:10.00,206.0,-83.6,-91.26,1
2016-08-14_13:20:10.00,208.0,-80.77,-86.26,1
2016-08-14_13:20:10.00,210.0,-85.16,-87.04,2
2016-08-14_13:20:10.00,212.0,-87.9,-99.77,1
2016-08-14_13:20:10.00,214.0,-95.5,-92.46,3
2016-08-14_13:20:10.00,216.0,-87.6,-91.01,1
2016-08-14_13:20:10.00,218.0,-83.28,-88.55,1
2016-08-14_13:20:10.00,220.0,-84.92,-90.92,1
2016-08-14_13:20:20.00,188.0,-78.3,-91.74,1
2016-08-14_13:20:20.00,190.0,-94.45,-85.69,3
2016-08-14_13:20:20.00,192.0,-92.86,-95.47,2
2016-08-14_13:20:20.00,194.0,-88.4,-97.98,1
2016-08-14_13:20:20.00,196.0,-87.13,-91.83,1
2016-08-14_13:20:20.00,198.0,-91.94,-90.11,2
2016-08-14_13:20:20.00,200.0,-93.23,-102.19,1
2016-08-14_13:20:20.00,202.0,-90.65,-98.97,1
2016-08-14_13:20:20.00,204.0,-88.15,-84.01,3
2016-08-14_13:20:20.00,206.0,-85.07,-98.46,1
2016-08-14_13:20:20.00,208.0,-82.18,-87.6,1
2016-08-14_13:20:20.00,210.0,-90.96,-94.27,1
2016-08-14_13:20:20.00,212.0,-75.87,-79.2,1
2016-08-14_13:20:20.00,214.0,-98.43,-101.61,1
2016-08-14_13:20:20.00,216.0,-88.4,-89.27,2
2016-08-14_13:20:20.00,218.0,-94.15,-92.61,2
2016-08-14_13:20:20.00,220.0,-90.2,-96.33,1
2016-08-14_13:20:30.00,186.0,-93.99,-92.68,2
2016-08-14_13:20:30.00,188.0,-90.39,-95.41,1
2016-08-14_13:20:30.00,190.0,-89.48,-84.87,3
2016-08-14_13:20:30.00,192.0,-77.2,-88.07,1
2016-08-14_13:20:30.00,194.0,-89.49,-90.33,2
2016-08-14_13:20:30.00,196.0,-79.01,-85.46,1
2016-08-14_13:20:30.00,198.0,-87.46,-96.86,1
2016-08-14_13:20:30.00,200.0,-98.74,-95.86,2
2016-08-14_13:20:30.00,202.0,-98.74,-88.87,3
2016-08-14_13:20:30.00,204.0,-90.26,-89.97,2
2016-08-14_13:20:30.00,206.0,-96.3,-95.54,2
2016-08-14_13:20:30.00,208.0,-101.34,-97.64,3
2016-08-14_13:20:30.00,210.0,-88.53,-90.3,2
2016-08-14_13:20:30.00,212.0,-93.65,-98.16,1
2016-08-14_13:20:30.00,214.0,-94.76,-86.53,3
2016-08-14_13:20:30.00,216.0,-91.72,-92.66,2
2016-08-14_13:20:40.00,184.0,-92.55,-94.92,2
2016-08-14_13:20:40.00,186.0,-81.47,-85.12,1
2016-08-14_13:20:40.00,188.0,-88.08,-84.87,3
2016-08-14_13:20:40.00,190.0,-93.56,-95.7,2
2016-08-14_13:20:40.00,192.0,-87.2,-85.85,2
2016-08-14_13:20:40.00,194.0,-79.63,-84.23,1
2016-08-14_13:20:40.00,196.0,-83.35,-81.58,2
2016-08-14_13:20:40.00,198.0,-94.98,-83.56,3
2016-08-14_13:20:40.00,200.0,-101.06,-98.0,3
2016-08-14_13:20:40.00,202.0,-100.85,-108.5,1
2016-08-14_13:20:40.00,204.0,-90.3,-92.56,2
2016-08-14_13:20:40.00,206.0,-90.37,-91.26,2
2016-08-14_13:20:40.00,208.0,-80.05,-87.11,1
2016-08-14_13:20:40.00,210.0,-82.17,-95.44,1
2016-08-14_13:20:40.00,212.0,-88.71,-106.31,1
2016-08-14_13:20:40.00,214.0,-87.27,-91.36,1
2016-08-14_13:20:40.00,216.0,-92.49,-85.77,3
2016-08-14_13:20:50.00,182.0,-93.88,-90.73,3
2016-08-14_13:20:50.00,184.0,-90.2,-93.37,1
2016-08-14_13:20:50.00,186.0,-93.15,-88.4,3
2016-08-14_13:20:50.00,188.0,-93.43,-87.53,3
2016-08-14_13:20:50.00,190.0,-83.05,-90.29,1
2016-08-14_13:20:50.00,192.0,-81.01,-98.89,1
2016-08-14_13:20:50.00,194.0,-96.12,-89.96,3
2016-08-14_13:20:50.00,196.0,-87.04,-93.2,1
2016-08-14_13:20:50.00,198.0,-82.07,-92.95,1
2016-08-14_13:20:50.00,200.0,-84.06,-86.31,2
2016-08-14_13:20:50.00,202.0,-82.02,-88.25,1
2016-08-14_13:20:50.00,204.0,-86.8,-85.76,2
2016-08-14_13:20:50.00,206.0,-78.59,-87.29,1
2016-08-14_13:20:50.00,208.0,-89.65,-95.9,1
2016-08-14_13:20:50.00,210.0,-85.58,-90.42,1
2016-08-14_13:20:50.00,212.0,-88.2,-94.59,1
2016-08-14_13:20:50.00,214.0,-85.42,-96.33,1
2016-08-14_13:20:50.00,216.0,-96.15,-97.93,2
2016-08-14_13:21:00.00,180.0,-84.66,-93.04,1
2016-08-14_13:21:00.00,182.0,-94.83,-91.6,3
2016-08-14_13:21:00.00,184.0,-95.98,-87.35,3
2016-08-14_13:21:00.00,186.0,-90.68,-87.98,2
2016-08-14_13:21:00.00,188.0,-94.49,-93.37,2
2016-08-14_13:21:00.00,190.0,-91.34,-93.2,2
2016-08-14_13:21:00.00,192.0,-94.09,-92.07,2
2016-08-14_13:21:00.00,194.0,-94.12,-86.64,3
2016-08-14_13:21:00.00,196.0,-84.49,-86.01,2
2016-08-14_13:21:00.00,198.0,-89.32,-95.3,1
2016-08-14_13:21:00.00,200.0,-81.54,-90.12,1
2016-08-14_13:21:00.00,202.0,-84.21,-84.88,2
2016-08-14_13:21:00.00,204.0,-82.89,-82.14,2
2016-08-14_13:21:00.00,206.0,-82.99,-91.46,1
2016-08-14_13:21:00.00,208.0,-89.41,-102.36,1
2016-08-14_13:21:00.00,210.0,-87.09,-88.64,2
2016-08-14_13:21:00.00,212.0,-87.52,-95.59,1
2016-08-14_13:21:10.00,176.0,-87.19,-92.42,1
2016-08-14_13:21:10.00,178.0,-92.01,-91.11,2
2016-08-14_13:21:10.00,180.0,-93.04,-88.12,3
2016-08-14_13:21:10.00,182.0,-93.77,-90.23,3
2016-08-14_13:21:10.00,184.0,-95.16,-86.68,3
2016-08-14_13:21:10.00,186.0,-96.23,-97.75,2
2016-08-14_13:21:10.00,188.0,-88.03,-90.23,2
2016-08-14_13:21:10.00,190.0,-101.54,-88.5,3
2016-08-14_13:21:10.00,192.0,-85.44,-91.35,1
2016-08-14_13:21:10.00,194.0,-87.29,-85.05,2
2016-08-14_13:21:10.00,196.0,-87.1,-87.47,2
2016-08-14_13:21:10.00,198.0,-95.22,-101.89,1
2016-08-14_13:21:10.00,200.0,-91.19,-83.84,3
2016-08-14_13:21:10.00,202.0,-80.08,-88.64,1
2016-08-14_13:21:10.00,204.0,-83.49,-87.01,1
2016-08-14_13:21:10.00,206.0,-83.43,-85.22,2
2016-08-14_13:21:10.00,208.0,-90.15,-93.6,1
2016-08-14_13:21:10.00,210.0,-91.95,-84.67,3
2016-08-14_13:21:10.00,212.0,-86.08,-92.96,1
2016-08-14_13:21:20.00,176.0,-90.81,-88.03,2
2016-08-14_13:21:20.00,178.0,-81.09,-91.67,1
2016-08-14_13:21:20.00,180.0,-90.71,-86.61,3
2016-08-14_13:21:20.00,182.0,-95.12,-87.95,3
2016-08-14_13:21:20.00,184.0,-90.36,-86.24,3
2016-08-14_13:21:20.00,186.0,-97.22,-98.53,2
2016-08-14_13:21:20.00,188.0,-88.86,-89.77,2
2016-08-14_13:21:20.00,190.0,-88.79,-87.66,2
2016-08-14_13:21:20.00,192.0,-90.84,-89.93,2
2016-08-14_13:21:20.00,194.0,-89.98,-89.89,2
2016-08-14_13:21:20.00,196.0,-93.56,-89.16,3
2016-08-14_13:21:20.00,198.0,-88.71,-93.0,1
2016-08-14_13:21:20.00,200.0,-85.16,-91.76,1
2016-08-14_13:21:20.00,202.0,-83.84,-91.48,1
2016-08-14_13:21:20.00,204.0,-88.79,-86.51,2
2016-08-14_13:21:20.00,206.0,-81.19,-86.42,1
2016-08-14_13:21:20.00,208.0,-90.5,-89.98,2
2016-08-14_13:21:20.00,210.0,-76.59,-85.84,1
2016-08-14_13:21:20.00,212.0,-98.91,-92.48,3
2016-08-14_13:21:30.00,178.0,-80.86,-88.92,1
2016-08-14_13:21:30.00,180.0,-87.61,-86.91,2
2016-08-14_13:21:30.00,182.0,-91.83,-87.38,3
2016-08-14_13:21:30.00,184.0,-93.42,-90.43,2
2016-08-14_13:21:30.00,186.0,-89.41,-86.06,3
2016-08-14_13:21:30.00,188.0,-82.78,-84.49,2
2016-08-14_13:21:30.00,190.0,-81.55,-87.05,1
2016-08-14_13:21:30.00,192.0,-93.11,-94.31,2
2016-08-14_13:21:30.00,194.0,-88.28,-88.66,2
2016-08-14_13:21:30.00,196.0,-87.99,-87.34,2
2016-08-14_13:21:30.00,198.0,-82.76,-87.05,1
2016-08-14_13:21:30.00,200.0,-79.22,-86.48,1
2016-08-14_13:21:30.00,202.0,-90.78,-90.83,2
2016-08-14_13:21:30.00,204.0,-91.58,-89.73,2
2016-08-14_13:21:30.00,206.0,-88.31,-89.65,2
2016-08-14_13:21:30.00,208.0,-94.14,-91.98,2
2016-08-14_13:21:30.00,210.0,-93.57,-92.91,2
2016-08-14_13:21:30.00,212.0,-89.31,-91.09,2
2016-08-14_13:21:40.00,180.0,-85.82,-94.62,1
2016-08-14_13:21:40.00,182.0,-95.92,-91.98,3
2016-08-14_13:21:40.00,184.0,-87.69,-90.29,2
2016-08-14_13:21:40.00,186.0,-93.63,-96.12,2
2016-08-14_13:21:40.00,188.0,-91.94,-85.88,3
2016-08-14_13:21:40.00,190.0,-89.46,-83.64,3
2016-08-14_13:21:40.00,192.0,-96.24,-92.13,3
2016-08-14_13:21:40.00,194.0,-87.42,-85.87,2
2016-08-14_13:21:40.00,196.0,-92.11,-93.63,2
2016-08-14_13:21:40.00,198.0,-81.67,-87.73,1
2016-08-14_13:21:40.00,200.0,-80.69,-94.72,1
2016-08-14_13:21:40.00,202.0,-86.76,-101.54,1
2016-08-14_13:21:40.00,204.0,-89.84,-97.11,1
2016-08-14_13:21:40.00,206.0,-93.57,-90.85,2
2016-08-14_13:21:40.00,208.0,-90.97,-89.83,2
2016-08-14_13:21:40.00,210.0,-86.2,-82.45,3
2016-08-14_13:21:40.00,212.0,-80.22,-86.76,1
2016-08-14_13:21:40.00,214.0,-86.33,-91.98,1
2016-08-14_13:21:40.00,216.0,-81.89,-91.97,1
2016-08-14_13:21:50.00,182.0,-77.51,-89.07,1
2016-08-14_13:21:50.00,184.0,-80.35,-81.79,2
2016-08-14_13:21:50.00,186.0,-87.21,-84.98,2
2016-08-14_13:21:50.00,188.0,-90.74,-93.07,2
2016-08-14_13:21:50.00,190.0,-90.43,-84.84,3
2016-08-14_13:21:50.00,192.0,-78.04,-80.27,2
2016-08-14_13:21:50.00,194.0,-94.06,-103.64,1
2016-08-14_13:21:50.00,196.0,-99.45,-86.31,3
2016-08-14_13:21:50.00,198.0,-78.26,-87.85,1
2016-08-14_13:21:50.00,200.0,-89.54,-80.34,3
2016-08-14_13:21:50.00,202.0,-89.45,-88.43,2
2016-08-14_13:21:50.00,204.0,-94.4,-99.81,1
2016-08-14_13:21:50.00,206.0,-96.3,-97.81,2
2016-08-14_13:21:50.00,208.0,-85.98,-102.64,1
2016-08-14_13:21:50.00,210.0,-74.91,-86.86,1
2016-08-14_13:21:50.00,212.0,-86.99,-94.82,1
2016-08-14_13:21:50.00,214.0,-80.04,-93.58,1
2016-08-14_13:21:50.00,216.0,-82.1,-84.76,2
2016-08-14_13:21:50.00,218.0,-96.13,-91.94,3
2016-08-14_13:21:50.00,220.0,-94.55,-95.82,2
2016-08-14_13:22:00.00,184.0,-91.47,-97.38,1
2016-08-14_13:22:00.00,186.0,-89.4,-85.21,3
2016-08-14_13:22:00.00,188.0,-80.36,-85.5,1
2016-08-14_13:22:00.00,190.0,-80.21,-87.7,1
2016-08-14_13:22:00.00,192.0,-96.17,-103.32,1
2016-08-14_13:22:00.00,194.0,-85.27,-83.59,2
2016-08-14_13:22:00.00,196.0,-94.52,-95.48,2
2016-08-14_13:22:00.00,198.0,-81.81,-84.96,1
2016-08-14_13:22:00.00,200.0,-87.54,-89.88,2
2016-08-14_13:22:00.00,202.0,-81.26,-85.96,1
2016-08-14_13:22:00.00,204.0,-84.53,-82.08,2
2016-08-14_13:22:00.00,206.0,-87.55,-84.03,3
2016-08-14_13:22:00.00,208.0,-81.74,-83.38,2
2016-08-14_13:22:00.00,210.0,-77.75,-84.79,1
2016-08-14_13:22:00.00,212.0,-89.8,-85.7,3
2016-08-14_13:22:00.00,214.0,-96.29,-86.52,3
2016-08-14_13:22:00.00,216.0,-86.47,-96.24,1
2016-08-14_13:22:00.00,218.0,-83.3,-88.14,1
2016-08-14_13:22:00.00,220.0,-90.07,-91.14,2
2016-08-14_13:22:00.00,222.0,-84.36,-88.16,1
2016-08-14_13:22:00.00,224.0,-84.9,-92.53,1
2016-08-14_13:22:10.00,186.0,-87.29,-87.27,2
2016-08-14_13:22:10.00,188.0,-89.91,-86.73,3
2016-08-14_13:22:10.00,190.0,-90.48,-88.13,2
2016-08-14_13:22:10.00,192.0,-86.66,-85.74,2
2016-08-14_13:22:10.00,194.0,-87.76,-84.63,3
2016-08-14_13:22:10.00,196.0,-94.03,-90.77,3
2016-08-14_13:22:10.00,198.0,-89.34,-89.0,2
2016-08-14_13:22:10.00,200.0,-90.9,-94.85,1
2016-08-14_13:22:10.00,202.0,-84.64,-84.59,2
2016-08-14_13:22:10.00,204.0,-88.59,-93.41,1
2016-08-14_13:22:10.00,206.0,-93.07,-91.28,2
2016-08-14_13:22:10.00,208.0,-87.07,-89.49,2
2016-08-14_13:22:10.00,210.0,-86.16,-89.68,1
2016-08-14_13:22:10.00,212.0,-78.86,-91.13,1
2016-08-14_13:22:10.00,214.0,-83.73,-85.86,2
2016-08-14_13:22:10.00,216.0,-86.37,-91.19,1
2016-08-14_13:22:10.00,218.0,-86.84,-88.04,2
2016-08-14_13:22:10.00,220.0,-85.23,-93.12,1
2016-08-14_13:22:10.00,222.0,-86.37,-91.92,1
2016-08-14_13:22:10.00,224.0,-88.25,-91.46,1
2016-08-14_13:22:20.00,190.0,-89.72,-96.41,1
2016-08-14_13:22:20.00,192.0,-90.79,-92.69,2
2016-08-14_13:22:20.00,194.0,-86.03,-88.61,2
2016-08-14_13:22:20.00,196.0,-83.79,-88.31,1
2016-08-14_13:22:20.00,198.0,-84.85,-96.45,1
2016-08-14_13:22:20.00,200.0,-85.23,-88.35,1
2016-08-14_13:22:20.00,202.0,-86.58,-89.94,1
2016-08-14_13:22:20.00,204.0,-82.88,-88.81,1
2016-08-14_13:22:20.00,206.0,-87.18,-91.11,1
2016-08-14_13:22:20.00,208.0,-93.46,-99.16,1
2016-08-14_13:22:20.00,210.0,-83.32,-86.16,2
2016-08-14_13:22:20.00,212.0,-83.4,-89.58,1
2016-08-14_13:22:20.00,214.0,-84.4,-94.91,1
2016-08-14_13:22:20.00,216.0,-91.35,-97.39,1
2016-08-14_13:22:20.00,218.0,-88.39,-86.19,2
2016-08-14_13:22:20.00,220.0,-83.31,-85.47,2
2016-08-14_13:22:20.00,222.0,-89.32,-93.91,1
2016-08-14_13:22:20.00,224.0,-94.95,-93.65,2
2016-08-14_13:22:30.00,192.0,-93.69,-90.96,2
2016-08-14_13:22:30.00,194.0,-82.18,-87.25,1
2016-08-14_13:22:30.00,196.0,-75.0,-84.88,1
2016-08-14_13:22:30.00,198.0,-82.78,-83.72,2
2016-08-14_13:22:30.00,200.0,-86.39,-86.99,2
2016-08-14_13:22:30.00,202.0,-77.24,-84.64,1
2016-08-14_13:22:30.00,204.0,-78.65,-82.06,1
2016-08-14_13:22:30.00,206.0,-80.97,-81.14,2
2016-08-14_13:22:30.00,208.0,-91.68,-94.93,1
2016-08-14_13:22:30.00,210.0,-81.71,-83.81,2
2016-08-14_13:22:30.00,212.0,-81.83,-81.35,2
2016-08-14_13:22:30.00,214.0,-87.73,-84.45,3
2016-08-14_13:22:30.00,216.0,-81.26,-86.84,1
2016-08-14_13:22:30.00,218.0,-85.83,-86.41,2
2016-08-14_13:22:30.00,220.0,-91.46,-89.45,2
2016-08-14_13:22:30.00,222.0,-91.71,-88.47,3
2016-08-14_13:22:30.00,224.0,-92.11,-99.44,1
2016-08-14_13:22:30.00,226.0,-89.66,-88.32,2
2016-08-14_13:22:40.00,196.0,-87.56,-95.3,1
2016-08-14_13:22:40.00,198.0,-80.04,-84.34,1
2016-08-14_13:22:40.00,200.0,-86.12,-87.11,2
2016-08-14_13:22:40.00,202.0,-95.29,-98.01,2
2016-08-14_13:22:40.00,204.0,-84.73,-86.98,2
2016-08-14_13:22:40.00,206.0,-83.2,-89.97,1
2016-08-14_13:22:40.00,208.0,-89.92,-89.82,2
2016-08-14_13:22:40.00,210.0,-94.16,-96.47,2
2016-08-14_13:22:40.00,212.0,-91.47,-92.55,2
2016-08-14_13:22:40.00,214.0,-91.15,-92.7,2
2016-08-14_13:22:40.00,216.0,-89.94,-87.95,2
2016-08-14_13:22:40.00,218.0,-89.11,-86.64,2
2016-08-14_13:22:40.00,220.0,-87.02,-94.2,1
2016-08-14_13:22:40.00,222.0,-94.95,-97.86,2
2016-08-14_13:22:40.00,224.0,-95.48,-95.49,2
2016-08-14_13:22:40.00,226.0,-96.11,-99.32,1
2016-08-14_13:22:40.00,228.0,-89.42,-96.28,1
2016-08-14_13:22:40.00,230.0,-83.96,-88.37,1
2016-08-14_13:22:50.00,204.0,-86.41,-86.41,2
2016-08-14_13:22:50.00,206.0,-84.87,-93.02,1
2016-08-14_13:22:50.00,208.0,-83.45,-85.52,2
2016-08-14_13:22:50.00,210.0,-79.81,-84.66,1
2016-08-14_13:22:50.00,212.0,-83.8,-88.97,1
2016-08-14_13:22:50.00,214.0,-87.63,-90.73,1
2016-08-14_13:22:50.00,216.0,-81.39,-88.11,1
2016-08-14_13:22:50.00,218.0,-90.03,-95.2,1
2016-08-14_13:22:50.00,220.0,-86.65,-91.43,1
2016-08-14_13:22:50.00,222.0,-93.05,-93.47,2
2016-08-14_13:22:50.00,224.0,-95.41,-98.61,1
2016-08-14_13:22:50.00,226.0,-85.57,-89.86,1
2016-08-14_13:22:50.00,228.0,-86.1,-91.63,1
2016-08-14_13:22:50.00,230.0,-90.33,-93.01,2
2016-08-14_13:22:50.00,232.0,-88.34,-96.54,1
2016-08-14_13:22:50.00,234.0,-83.4,-88.11,1
2016-08-14_13:22:50.00,236.0,-91.44,-99.87,1
2016-08-14_13:23:00.00,212.0,-86.63,-88.5,2
2016-08-14_13:23:00.00,214.0,-86.99,-93.9,1
2016-08-14_13:23:00.00,216.0,-83.81,-91.18,1
2016-08-14_13:23:00.00,218.0,-88.66,-93.66,1
2016-08-14_13:23:00.00,220.0,-83.78,-96.64,1
2016-08-14_13:23:00.00,222.0,-88.46,-91.06,2
2016-08-14_13:23:00.00,224.0,-91.51,-96.69,1
2016-08-14_13:23:00.00,226.0,-86.1,-94.12,1
2016-08-14_13:23:00.00,228.0,-83.56,-89.06,1
2016-08-14_13:23:00.00,230.0,-88.81,-89.63,2
2016-08-14_13:23:00.00,232.0,-89.89,-90.07,2
2016-08-14_13:23:00.00,234.0,-88.42,-98.82,1
2016-08-14_13:23:00.00,236.0,-94.74,-95.51,2
2016-08-14_13:23:00.00,238.0,-93.38,-94.43,2
2016-08-14_13:23:00.00,240.0,-95.39,-96.92,2
2016-08-14_13:23:00.00,242.0,-87.18,-95.41,1
2016-08-14_13:23:10.00,222.0,-87.56,-85.57,2
2016-08-14_13:23:10.00,224.0,-92.8,-96.14,1
2016-08-14_13:23:10.00,226.0,-86.8,-94.68,1
2016-08-14_13:23:10.00,228.0,-94.39,-100.2,1
2016-08-14_13:23:10.00,230.0,-95.35,-92.34,3
2016-08-14_13:23:10.00,232.0,-90.55,-88.55,2
2016-08-14_13:23:10.00,234.0,-97.43,-100.34,2
2016-08-14_13:23:10.00,236.0,-98.09,-96.59,2
2016-08-14_13:23:10.00,238.0,-84.55,-88.62,1
2016-08-14_13:23:10.00,240.0,-85.25,-94.29,1
2016-08-14_13:23:10.00,242.0,-93.76,-92.93,2
2016-08-14_13:23:10.00,244.0,-91.79,-96.04,1
2016-08-14_13:23:10.00,246.0,-88.85,-95.7,1
2016-08-14_13:23:10.00,248.0,-94.89,-104.05,1
2016-08-14_13:23:10.00,250.0,-91.25,-90.85,2
2016-08-14_13:23:10.00,252.0,-96.12,-93.62,2
2016-08-14_13:23:20.00,230.0,-98.35,-97.91,2
2016-08-14_13:23:20.00,232.0,-92.69,-87.85,3
2016-08-14_13:23:20.00,234.0,-96.61,-95.19,2
2016-08-14_13:23:20.00,236.0,-83.54,-93.4,1
2016-08-14_13:23:20.00,238.0,-96.61,-103.13,1
2016-08-14_13:23:20.00,240.0,-94.45,-94.68,2
2016-08-14_13:23:20.00,242.0,-91.84,-101.04,1
2016-08-14_13:23:20.00,244.0,-97.35,-97.6,2
2016-08-14_13:23:20.00,246.0,-91.12,-90.63,2
2016-08-14_13:23:20.00,248.0,-94.16,-99.98,1
2016-08-14_13:23:20.00,250.0,-93.76,-98.94,1
2016-08-14_13:23:20.00,252.0,-95.78,-97.9,2
2016-08-14_13:23:20.00,254.0,-86.76,-91.77,1
2016-08-14_13:23:20.00,256.0,-88.35,-88.72,2
2016-08-14_13:23:20.00,258.0,-88.02,-94.62,1
2016-08-14_13:23:20.00,260.0,-95.56,-89.71,3
2016-08-14_13:23:30.00,238.0,-90.07,-95.58,1
2016-08-14_13:23:30.00,240.0,-86.19,-86.31,2
2016-08-14_13:23:30.00,242.0,-90.43,-92.42,2
2016-08-14_13:23:30.00,244.0,-91.47,-92.73,2
2016-08-14_13:23:30.00,246.0,-88.89,-95.07,1
2016-08-14_13:23:30.00,248.0,-90.54,-95.05,1
2016-08-14_13:23:30.00,250.0,-91.16,-88.28,2
2016-08-14_13:23:30.00,252.0,-91.83,-92.57,2
2016-08-14_13:23:30.00,254.0,-90.19,-93.52,1
2016-08-14_13:23:30.00,256.0,-84.93,-88.01,1
2016-08-14_13:23:30.00,258.0,-87.79,-88.99,2
2016-08-14_13:23:30.00,260.0,-89.52,-91.38,2
2016-08-14_13:23:30.00,262.0,-89.28,-93.33,1
2016-08-14_13:23:30.00,264.0,-84.15,-89.01,1
2016-08-14_13:23:30.00,266.0,-84.51,-89.3,1
2016-08-14_13:23:30.00,268.0,-82.48,-87.92,1
2016-08-14_13:23:30.00,270.0,-92.26,-91.11,2
2016-08-14_13:23:40.00,248.0,-91.16,-83.68,3
2016-08-14_13:23:40.00,250.0,-91.49,-86.93,3
2016-08-14_13:23:40.00,252.0,-92.85,-88.39,3
2016-08-14_13:23:40.00,254.0,-91.36,-86.26,3
2016-08-14_13:23:40.00,256.0,-88.34,-85.41,2
2016-08-14_13:23:40.00,258.0,-88.71,-90.31,2
2016-08-14_13:23:40.00,260.0,-83.92,-85.99,2
2016-08-14_13:23:40.00,262.0,-85.47,-88.15,2
2016-08-14_13:23:40.00,264.0,-87.15,-91.76,1
2016-08-14_13:23:40.00,266.0,-88.08,-90.56,2
2016-08-14_13:23:40.00,268.0,-78.85,-84.73,1
2016-08-14_13:23:40.00,270.0,-85.22,-88.08,2
2016-08-14_13:23:40.00,272.0,-83.5,-93.97,1
2016-08-14_13:23:40.00,274.0,-82.38,-85.73,1
2016-08-14_13:23:40.00,276.0,-87.43,-85.47,2
2016-08-14_13:23:40.00,278.0,-83.7,-87.96,1
2016-08-14_13:23:40.00,280.0,-81.23,-85.01,1
2016-08-14_13:23:50.00,258.0,-87.87,-102.2,1
2016-08-14_13:23:50.00,260.0,-87.7,-105.3,1
2016-08-14_13:23:50.00,262.0,-86.72,-91.23,1
2016-08-14_13:23:50.00,264.0,-85.04,-90.31,1
2016-08-14_13:23:50.00,266.0,-87.26,-84.02,3
2016-08-14_13:23:50.00,268.0,-83.97,-91.17,1
2016-08-14_13:23:50.00,270.0,-80.28,-88.79,1
2016-08-14_13:23:50.00,272.0,-88.87,-91.27,2
2016-08-14_13:23:50.00,274.0,-80.69,-91.98,1
2016-08-14_13:23:50.00,276.0,-84.18,-89.37,1
2016-08-14_13:23:50.00,278.0,-82.6,-83.32,2
2016-08-14_13:23:50.00,280.0,-89.99,-85.27,3
2016-08-14_13:23:50.00,282.0,-81.64,-86.78,1
2016-08-14_13:23:50.00,284.0,-94.19,-88.56,3
2016-08-14_13:23:50.00,286.0,-88.04,-90.57,2
2016-08-14_13:23:50.00,288.0,-84.31,-85.32,2
2016-08-14_13:23:50.00,290.0,-87.07,-87.47,2
2016-08-14_13:23:50.00,292.0,-77.88,-92.2,1
2016-08-14_13:24:00.00,268.0,-96.69,-100.24,1
2016-08-14_13:24:00.00,270.0,-82.31,-91.51,1
2016-08-14_13:24:00.00,272.0,-82.32,-84.52,2
2016-08-14_13:24:00.00,274.0,-92.15,-91.5,2
2016-08-14_13:24:00.00,276.0,-85.12,-93.7,1
2016-08-14_13:24:00.00,278.0,-87.36,-88.41,2
2016-08-14_13:24:00.00,280.0,-87.78,-89.13,2
2016-08-14_13:24:00.00,282.0,-88.7,-90.31,2
2016-08-14_13:24:00.00,284.0,-84.07,-80.94,3
2016-08-14_13:24:00.00,286.0,-86.82,-89.62,2
2016-08-14_13:24:00.00,288.0,-86.6,-89.22,2
2016-08-14_13:24:00.00,290.0,-83.92,-89.17,1
2016-08-14_13:24:00.00,292.0,-79.2,-86.07,1
2016-08-14_13:24:00.00,294.0,-80.35,-83.58,1
2016-08-14_13:24:00.00,296.0,-79.47,-85.33,1
2016-08-14_13:24:00.00,298.0,-81.14,-82.43,2
2016-08-14_13:24:00.00,300.0,-78.21,-78.8,2
2016-08-14_13:24:00.00,302.0,-81.03,-84.1,1
2016-08-14_13:24:00.00,304.0,-81.89,-85.06,1
2016-08-14_13:24:00.00,306.0,-83.12,-86.17,1
2016-08-14_13:24:00.00,308.0,-80.2,-83.51,1
2016-08-14_13:24:10.00,276.0,-82.93,-90.86,1
2016-08-14_13:24:10.00,278.0,-92.08,-98.0,1
2016-08-14_13:24:10.00,280.0,-91.04,-90.71,2
2016-08-14_13:24:10.00,282.0,-89.9,-90.96,2
2016-08-14_13:24:10.00,284.0,-88.39,-89.95,2
2016-08-14_13:24:10.00,286.0,-86.24,-88.62,2
2016-08-14_13:24:10.00,288.0,-85.04,-84.83,2
2016-08-14_13:24:10.00,290.0,-82.88,-85.8,2
2016-08-14_13:24:10.00,292.0,-83.13,-87.61,1
2016-08-14_13:24:10.00,294.0,-83.55,-88.86,1
2016-08-14_13:24:10.00,296.0,-84.84,-88.2,1
2016-08-14_13:24:10.00,298.0,-84.08,-84.67,2
2016-08-14_13:24:10.00,300.0,-81.18,-88.28,1
2016-08-14_13:24:10.00,302.0,-81.01,-91.82,1
2016-08-14_13:24:10.00,304.0,-85.62,-85.39,2
2016-08-14_13:24:10.00,306.0,-84.12,-86.89,2
2016-08-14_13:24:10.00,308.0,-84.68,-87.84,1
2016-08-14_13:24:10.00,310.0,-85.71,-84.81,2
2016-08-14_13:24:10.00,312.0,-86.21,-90.77,1
2016-08-14_13:24:10.00,314.0,-87.79,-86.62,2
2016-08-14_13:24:10.00,316.0,-83.55,-90.0,1
2016-08-14_13:24:10.00,318.0,-85.31,-88.77,1
2016-08-14_13:24:10.00,320.0,-84.2,-85.38,2
2016-08-14_13:24:20.00,288.0,-84.65,-86.29,2
2016-08-14_13:24:20.00,290.0,-89.93,-87.53,2
2016-08-14_13:24:20.00,292.0,-83.33,-88.53,1
2016-08-14_13:24:20.00,294.0,-82.49,-85.77,1
2016-08-14_13:24:20.00,296.0,-82.41,-84.11,2
2016-08-14_13:24:20.00,298.0,-86.34,-92.05,1
2016-08-14_13:24:20.00,300.0,-82.33,-86.95,1
2016-08-14_13:24:20.00,302.0,-87.78,-90.89,1
2016-08-14_13:24:20.00,304.0,-87.53,-86.3,2
2016-08-14_13:24:20.00,306.0,-82.67,-85.89,1
2016-08-14_13:24:20.00,308.0,-82.48,-88.15,1
2016-08-14_13:24:20.00,310.0,-84.5,-87.5,2
2016-08-14_13:24:20.00,312.0,-81.78,-91.53,1
2016-08-14_13:24:20.00,314.0,-84.94,-85.09,2
2016-08-14_13:24:20.00,316.0,-81.74,-83.87,2
2016-08-14_13:24:20.00,318.0,-86.5,-89.1,2
2016-08-14_13:24:20.00,320.0,-87.9,-92.89,1
2016-08-14_13:24:20.00,322.0,-80.11,-80.48,2
2016-08-14_13:24:20.00,324.0,-82.69,-77.61,3
2016-08-14_13:24:20.00,326.0,-81.75,-79.5,2
2016-08-14_13:24:20.00,328.0,-82.58,-83.88,2
2016-08-14_13:24:20.00,330.0,-87.39,-76.58,3
2016-08-14_13:24:20.00,332.0,-79.2,-76.9,2
2016-08-14_13:24:30.00,302.0,-83.13,-88.44,1
2016-08-14_13:24:30.00,304.0,-84.81,-93.95,1
2016-08-14_13:24:30.00,306.0,-89.02,-84.58,3
2016-08-14_13:24:30.00,308.0,-92.14,-89.18,2
2016-08-14_13:24:30.00,310.0,-89.28,-89.7,2
2016-08-14_13:24:30.00,312.0,-83.01,-88.69,1
2016-08-14_13:24:30.00,314.0,-83.34,-89.26,1
2016-08-14_13:24:30.00,316.0,-84.62,-86.32,2
2016-08-14_13:24:30.00,318.0,-79.53,-87.26,1
2016-08-14_13:24:30.00,320.0,-86.82,-87.5,2
2016-08-14_13:24:30.00,322.0,-81.19,-79.45,2
2016-08-14_13:24:30.00,324.0,-84.67,-86.54,2
2016-08-14_13:24:30.00,326.0,-84.27,-87.69,1
2016-08-14_13:24:30.00,328.0,-81.67,-86.71,1
2016-08-14_13:24:30.00,330.0,-90.16,-79.18,3
2016-08-14_13:24:30.00,332.0,-81.28,-83.37,2
2016-08-14_13:24:30.00,334.0,-76.1,-80.45,1
2016-08-14_13:24:30.00,336.0,-77.79,-78.4,2
2016-08-14_13:24:30.00,338.0,-78.94,-82.17,1
2016-08-14_13:24:30.00,340.0,-78.02,-76.07,2
2016-08-14_13:24:40.00,312.0,-82.7,-88.94,1
2016-08-14_13:24:40.00,314.0,-87.46,-92.55,1
2016-08-14_13:24:40.00,316.0,-90.38,-93.06,2
2016-08-14_13:24:40.00,318.0,-83.65,-85.62,2
2016-08-14_13:24:40.00,320.0,-90.75,-81.52,3
2016-08-14_13:24:40.00,322.0,-83.81,-80.88,2
2016-08-14_13:24:40.00,324.0,-87.28,-80.63,3
2016-08-14_13:24:40.00,326.0,-88.32,-82.98,3
2016-08-14_13:24:40.00,328.0,-82.51,-88.35,1
2016-08-14_13:24:40.00,330.0,-83.57,-79.58,3
2016-08-14_13:24:40.00,332.0,-82.53,-77.14,3
2016-08-14_13:24:40.00,334.0,-83.98,-80.09,3
2016-08-14_13:24:40.00,336.0,-83.34,-77.2,3
2016-08-14_13:24:40.00,338.0,-83.52,-78.01,3
2016-08-14_13:24:40.00,340.0,-81.96,-77.24,3
2016-08-14_13:24:40.00,342.0,-77.68,-77.07,2
2016-08-14_13:24:40.00,344.0,-76.26,-74.99,2
2016-08-14_13:24:40.00,346.0,-83.4,-74.34,3
2016-08-14_13:24:40.00,348.0,-79.31,-75.97,3
2016-08-14_13:24:50.00,330.0,-83.4,-77.57,3
2016-08-14_13:24:50.00,332.0,-77.31,-78.53,2
2016-08-14_13:24:50.00,334.0,-80.23,-80.68,2
2016-08-14_13:24:50.00,336.0,-77.26,-74.3,2
2016-08-14_13:24:50.00,338.0,-79.04,-73.03,3
2016-08-14_13:24:50.00,340.0,-85.01,-72.91,3
2016-08-14_13:24:50.00,342.0,-84.23,-74.42,3
2016-08-14_13:24:50.00,344.0,-78.75,-72.99,3
2016-08-14_13:24:50.00,346.0,-79.86,-73.53,3
2016-08-14_13:24:50.00,348.0,-77.77,-71.15,3
2016-08-14_13:24:50.00,350.0,-75.05,-74.39,2
2016-08-14_13:24:50.00,352.0,-79.1,-74.88,3
2016-08-14_13:24:50.00,354.0,-75.16,-76.39,2
2016-08-14_13:24:50.00,356.0,-77.89,-76.49,2
2016-08-14_13:24:50.00,358.0,-80.25,-79.05,2
2016-08-14_13:24:50.00,360.0,-75.4,-77.06,2
2016-08-14_13:24:50.00,362.0,-75.48,-76.54,2
2016-08-14_13:25:00.00,342.0,-77.22,-73.27,3
2016-08-14_13:25:00.00,344.0,-74.59,-73.78,2
2016-08-14_13:25:00.00,346.0,-77.12,-71.41,3
2016-08-14_13:25:00.00,348.0,-78.61,-76.4,2
2016-08-14_13:25:00.00,350.0,-77.62,-81.18,1
2016-08-14_13:25:00.00,352.0,-77.13,-78.79,2
2016-08-14_13:25:00.00,354.0,-76.09,-73.92,2
2016-08-14_13:25:00.00,356.0,-74.27,-72.7,2
2016-08-14_13:25:00.00,358.0,-71.05,-78.34,1
2016-08-14_13:25:00.00,360.0,-73.66,-76.9,1
2016-08-14_13:25:00.00,362.0,-74.76,-76.05,2
2016-08-14_13:25:00.00,364.0,-75.65,-72.22,3
2016-08-14_13:25:00.00,366.0,-74.96,-74.75,2
2016-08-14_13:25:00.00,368.0,-75.02,-76.02,2
2016-08-14_13:25:00.00,370.0,-74.89,-78.78,1
2016-08-14_13:25:00.00,372.0,-69.28,-74.34,1
2016-08-14_13:25:00.00,374.0,-68.67,-74.66,1
2016-08-14_13:25:10.00,362.0,-76.97,-76.25,2
2016-08-14_13:25:10.00,364.0,-76.3,-76.82,2
2016-08-14_13:25:10.00,366.0,-73.74,-80.83,1
2016-08-14_13:25:10.00,368.0,-74.74,-78.9,1
2016-08-14_13:25:10.00,370.0,-73.3,-79.84,1
2016-08-14_13:25:10.00,372.0,-70.59,-76.87,1
2016-08-14_13:25:10.00,374.0,-71.9,-74.91,1
2016-08-14_13:25:10.00,376.0,-71.22,-80.31,1
2016-08-14_13:25:10.00,378.0,-68.97,-73.77,1
2016-08-14_13:25:10.00,380.0,-67.98,-75.01,1
2016-08-14_13:25:10.00,382.0,-72.86,-75.92,1
2016-08-14_13:25:10.00,384.0,-75.48,-71.98,3
2016-08-14_13:25:10.00,386.0,-69.76,-70.7,2
2016-08-14_13:25:10.00,388.0,-71.53,-69.46,2
2016-08-14_13:25:10.00,390.0,-71.25,-68.77,2
2016-08-14_13:25:10.00,392.0,-71.66,-72.48,2
2016-08-14_13:25:10.00,394.0,-75.77,-73.29,2
2016-08-14_13:25:10.00,396.0,-69.9,-70.99,2
2016-08-14_13:25:20.00,392.0,-68.11,-74.04,1
2016-08-14_13:25:20.00,394.0,-69.5,-72.37,2
2016-08-14_13:25:20.00,396.0,-68.89,-71.62,2
2016-08-14_13:25:20.00,398.0,-66.65,-71.89,1
2016-08-14_13:25:20.00,400.0,-66.41,-77.65,1
2016-08-14_13:25:20.00,402.0,-67.78,-69.87,2
2016-08-14_13:25:20.00,404.0,-69.38,-66.19,3
2016-08-14_13:25:20.00,406.0,-68.74,-72.33,1
2016-08-14_13:25:20.00,408.0,-65.4,-69.45,1
2016-08-14_13:25:20.00,410.0,-69.42,-70.91,2
2016-08-14_13:25:20.00,412.0,-68.04,-67.5,2
2016-08-14_13:25:20.00,414.0,-65.8,-67.13,2
2016-08-14_13:25:20.00,416.0,-66.82,-67.79,2
2016-08-14_13:25:20.00,418.0,-68.25,-69.7,2
2016-08-14_13:25:20.00,420.0,-69.24,-69.67,2
2016-08-14_13:25:20.00,422.0,-74.04,-72.99,2
2016-08-14_13:25:30.00,416.0,-68.87,-73.6,1
2016-08-14_13:25:30.00,418.0,-70.18,-70.45,2
2016-08-14_13:25:30.00,420.0,-69.96,-73.45,1
2016-08-14_13:25:30.00,422.0,-67.11,-76.15,1
2016-08-14_13:25:30.00,424.0,-70.48,-71.63,2
2016-08-14_13:25:30.00,426.0,-71.51,-71.47,2
2016-08-14_13:25:30.00,428.0,-72.83,-73.26,2
2016-08-14_13:25:30.00,430.0,-69.43,-72.65,1
2016-08-14_13:25:30.00,432.0,-71.23,-72.38,2
2016-08-14_13:25:30.00,434.0,-71.7,-71.44,2
2016-08-14_13:25:30.00,436.0,-70.68,-70.25,2
2016-08-14_13:25:30.00,438.0,-70.13,-71.26,2
2016-08-14_13:25:30.00,440.0,-69.73,-74.34,1
2016-08-14_13:25:30.00,442.0,-69.18,-73.3,1
2016-08-14_13:25:30.00,444.0,-70.09,-72.46,2
2016-08-14_13:25:30.00,446.0,-73.4,-75.06,2
2016-08-14_13:25:40.00,446.0,-73.53,-76.96,1
2016-08-14_13:25:40.00,448.0,-75.37,-80.29,1
2016-08-14_13:25:40.00,450.0,-76.37,-72.97,3
2016-08-14_13:25:40.00,452.0,-80.86,-73.34,3
2016-08-14_13:25:40.00,454.0,-79.01,-74.46,3
2016-08-14_13:25:40.00,456.0,-77.71,-72.97,3
2016-08-14_13:25:40.00,458.0,-77.69,-76.76,2
2016-08-14_13:25:40.00,460.0,-77.93,-71.56,3
2016-08-14_13:25:40.00,462.0,-76.71,-80.72,1
2016-08-14_13:25:40.00,464.0,-76.28,-77.26,2
2016-08-14_13:25:40.00,466.0,-74.58,-72.24,2
2016-08-14_13:25:40.00,468.0,-72.33,-73.55,2
2016-08-14_13:25:40.00,470.0,-73.12,-72.12,2
2016-08-14_13:25:40.00,472.0,-72.88,-73.49,2
2016-08-14_13:25:40.00,474.0,-72.04,-69.65,2
2016-08-14_13:25:40.00,476.0,-68.58,-71.7,1
2016-08-14_13:25:50.00,490.0,-65.44,-71.07,1
2016-08-14_13:25:50.00,492.0,-66.13,-71.21,1
2016-08-14_13:25:50.00,494.0,-70.94,-74.17,1
2016-08-14_13:25:50.00,496.0,-67.82,-69.52,2
2016-08-14_13:25:50.00,498.0,-64.32,-72.25,1
2016-08-14_13:25:50.00,500.0,-66.94,-69.44,2
2016-08-14_13:25:50.00,502.0,-68.66,-71.5,2
2016-08-14_13:25:50.00,504.0,-71.18,-72.35,2
2016-08-14_13:25:50.00,506.0,-69.23,-70.03,2
2016-08-14_13:25:50.00,508.0,-72.39,-70.57,2
2016-08-14_13:25:50.00,510.0,-71.25,-72.14,2
2016-08-14_13:25:50.00,512.0,-72.87,-71.12,2
2016-08-14_13:25:50.00,514.0,-70.38,-75.15,1
2016-08-14_13:25:50.00,516.0,-73.01,-75.89,2
2016-08-14_13:25:50.00,518.0,-76.41,-75.37,2
2016-08-14_13:25:50.00,520.0,-74.97,-73.67,2
2016-08-14_13:25:50.00,522.0,-77.11,-68.77,3
2016-08-14_13:26:00.00,492.0,-65.83,-71.63,1
2016-08-14_13:26:00.00,494.0,-65.79,-67.75,2
2016-08-14_13:26:00.00,496.0,-66.54,-76.83,1
2016-08-14_13:26:00.00,498.0,-70.26,-77.64,1
2016-08-14_13:26:00.00,500.0,-68.34,-72.49,1
2016-08-14_13:26:00.00,502.0,-66.99,-72.38,1
2016-08-14_13:26:00.00,504.0,-66.49,-72.62,1
2016-08-14_13:26:00.00,506.0,-65.66,-73.19,1
2016-08-14_13:26:00.00,508.0,-70.87,-75.95,1
2016-08-14_13:26:00.00,510.0,-67.04,-71.41,1
2016-08-14_13:26:00.00,512.0,-66.77,-77.59,1
2016-08-14_13:26:00.00,514.0,-73.37,-72.44,2
2016-08-14_13:26:00.00,516.0,-76.03,-72.53,3
2016-08-14_13:26:00.00,518.0,-72.88,-74.15,2
2016-08-14_13:26:00.00,520.0,-73.65,-71.31,2
2016-08-14_13:26:00.00,522.0,-75.51,-71.82,3
2016-08-14_13:26:00.00,524.0,-77.59,-73.27,3
2016-08-14_13:26:00.00,526.0,-70.88,-71.22,2
2016-08-14_13:26:10.00,506.0,-68.11,-69.59,2
2016-08-14_13:26:10.00,508.0,-68.12,-71.45,1
2016-08-14_13:26:10.00,510.0,-70.06,-72.62,2
2016-08-14_13:26:10.00,512.0,-70.68,-73.6,2
2016-08-14_13:26:10.00,514.0,-68.98,-74.27,1
2016-08-14_13:26:10.00,516.0,-72.08,-74.76,2
2016-08-14_13:26:10.00,518.0,-71.81,-74.81,1
2016-08-14_13:26:10.00,520.0,-74.23,-74.99,2
2016-08-14_13:26:10.00,522.0,-69.21,-71.63,2
2016-08-14_13:26:10.00,524.0,-76.2,-69.8,3
2016-08-14_13:26:10.00,526.0,-73.62,-73.08,2
2016-08-14_13:26:10.00,528.0,-75.87,-72.49,3
2016-08-14_13:26:10.00,530.0,-74.39,-75.2,2
2016-08-14_13:26:10.00,532.0,-76.85,-70.61,3
2016-08-14_13:26:10.00,534.0,-73.13,-70.35,2
2016-08-14_13:26:10.00,536.0,-75.16,-71.94,3
2016-08-14_13:26:10.00,538.0,-76.58,-72.38,3
2016-08-14_13:26:10.00,540.0,-76.31,-69.15,3
2016-08-14_13:26:20.00,512.0,-73.86,-72.42,2
2016-08-14_13:26:20.00,514.0,-74.8,-73.43,2
2016-08-14_13:26:20.00,516.0,-71.16,-73.82,2
2016-08-14_13:26:20.00,518.0,-70.46,-77.97,1
2016-08-14_13:26:20.00,520.0,-73.69,-70.76,2
2016-08-14_13:26:20.00,522.0,-72.88,-76.8,1
2016-08-14_13:26:20.00,524.0,-78.28,-74.01,3
2016-08-14_13:26:20.00,526.0,-74.76,-73.76,2
2016-08-14_13:26:20.00,528.0,-74.64,-77.32,2
2016-08-14_13:26:20.00,530.0,-77.26,-69.21,3
2016-08-14_13:26:20.00,532.0,-74.83,-73.95,2
2016-08-14_13:26:20.00,534.0,-74.79,-74.47,2
2016-08-14_13:26:20.00,536.0,-75.4,-70.9,3
2016-08-14_13:26:20.00,538.0,-78.94,-70.82,3
2016-08-14_13:26:20.00,540.0,-79.25,-71.26,3
2016-08-14_13:26:20.00,542.0,-76.32,-70.89,3
2016-08-14_13:26:20.00,544.0,-79.09,-72.5,3
2016-08-14_13:26:20.00,546.0,-75.63,-70.82,3
2016-08-14_13:26:20.00,548.0,-77.68,-70.78,3
2016-08-14_13:26:30.00,514.0,-73.78,-75.27,2
2016-08-14_13:26:30.00,516.0,-73.02,-75.4,2
2016-08-14_13:26:30.00,518.0,-70.27,-70.81,2
2016-08-14_13:26:30.00,520.0,-67.21,-76.59,1
2016-08-14_13:26:30.00,522.0,-73.08,-72.42,2
2016-08-14_13:26:30.00,524.0,-71.23,-74.18,2
2016-08-14_13:26:30.00,526.0,-78.34,-73.45,3
2016-08-14_13:26:30.00,528.0,-72.24,-70.92,2
2016-08-14_13:26:30.00,530.0,-75.22,-70.94,3
2016-08-14_13:26:30.00,532.0,-76.45,-68.59,3
2016-08-14_13:26:30.00,534.0,-73.96,-70.63,3
2016-08-14_13:26:30.00,536.0,-74.9,-69.86,3
2016-08-14_13:26:30.00,538.0,-81.12,-70.85,3
2016-08-14_13:26:30.00,540.0,-76.03,-74.0,2
2016-08-14_13:26:30.00,542.0,-76.46,-74.23,2
2016-08-14_13:26:30.00,544.0,-76.53,-76.42,2
2016-08-14_13:26:30.00,546.0,-78.08,-74.15,3
2016-08-14_13:26:30.00,548.0,-78.74,-74.02,3
2016-08-14_13:26:40.00,500.0,-70.04,-75.78,1
2016-08-14_13:26:40.00,502.0,-69.52,-73.23,1
2016-08-14_13:26:40.00,504.0,-68.98,-70.01,2
2016-08-14_13:26:40.00,506.0,-66.51,-70.58,1
2016-08-14_13:26:40.00,508.0,-70.71,-72.1,2
2016-08-14_13:26:40.00,510.0,-68.13,-72.83,1
2016-08-14_13:26:40.00,512.0,-72.72,-80.65,1
2016-08-14_13:26:40.00,514.0,-79.2,-73.86,3
2016-08-14_13:26:40.00,516.0,-67.72,-74.41,1
2016-08-14_13:26:40.00,518.0,-72.21,-72.37,2
2016-08-14_13:26:40.00,520.0,-73.81,-73.37,2
2016-08-14_13:26:40.00,522.0,-70.52,-75.18,1
2016-08-14_13:26:40.00,524.0,-75.33,-74.55,2
2016-08-14_13:26:40.00,526.0,-76.2,-72.06,3
2016-08-14_13:26:40.00,528.0,-74.41,-73.12,2
2016-08-14_13:26:40.00,530.0,-81.98,-73.83,3
2016-08-14_13:26:40.00,532.0,-75.01,-73.67,2
2016-08-14_13:26:40.00,534.0,-74.62,-75.05,2
2016-08-14_13:26:50.00,478.0,-72.91,-76.87,1
2016-08-14_13:26:50.00,480.0,-71.33,-72.4,2
2016-08-14_13:26:50.00,482.0,-69.61,-72.86,1
2016-08-14_13:26:50.00,484.0,-71.54,-73.21,2
2016-08-14_13:26:50.00,486.0,-71.1,-71.86,2
2016-08-14_13:26:50.00,488.0,-69.73,-74.12,1
2016-08-14_13:26:50.00,490.0,-69.02,-74.69,1
2016-08-14_13:26:50.00,492.0,-65.05,-73.56,1
2016-08-14_13:26:50.00,494.0,-66.85,-73.34,1
2016-08-14_13:26:50.00,496.0,-68.87,-69.26,2
2016-08-14_13:26:50.00,498.0,-67.13,-68.87,2
2016-08-14_13:26:50.00,500.0,-68.75,-75.33,1
2016-08-14_13:26:50.00,502.0,-70.4,-70.34,2
2016-08-14_13:26:50.00,504.0,-67.52,-67.52,2
2016-08-14_13:26:50.00,506.0,-68.06,-73.96,1
2016-08-14_13:26:50.00,508.0,-70.81,-73.03,2
2016-08-14_13:26:50.00,510.0,-72.15,-75.55,1
2016-08-14_13:26:50.00,512.0,-68.5,-72.7,1
2016-08-14_13:27:00.00,460.0,-80.02,-69.31,3
2016-08-14_13:27:00.00,462.0,-76.03,-72.79,3
2016-08-14_13:27:00.00,464.0,-69.52,-75.87,1
2016-08-14_13:27:00.00,466.0,-71.51,-72.3,2
2016-08-14_13:27:00.00,468.0,-74.23,-73.05,2
2016-08-14_13:27:00.00,470.0,-72.08,-70.64,2
2016-08-14_13:27:00.00,472.0,-76.38,-76.42,2
2016-08-14_13:27:00.00,474.0,-72.33,-73.41,2
2016-08-14_13:27:00.00,476.0,-71.43,-70.01,2
2016-08-14_13:27:00.00,478.0,-69.99,-73.69,1
2016-08-14_13:27:00.00,480.0,-68.75,-76.81,1
2016-08-14_13:27:00.00,482.0,-67.96,-75.4,1
2016-08-14_13:27:00.00,484.0,-72.12,-70.01,2
2016-08-14_13:27:00.00,486.0,-72.37,-71.04,2
2016-08-14_13:27:00.00,488.0,-65.82,-69.28,1
2016-08-14_13:27:00.00,490.0,-65.21,-73.06,1
2016-08-14_13:27:00.00,492.0,-70.16,-74.81,1
2016-08-14_13:27:00.00,494.0,-69.41,-77.52,1
2016-08-14_13:27:00.00,496.0,-65.26,-69.57,1
2016-08-14_13:27:10.00,450.0,-78.68,-73.31,3
2016-08-14_13:27:10.00,452.0,-78.03,-71.82,3
2016-08-14_13:27:10.00,454.0,-71.19,-76.58,1
2016-08-14_13:27:10.00,456.0,-79.31,-73.32,3
2016-08-14_13:27:10.00,458.0,-74.67,-72.85,2
2016-08-14_13:27:10.00,460.0,-74.73,-73.97,2
2016-08-14_13:27:10.00,462.0,-76.0,-73.32,2
2016-08-14_13:27:10.00,464.0,-73.1,-69.23,3
2016-08-14_13:27:10.00,466.0,-75.35,-72.69,2
2016-08-14_13:27:10.00,468.0,-71.75,-76.38,1
2016-08-14_13:27:10.00,470.0,-72.11,-77.44,1
2016-08-14_13:27:10.00,472.0,-70.76,-79.3,1
2016-08-14_13:27:10.00,474.0,-76.45,-72.75,3
2016-08-14_13:27:10.00,476.0,-67.65,-75.94,1
2016-08-14_13:27:10.00,478.0,-68.83,-73.51,1
2016-08-14_13:27:10.00,480.0,-71.45,-74.06,2
2016-08-14_13:27:10.00,482.0,-67.46,-69.6,2
2016-08-14_13:27:10.00,484.0,-66.68,-71.0,1
2016-08-14_13:27:10.00,486.0,-71.64,-71.02,2
2016-08-14_13:27:20.00,444.0,-73.77,-74.21,2
2016-08-14_13:27:20.00,446.0,-77.74,-76.91,2
2016-08-14_13:27:20.00,448.0,-82.85,-74.94,3
2016-08-14_13:27:20.00,450.0,-75.0,-72.82,2
2016-08-14_13:27:20.00,452.0,-73.0,-74.31,2
2016-08-14_13:27:20.00,454.0,-70.36,-77.62,1
2016-08-14_13:27:20.00,456.0,-74.52,-72.89,2
2016-08-14_13:27:20.00,458.0,-80.24,-69.47,3
2016-08-14_13:27:20.00,460.0,-75.86,-74.42,2
2016-08-14_13:27:20.00,462.0,-75.31,-73.51,2
2016-08-14_13:27:20.00,464.0,-68.88,-74.55,1
2016-08-14_13:27:20.00,466.0,-70.81,-68.58,2
2016-08-14_13:27:20.00,468.0,-75.74,-72.1,3
2016-08-14_13:27:20.00,470.0,-77.75,-77.21,2
2016-08-14_13:27:20.00,472.0,-68.43,-76.85,1
2016-08-14_13:27:20.00,474.0,-67.68,-77.12,1
2016-08-14_13:27:20.00,476.0,-69.97,-72.97,2
2016-08-14_13:27:20.00,478.0,-74.04,-70.9,3
2016-08-14_13:27:30.00,440.0,-72.1,-76.1,1
2016-08-14_13:27:30.00,442.0,-72.82,-76.56,1
2016-08-14_13:27:30.00,444.0,-77.72,-76.09,2
2016-08-14_13:27:30.00,446.0,-80.69,-79.55,2
2016-08-14_13:27:30.00,448.0,-82.64,-77.2,3
2016-08-14_13:27:30.00,450.0,-78.65,-76.48,2
2016-08-14_13:27:30.00,452.0,-79.72,-72.7,3
2016-08-14_13:27:30.00,454.0,-74.1,-74.08,2
2016-08-14_13:27:30.00,456.0,-74.98,-70.44,3
2016-08-14_13:27:30.00,458.0,-69.29,-72.65,1
2016-08-14_13:27:30.00,460.0,-70.33,-73.86,1
2016-08-14_13:27:30.00,462.0,-73.95,-73.15,2
2016-08-14_13:27:30.00,464.0,-70.84,-73.95,1
2016-08-14_13:27:30.00,466.0,-74.03,-71.36,2
2016-08-14_13:27:30.00,468.0,-73.39,-74.09,2
2016-08-14_13:27:30.00,470.0,-73.95,-70.72,3
2016-08-14_13:27:30.00,472.0,-71.75,-75.41,1
2016-08-14_13:27:30.00,474.0,-72.44,-70.4,2
2016-08-14_13:27:40.00,436.0,-68.12,-68.48,2
2016-08-14_13:27:40.00,438.0,-68.93,-73.12,1
2016-08-14_13:27:40.00,440.0,-70.62,-71.56,2
2016-08-14_13:27:40.00,442.0,-70.01,-75.39,1
2016-08-14_13:27:40.00,444.0,-76.04,-73.63,2
2016-08-14_13:27:40.00,446.0,-74.32,-72.46,2
2016-08-14_13:27:40.00,448.0,-79.76,-74.53,3
2016-08-14_13:27:40.00,450.0,-78.2,-76.91,2
2016-08-14_13:27:40.00,452.0,-85.12,-75.09,3
2016-08-14_13:27:40.00,454.0,-80.12,-72.87,3
2016-08-14_13:27:40.00,456.0,-78.57,-72.7,3
2016-08-14_13:27:40.00,458.0,-72.79,-75.34,2
2016-08-14_13:27:40.00,460.0,-74.97,-77.08,2
2016-08-14_13:27:40.00,462.0,-72.73,-70.34,2
2016-08-14_13:27:40.00,464.0,-74.51,-78.17,1
2016-08-14_13:27:40.00,466.0,-69.22,-72.06,2
2016-08-14_13:27:40.00,468.0,-75.28,-70.71,3
2016-08-14_13:27:40.00,470.0,-72.32,-77.29,1
2016-08-14_13:27:50.00,434.0,-67.74,-65.64,2
2016-08-14_13:27:50.00,436.0,-71.07,-71.45,2
2016-08-14_13:27:50.00,438.0,-74.5,-75.24,2
2016-08-14_13:27:50.00,440.0,-70.39,-74.95,1
2016-08-14_13:27:50.00,442.0,-63.95,-72.07,1
2016-08-14_13:27:50.00,444.0,-69.71,-70.45,2
2016-08-14_13:27:50.00,446.0,-72.14,-73.65,2
2016-08-14_13:27:50.00,448.0,-78.61,-74.42,3
2016-08-14_13:27:50.00,450.0,-81.31,-73.54,3
2016-08-14_13:27:50.00,452.0,-80.93,-74.97,3
2016-08-14_13:27:50.00,454.0,-79.99,-76.7,3
2016-08-14_13:27:50.00,456.0,-75.8,-74.06,2
2016-08-14_13:27:50.00,458.0,-73.73,-73.3,2
2016-08-14_13:27:50.00,460.0,-73.63,-74.52,2
2016-08-14_13:27:50.00,462.0,-73.55,-71.84,2
2016-08-14_13:27:50.00,464.0,-73.87,-71.41,2
2016-08-14_13:27:50.00,466.0,-73.07,-76.21,1
2016-08-14_13:27:50.00,468.0,-72.12,-73.5,2
2016-08-14_13:28:00.00,436.0,-71.48,-71.19,2
2016-08-14_13:28:00.00,438.0,-72.97,-75.58,2
2016-08-14_13:28:00.00,440.0,-71.31,-73.33,2
2016-08-14_13:28:00.00,442.0,-71.19,-72.12,2
2016-08-14_13:28:00.00,444.0,-71.52,-74.76,1
2016-08-14_13:28:00.00,446.0,-68.76,-73.68,1
2016-08-14_13:28:00.00,448.0,-75.71,-74.2,2
2016-08-14_13:28:00.00,450.0,-79.12,-79.79,2
2016-08-14_13:28:00.00,452.0,-78.11,-74.95,3
2016-08-14_13:28:00.00,454.0,-78.56,-76.77,2
2016-08-14_13:28:00.00,456.0,-77.76,-76.88,2
2016-08-14_13:28:00.00,458.0,-75.11,-75.96,2
2016-08-14_13:28:00.00,460.0,-77.69,-73.84,3
2016-08-14_13:28:00.00,462.0,-72.72,-70.51,2
2016-08-14_13:28:00.00,464.0,-73.85,-77.05,1
2016-08-14_13:28:00.00,466.0,-68.97,-71.76,2
2016-08-14_13:28:00.00,468.0,-66.1,-69.03,2
2016-08-14_13:28:10.00,436.0,-71.54,-72.2,2
2016-08-14_13:28:10.00,438.0,-71.82,-73.21,2
2016-08-14_13:28:10.00,440.0,-71.01,-72.19,2
2016-08-14_13:28:10.00,442.0,-69.31,-72.09,2
2016-08-14_13:28:10.00,444.0,-71.31,-71.08,2
2016-08-14_13:28:10.00,446.0,-72.12,-71.58,2
2016-08-14_13:28:10.00,448.0,-72.55,-73.96,2
2016-08-14_13:28:10.00,450.0,-74.49,-72.24,2
2016-08-14_13:28:10.00,452.0,-78.18,-73.45,3
2016-08-14_13:28:10.00,454.0,-77.39,-74.38,3
2016-08-14_13:28:10.00,456.0,-76.15,-75.22,2
2016-08-14_13:28:10.00,458.0,-76.41,-76.39,2
2016-08-14_13:28:10.00,460.0,-76.25,-74.51,2
2016-08-14_13:28:10.00,462.0,-78.25,-71.42,3
2016-08-14_13:28:10.00,464.0,-75.79,-72.45,3
2016-08-14_13:28:10.00,466.0,-72.2,-68.68,3
2016-08-14_13:28:10.00,468.0,-69.24,-70.01,2
2016-08-14_13:28:10.00,470.0,-69.36,-71.95,2
2016-08-14_13:28:20.00,440.0,-74.74,-73.98,2
2016-08-14_13:28:20.00,442.0,-78.3,-73.55,3
2016-08-14_13:28:20.00,444.0,-72.93,-74.37,2
2016-08-14_13:28:20.00,446.0,-71.46,-71.75,2
2016-08-14_13:28:20.00,448.0,-76.22,-74.56,2
2016-08-14_13:28:20.00,450.0,-76.69,-72.48,3
2016-08-14_13:28:20.00,452.0,-74.7,-72.92,2
2016-08-14_13:28:20.00,454.0,-75.88,-75.23,2
2016-08-14_13:28:20.00,456.0,-78.32,-72.73,3
2016-08-14_13:28:20.00,458.0,-74.28,-72.2,2
2016-08-14_13:28:20.00,460.0,-71.25,-75.91,1
2016-08-14_13:28:20.00,462.0,-77.03,-74.17,2
2016-08-14_13:28:20.00,464.0,-72.1,-71.8,2
2016-08-14_13:28:20.00,466.0,-75.14,-70.75,3
2016-08-14_13:28:20.00,468.0,-69.31,-68.66,2
2016-08-14_13:28:20.00,470.0,-66.5,-71.52,1
2016-08-14_13:28:20.00,472.0,-68.86,-73.49,1
2016-08-14_13:28:20.00,474.0,-65.25,-70.24,1
2016-08-14_13:28:30.00,446.0,-75.63,-72.25,3
2016-08-14_13:28:30.00,448.0,-76.84,-74.15,2
2016-08-14_13:28:30.00,450.0,-74.8,-70.12,3
2016-08-14_13:28:30.00,452.0,-77.66,-71.79,3
2016-08-14_13:28:30.00,454.0,-76.69,-71.24,3
2016-08-14_13:28:30.00,456.0,-79.1,-71.44,3
2016-08-14_13:28:30.00,458.0,-80.67,-71.17,3
2016-08-14_13:28:30.00,460.0,-73.7,-69.11,3
2016-08-14_13:28:30.00,462.0,-75.15,-73.01,2
2016-08-14_13:28:30.00,464.0,-70.29,-73.42,1
2016-08-14_13:28:30.00,466.0,-70.42,-72.17,2
2016-08-14_13:28:30.00,468.0,-72.78,-71.83,2
2016-08-14_13:28:30.00,470.0,-68.22,-71.53,1
2016-08-14_13:28:30.00,472.0,-72.38,-72.93,2
2016-08-14_13:28:30.00,474.0,-66.32,-70.84,1
2016-08-14_13:28:30.00,476.0,-67.05,-71.13,1
2016-08-14_13:28:30.00,478.0,-65.11,-71.35,1
2016-08-14_13:28:40.00,452.0,-78.17,-75.36,2
2016-08-14_13:28:40.00,454.0,-80.3,-73.8,3
2016-08-14_13:28:40.00,456.0,-77.59,-75.38,2
2016-08-14_13:28:40.00,458.0,-74.03,-68.64,3
2016-08-14_13:28:40.00,460.0,-79.86,-72.94,3
2016-08-14_13:28:40.00,462.0,-73.22,-69.9,3
2016-08-14_13:28:40.00,464.0,-73.58,-69.35,3
2016-08-14_13:28:40.00,466.0,-70.67,-70.58,2
2016-08-14_13:28:40.00,468.0,-65.32,-71.3,1
2016-08-14_13:28:40.00,470.0,-71.99,-71.24,2
2016-08-14_13:28:40.00,472.0,-71.18,-74.43,1
2016-08-14_13:28:40.00,474.0,-67.65,-73.87,1
2016-08-14_13:28:40.00,476.0,-65.25,-71.43,1
2016-08-14_13:28:40.00,478.0,-65.33,-70.78,1
2016-08-14_13:28:40.00,480.0,-64.63,-72.26,1
2016-08-14_13:28:40.00,482.0,-67.31,-68.23,2
2016-08-14_13:28:40.00,484.0,-66.76,-73.12,1
2016-08-14_13:28:50.00,462.0,-71.3,-73.48,2
2016-08-14_13:28:50.00,464.0,-70.53,-71.27,2
2016-08-14_13:28:50.00,466.0,-68.79,-74.37,1
2016-08-14_13:28:50.00,468.0,-69.97,-71.74,2
2016-08-14_13:28:50.00,470.0,-68.02,-72.63,1
2016-08-14_13:28:50.00,472.0,-68.71,-71.08,2
2016-08-14_13:28:50.00,474.0,-67.24,-73.58,1
2016-08-14_13:28:50.00,476.0,-67.51,-70.86,1
2016-08-14_13:28:50.00,478.0,-66.2,-73.82,1
2016-08-14_13:28:50.00,480.0,-67.32,-72.38,1
2016-08-14_13:28:50.00,482.0,-64.28,-70.31,1
2016-08-14_13:28:50.00,484.0,-65.79,-69.86,1
2016-08-14_13:28:50.00,486.0,-63.77,-70.99,1
2016-08-14_13:28:50.00,488.0,-66.14,-73.41,1
2016-08-14_13:28:50.00,490.0,-68.64,-69.47,2
2016-08-14_13:28:50.00,492.0,-68.62,-74.08,1
2016-08-14_13:28:50.00,494.0,-71.87,-74.35,2
2016-08-14_13:29:00.00,476.0,-69.81,-72.35,2
2016-08-14_13:29:00.00,478.0,-71.66,-71.5,2
2016-08-14_13:29:00.00,480.0,-66.18,-73.45,1
2016-08-14_13:29:00.00,482.0,-64.82,-68.66,1
2016-08-14_13:29:00.00,484.0,-65.11,-69.59,1
2016-08-14_13:29:00.00,486.0,-65.47,-77.08,1
2016-08-14_13:29:00.00,488.0,-68.85,-74.16,1
2016-08-14_13:29:00.00,490.0,-71.29,-75.11,1
2016-08-14_13:29:00.00,492.0,-69.86,-76.94,1
2016-08-14_13:29:00.00,494.0,-69.7,-73.91,1
2016-08-14_13:29:00.00,496.0,-71.51,-77.72,1
2016-08-14_13:29:00.00,498.0,-72.27,-77.2,1
2016-08-14_13:29:00.00,500.0,-73.28,-74.68,2
2016-08-14_13:29:00.00,502.0,-72.63,-77.26,1
2016-08-14_13:29:00.00,504.0,-67.93,-73.93,1
2016-08-14_13:29:00.00,506.0,-70.31,-75.34,1
2016-08-14_13:29:00.00,508.0,-69.19,-71.67,2
2016-08-14_13:29:00.00,510.0,-71.04,-75.23,1
2016-08-14_13:29:10.00,486.0,-69.44,-73.23,1
2016-08-14_13:29:10.00,488.0,-65.91,-70.88,1
2016-08-14_13:29:10.00,490.0,-71.32,-72.33,2
2016-08-14_13:29:10.00,492.0,-68.44,-75.08,1
2016-08-14_13:29:10.00,494.0,-72.96,-71.48,2
2016-08-14_13:29:10.00,496.0,-67.99,-73.56,1
2016-08-14_13:29:10.00,498.0,-68.44,-73.17,1
2016-08-14_13:29:10.00,500.0,-72.76,-68.04,3
2016-08-14_13:29:10.00,502.0,-71.8,-70.21,2
2016-08-14_13:29:10.00,504.0,-71.36,-71.67,2
2016-08-14_13:29:10.00,506.0,-66.91,-74.88,1
2016-08-14_13:29:10.00,508.0,-73.33,-72.36,2
2016-08-14_13:29:10.00,510.0,-67.91,-74.68,1
2016-08-14_13:29:10.00,512.0,-71.8,-67.85,3
2016-08-14_13:29:10.00,514.0,-75.66,-71.91,3
2016-08-14_13:29:10.00,516.0,-71.82,-70.97,2
2016-08-14_13:29:10.00,518.0,-70.47,-70.84,2
2016-08-14_13:29:10.00,520.0,-76.43,-71.1,3
2016-08-14_13:29:10.00,522.0,-75.11,-70.39,3
2016-08-14_13:29:20.00,516.0,-74.68,-74.4,2
2016-08-14_13:29:20.00,518.0,-75.53,-69.39,3
2016-08-14_13:29:20.00,520.0,-74.85,-72.81,2
2016-08-14_13:29:20.00,522.0,-75.46,-71.49,3
2016-08-14_13:29:20.00,524.0,-77.35,-66.84,3
2016-08-14_13:29:20.00,526.0,-80.39,-68.68,3
2016-08-14_13:29:20.00,528.0,-74.93,-76.45,2
2016-08-14_13:29:20.00,530.0,-77.4,-75.28,2
2016-08-14_13:29:20.00,532.0,-75.55,-68.31,3
2016-08-14_13:29:20.00,534.0,-77.05,-69.69,3
2016-08-14_13:29:20.00,536.0,-77.53,-71.59,3
2016-08-14_13:29:20.00,538.0,-76.53,-73.6,2
2016-08-14_13:29:20.00,540.0,-77.23,-72.88,3
2016-08-14_13:29:20.00,542.0,-76.41,-67.34,3
2016-08-14_13:29:20.00,544.0,-72.33,-70.96,2
2016-08-14_13:29:20.00,546.0,-73.43,-71.23,2
2016-08-14_13:29:20.00,548.0,-79.88,-70.09,3
2016-08-14_13:29:20.00,550.0,-73.72,-67.45,3
2016-08-14_13:29:30.00,544.0,-77.69,-68.75,3
2016-08-14_13:29:30.00,546.0,-75.36,-69.47,3
2016-08-14_13:29:30.00,548.0,-77.95,-67.06,3
2016-08-14_13:29:30.00,550.0,-74.95,-70.8,3
2016-08-14_13:29:30.00,552.0,-74.87,-69.16,3
2016-08-14_13:29:30.00,554.0,-78.1,-69.4,3
2016-08-14_13:29:30.00,556.0,-78.45,-67.32,3
2016-08-14_13:29:30.00,558.0,-77.12,-69.18,3
2016-08-14_13:29:30.00,560.0,-75.76,-70.31,3
2016-08-14_13:29:30.00,562.0,-80.82,-69.47,3
2016-08-14_13:29:30.00,564.0,-77.2,-68.68,3
2016-08-14_13:29:30.00,566.0,-76.33,-68.4,3
2016-08-14_13:29:30.00,568.0,-80.35,-66.34,3
2016-08-14_13:29:30.00,570.0,-77.5,-67.04,3
2016-08-14_13:29:30.00,572.0,-76.0,-68.78,3
2016-08-14_13:29:30.00,574.0,-76.22,-66.67,3
2016-08-14_13:29:30.00,576.0,-78.48,-68.78,3
2016-08-14_13:29:30.00,578.0,-79.22,-69.92,3
2016-08-14_13:29:40.00,570.0,-81.8,-70.66,3
2016-08-14_13:29:40.00,572.0,-80.12,-65.06,3
2016-08-14_13:29:40.00,574.0,-76.01,-70.86,3
2016-08-14_13:29:40.00,576.0,-76.92,-66.31,3
2016-08-14_13:29:40.00,578.0,-76.45,-68.95,3
2016-08-14_13:29:40.00,580.0,-78.87,-72.31,3
2016-08-14_13:29:40.00,582.0,-76.25,-68.44,3
2016-08-14_13:29:40.00,584.0,-75.11,-68.81,3
2016-08-14_13:29:40.00,586.0,-74.69,-71.06,3
2016-08-14_13:29:40.00,588.0,-77.05,-71.38,3
2016-08-14_13:29:40.00,590.0,-80.7,-66.14,3
2016-08-14_13:29:40.00,592.0,-75.4,-69.55,3
2016-08-14_13:29:40.00,594.0,-74.02,-68.41,3
2016-08-14_13:29:40.00,596.0,-78.24,-74.22,3
2016-08-14_13:29:40.00,598.0,-78.58,-72.33,3
2016-08-14_13:29:40.00,600.0,-73.09,-71.71,2
2016-08-14_13:29:40.00,602.0,-75.92,-76.3,2
2016-08-14_13:29:40.00,604.0,-81.69,-74.31,3
2016-08-14_13:29:40.00,606.0,-78.66,-69.81,3
2016-08-14_13:29:50.00,602.0,-79.22,-72.01,3
2016-08-14_13:29:50.00,604.0,-78.49,-72.12,3
2016-08-14_13:29:50.00,606.0,-79.49,-72.21,3
2016-08-14_13:29:50.00,608.0,-75.92,-67.84,3
2016-08-14_13:29:50.00,610.0,-79.4,-71.22,3
2016-08-14_13:29:50.00,612.0,-80.95,-70.61,3
2016-08-14_13:29:50.00,614.0,-78.54,-73.24,3
2016-08-14_13:29:50.00,616.0,-81.06,-72.33,3
2016-08-14_13:29:50.00,618.0,-75.29,-72.2,3
2016-08-14_13:29:50.00,620.0,-79.04,-71.5,3
2016-08-14_13:29:50.00,622.0,-77.93,-76.18,2
2016-08-14_13:29:50.00,624.0,-78.41,-71.76,3
2016-08-14_13:29:50.00,626.0,-78.81,-74.59,3
2016-08-14_13:29:50.00,628.0,-77.5,-76.6,2
2016-08-14_13:29:50.00,630.0,-76.88,-71.71,3
2016-08-14_13:29:50.00,632.0,-78.28,-74.86,3
2016-08-14_13:29:50.00,634.0,-86.35,-73.03,3
2016-08-14_13:29:50.00,636.0,-81.41,-72.46,3
2016-08-14_13:29:50.00,638.0,-81.59,-69.5,3
2016-08-14_13:29:50.00,640.0,-86.15,-69.78,3
2016-08-14_13:30:00.00,638.0,-80.94,-72.63,3
2016-08-14_13:30:00.00,640.0,-75.37,-72.22,3
2016-08-14_13:30:00.00,642.0,-83.6,-76.43,3
2016-08-14_13:30:00.00,644.0,-78.85,-70.89,3
2016-08-14_13:30:00.00,646.0,-74.05,-75.72,2
2016-08-14_13:30:00.00,648.0,-83.74,-74.3,3
2016-08-14_13:30:00.00,650.0,-77.1,-76.13,2
2016-08-14_13:30:00.00,652.0,-77.41,-77.52,2
2016-08-14_13:30:00.00,654.0,-76.47,-81.01,1
2016-08-14_13:30:00.00,656.0,-77.83,-74.42,3
2016-08-14_13:30:00.00,658.0,-79.32,-74.15,3
2016-08-14_13:30:00.00,660.0,-81.63,-75.56,3
2016-08-14_13:30:00.00,662.0,-86.92,-72.36,3
2016-08-14_13:30:00.00,664.0,-81.46,-75.66,3
2016-08-14_13:30:00.00,666.0,-76.76,-72.9,3
2016-08-14_13:30:00.00,668.0,-79.11,-78.9,2
2016-08-14_13:30:00.00,670.0,-79.6,-79.46,2
2016-08-14_13:30:00.00,672.0,-80.38,-75.56,3
2016-08-14_13:30:00.00,674.0,-75.04,-78.61,1
2016-08-14_13:30:00.00,676.0,-77.27,-78.53,2
2016-08-14_13:30:00.00,678.0,-77.67,-80.34,2
2016-08-14_13:30:00.00,680.0,-77.02,-77.84,2
2016-08-14_13:30:10.00,666.0,-77.9,-72.74,3
2016-08-14_13:30:10.00,668.0,-79.25,-76.22,3
2016-08-14_13:30:10.00,670.0,-78.69,-74.7,3
2016-08-14_13:30:10.00,672.0,-77.58,-77.92,2
2016-08-14_13:30:10.00,674.0,-78.56,-78.78,2
2016-08-14_13:30:10.00,676.0,-77.12,-77.27,2
2016-08-14_13:30:10.00,678.0,-74.84,-78.31,1
2016-08-14_13:30:10.00,680.0,-76.1,-78.84,2
2016-08-14_13:30:10.00,682.0,-80.94,-77.69,3
2016-08-14_13:30:10.00,684.0,-79.34,-77.81,2
2016-08-14_13:30:10.00,686.0,-78.58,-74.72,3
2016-08-14_13:30:10.00,688.0,-77.18,-75.69,2
2016-08-14_13:30:10.00,690.0,-77.29,-74.49,2
2016-08-14_13:30:10.00,692.0,-75.5,-74.28,2
2016-08-14_13:30:10.00,694.0,-77.47,-75.79,2
2016-08-14_13:30:10.00,696.0,-78.92,-75.03,3
2016-08-14_13:30:10.00,698.0,-79.65,-75.43,3
2016-08-14_13:30:10.00,700.0,-77.15,-75.99,2
2016-08-14_13:30:10.00,702.0,-76.8,-75.4,2
2016-08-14_13:30:10.00,704.0,-77.19,-76.76,2
2016-08-14_13:30:10.00,706.0,-78.14,-74.46,3
2016-08-14_13:30:10.00,708.0,-75.49,-73.73,2
2016-08-14_13:30:20.00,694.0,-77.29,-78.91,2
2016-08-14_13:30:20.00,696.0,-77.47,-77.94,2
2016-08-14_13:30:20.00,698.0,-83.14,-77.72,3
2016-08-14_13:30:20.00,700.0,-75.6,-75.08,2
2016-08-14_13:30:20.00,702.0,-78.29,-75.89,2
2016-08-14_13:30:20.00,704.0,-74.39,-72.54,2
2016-08-14_13:30:20.00,706.0,-77.62,-73.48,3
2016-08-14_13:30:20.00,708.0,-74.4,-73.52,2
2016-08-14_13:30:20.00,710.0,-77.28,-74.31,2
2016-08-14_13:30:20.00,712.0,-77.47,-72.17,3
2016-08-14_13:30:20.00,714.0,-77.19,-69.79,3
2016-08-14_13:30:20.00,716.0,-71.43,-73.04,2
2016-08-14_13:30:20.00,718.0,-69.12,-72.05,2
2016-08-14_13:30:20.00,720.0,-76.52,-74.72,2
2016-08-14_13:30:20.00,722.0,-81.34,-74.42,3
2016-08-14_13:30:20.00,724.0,-76.38,-75.18,2
2016-08-14_13:30:20.00,726.0,-77.41,-78.55,2
2016-08-14_13:30:20.00,728.0,-83.23,-84.88,2
2016-08-14_13:30:20.00,730.0,-79.28,-82.74,1
2016-08-14_13:30:20.00,732.0,-73.28,-80.57,1
2016-08-14_13:30:20.00,734.0,-79.83,-82.36,2
2016-08-14_13:30:20.00,736.0,-74.22,-78.58,1
2016-08-14_13:30:30.00,720.0,-79.09,-79.27,2
2016-08-14_13:30:30.00,722.0,-75.79,-75.8,2
2016-08-14_13:30:30.00,724.0,-81.27,-73.74,3
2016-08-14_13:30:30.00,726.0,-80.88,-78.28,2
2016-08-14_13:30:30.00,728.0,-75.61,-77.22,2
2016-08-14_13:30:30.00,730.0,-76.46,-77.32,2
2016-08-14_13:30:30.00,732.0,-75.45,-78.63,1
2016-08-14_13:30:30.00,734.0,-79.31,-83.46,1
2016-08-14_13:30:30.00,736.0,-79.79,-76.17,3
2016-08-14_13:30:30.00,738.0,-76.32,-81.78,1
2016-08-14_13:30:30.00,740.0,-74.24,-78.93,1
2016-08-14_13:30:30.00,742.0,-77.47,-77.88,2
2016-08-14_13:30:30.00,744.0,-77.82,-81.82,1
2016-08-14_13:30:30.00,746.0,-76.82,-83.41,1
2016-08-14_13:30:30.00,748.0,-71.0,-84.4,1
2016-08-14_13:30:30.00,750.0,-78.36,-82.13,1
2016-08-14_13:30:30.00,752.0,-81.57,-79.34,2
2016-08-14_13:30:30.00,754.0,-77.63,-80.52,2
2016-08-14_13:30:30.00,756.0,-77.61,-82.95,1
2016-08-14_13:30:30.00,758.0,-81.52,-83.83,2
2016-08-14_13:30:30.00,760.0,-80.24,-84.02,1
2016-08-14_13:30:40.00,744.0,-75.16,-83.69,1
2016-08-14_13:30:40.00,746.0,-77.13,-78.78,2
2016-08-14_13:30:40.00,748.0,-79.07,-77.73,2
2016-08-14_13:30:40.00,750.0,-76.93,-84.3,1
2016-08-14_13:30:40.00,752.0,-76.24,-79.55,1
2016-08-14_13:30:40.00,754.0,-78.79,-80.76,2
2016-08-14_13:30:40.00,756.0,-76.35,-77.94,2
2016-08-14_13:30:40.00,758.0,-75.43,-82.59,1
2016-08-14_13:30:40.00,760.0,-76.94,-84.7,1
2016-08-14_13:30:40.00,762.0,-77.5,-81.45,1
2016-08-14_13:30:40.00,764.0,-80.47,-83.68,1
2016-08-14_13:30:40.00,766.0,-80.48,-82.17,2
2016-08-14_13:30:40.00,768.0,-86.93,-85.79,2
2016-08-14_13:30:40.00,770.0,-80.73,-84.35,1
2016-08-14_13:30:40.00,772.0,-74.63,-81.01,1
2016-08-14_13:30:40.00,774.0,-79.01,-78.68,2
2016-08-14_13:30:40.00,776.0,-81.28,-77.06,3
2016-08-14_13:30:40.00,778.0,-77.38,-79.48,2
2016-08-14_13:30:40.00,780.0,-81.18,-79.08,2
2016-08-14_13:30:40.00,782.0,-79.83,-84.12,1
2016-08-14_13:30:40.00,784.0,-84.48,-79.7,3
2016-08-14_13:30:50.00,776.0,-81.66,-81.8,2
2016-08-14_13:30:50.00,778.0,-77.37,-81.78,1
2016-08-14_13:30:50.00,780.0,-81.98,-79.41,2
2016-08-14_13:30:50.00,782.0,-85.39,-82.64,2
2016-08-14_13:30:50.00,784.0,-77.03,-81.91,1
2016-08-14_13:30:50.00,786.0,-83.31,-80.68,2
2016-08-14_13:30:50.00,788.0,-80.76,-81.4,2
2016-08-14_13:30:50.00,790.0,-79.85,-81.64,2
2016-08-14_13:30:50.00,792.0,-81.09,-83.24,2
2016-08-14_13:30:50.00,794.0,-81.81,-84.55,2
2016-08-14_13:30:50.00,796.0,-82.19,-82.66,2
2016-08-14_13:30:50.00,798.0,-80.63,-82.53,2
2016-08-14_13:30:50.00,800.0,-79.08,-82.23,1
2016-08-14_13:30:50.00,802.0,-78.67,-83.73,1
2016-08-14_13:30:50.00,804.0,-75.88,-83.68,1
2016-08-14_13:30:50.00,806.0,-81.66,-83.0,2
2016-08-14_13:30:50.00,808.0,-80.41,-80.92,2
2016-08-14_13:30:50.00,810.0,-83.81,-83.56,2
2016-08-14_13:30:50.00,812.0,-78.96,-80.96,2
2016-08-14_13:30:50.00,814.0,-83.84,-82.31,2
2016-08-14_13:31:00.00,846.0,-81.56,-83.25,2
2016-08-14_13:31:00.00,848.0,-88.13,-81.14,3
2016-08-14_13:31:00.00,850.0,-85.97,-86.65,2
2016-08-14_13:31:00.00,852.0,-84.79,-83.27,2
2016-08-14_13:31:00.00,854.0,-79.93,-86.71,1
2016-08-14_13:31:00.00,856.0,-81.89,-87.08,1
2016-08-14_13:31:00.00,858.0,-84.38,-87.05,2
2016-08-14_13:31:00.00,860.0,-79.75,-82.34,2
2016-08-14_13:31:00.00,862.0,-82.45,-80.43,2
2016-08-14_13:31:00.00,864.0,-76.4,-82.5,1
2016-08-14_13:31:00.00,866.0,-86.74,-80.82,3
2016-08-14_13:31:00.00,868.0,-81.31,-79.05,2
2016-08-14_13:31:00.00,870.0,-77.66,-81.05,1
2016-08-14_13:31:00.00,872.0,-79.63,-89.53,1
2016-08-14_13:31:00.00,874.0,-85.57,-81.99,3
2016-08-14_13:31:00.00,876.0,-78.56,-83.95,1
2016-08-14_13:31:00.00,878.0,-80.51,-82.07,2
2016-08-14_13:31:00.00,880.0,-87.62,-85.15,2
2016-08-14_13:31:10.00,854.0,-83.3,-84.65,2
2016-08-14_13:31:10.00,856.0,-84.0,-82.51,2
2016-08-14_13:31:10.00,858.0,-80.88,-80.32,2
2016-08-14_13:31:10.00,860.0,-80.61,-85.54,1
2016-08-14_13:31:10.00,862.0,-80.56,-81.85,2
2016-08-14_13:31:10.00,864.0,-79.58,-82.95,1
2016-08-14_13:31:10.00,866.0,-81.94,-84.29,2
2016-08-14_13:31:10.00,868.0,-83.03,-83.81,2
2016-08-14_13:31:10.00,870.0,-78.1,-84.22,1
2016-08-14_13:31:10.00,872.0,-81.81,-80.94,2
2016-08-14_13:31:10.00,874.0,-82.23,-79.34,2
2016-08-14_13:31:10.00,876.0,-81.24,-84.53,1
2016-08-14_13:31:10.00,878.0,-78.62,-83.43,1
2016-08-14_13:31:10.00,880.0,-83.3,-82.26,2
2016-08-14_13:31:10.00,882.0,-80.12,-81.17,2
2016-08-14_13:31:10.00,884.0,-82.13,-83.42,2
2016-08-14_13:31:10.00,886.0,-84.47,-87.44,2
2016-08-14_13:31:10.00,888.0,-85.17,-85.3,2
2016-08-14_13:31:20.00,890.0,-82.06,-85.09,1
2016-08-14_13:31:20.00,892.0,-78.28,-82.1,1
2016-08-14_13:31:20.00,894.0,-77.42,-83.45,1
2016-08-14_13:31:20.00,896.0,-82.3,-85.89,1
2016-08-14_13:31:20.00,898.0,-75.39,-87.62,1
2016-08-14_13:31:20.00,900.0,-80.73,-88.85,1
2016-08-14_13:31:20.00,902.0,-82.46,-83.2,2
2016-08-14_13:31:20.00,904.0,-83.66,-85.37,2
2016-08-14_13:31:20.00,906.0,-84.82,-83.01,2
2016-08-14_13:31:20.00,908.0,-86.06,-87.89,2
2016-08-14_13:31:20.00,910.0,-85.37,-86.34,2
2016-08-14_13:31:20.00,912.0,-84.75,-86.55,2
2016-08-14_13:31:20.00,914.0,-84.46,-81.26,3
2016-08-14_13:31:20.00,916.0,-81.75,-85.34,1
2016-08-14_13:31:20.00,918.0,-87.45,-84.61,2
2016-08-14_13:31:20.00,920.0,-83.04,-86.21,1
2016-08-14_13:31:20.00,922.0,-86.22,-83.09,3
2016-08-14_13:31:30.00,924.0,-79.88,-84.25,1
2016-08-14_13:31:30.00,926.0,-81.23,-83.26,2
2016-08-14_13:31:30.00,928.0,-83.79,-86.6,2
2016-08-14_13:31:30.00,930.0,-81.59,-86.58,1
2016-08-14_13:31:30.00,932.0,-82.42,-86.75,1
2016-08-14_13:31:30.00,934.0,-86.38,-84.23,2
2016-08-14_13:31:30.00,936.0,-82.93,-84.21,2
2016-08-14_13:31:30.00,938.0,-82.81,-85.77,2
2016-08-14_13:31:30.00,940.0,-82.43,-82.89,2
2016-08-14_13:31:30.00,942.0,-83.63,-85.0,2
2016-08-14_13:31:30.00,944.0,-85.74,-83.61,2
2016-08-14_13:31:30.00,946.0,-84.1,-82.5,2
2016-08-14_13:31:30.00,948.0,-84.43,-82.97,2
2016-08-14_13:31:30.00,950.0,-86.11,-85.19,2
2016-08-14_13:31:30.00,952.0,-86.92,-85.44,2
2016-08-14_13:31:30.00,954.0,-83.47,-85.61,2
2016-08-14_13:31:30.00,956.0,-80.22,-82.6,2
2016-08-14_13:31:30.00,958.0,-83.17,-83.34,2
2016-08-14_13:31:40.00,968.0,-82.77,-85.94,1
2016-08-14_13:31:40.00,970.0,-84.74,-79.39,3
2016-08-14_13:31:40.00,972.0,-86.98,-86.03,2
2016-08-14_13:31:40.00,974.0,-85.0,-85.72,2
2016-08-14_13:31:40.00,976.0,-86.18,-84.6,2
2016-08-14_13:31:40.00,978.0,-86.56,-83.12,3
2016-08-14_13:31:40.00,980.0,-87.35,-83.46,3
2016-08-14_13:31:40.00,982.0,-84.27,-84.77,2
2016-08-14_13:31:40.00,984.0,-81.43,-82.78,2
2016-08-14_13:31:40.00,986.0,-83.13,-82.8,2
2016-08-14_13:31:40.00,988.0,-78.08,-76.4,2
2016-08-14_13:31:40.00,990.0,-85.57,-85.34,2
2016-08-14_13:31:40.00,992.0,-80.69,-83.89,1
2016-08-14_13:31:40.00,994.0,-83.07,-84.06,2
2016-08-14_13:31:40.00,996.0,-85.27,-80.73,3
2016-08-14_13:31:40.00,998.0,-88.75,-83.1,3
2016-08-14_13:31:40.00,1000.0,-86.92,-86.23,2
2016-08-14_13:31:40.00,1002.0,-84.07,-79.28,3
2016-08-14_13:31:50.00,980.0,-85.55,-82.19,3
2016-08-14_13:31:50.00,982.0,-86.26,-86.56,2
2016-08-14_13:31:50.00,984.0,-83.17,-85.7,2
2016-08-14_13:31:50.00,986.0,-85.41,-81.99,3
2016-08-14_13:31:50.00,988.0,-84.11,-80.54,3
2016-08-14_13:31:50.00,990.0,-82.45,-86.15,1
2016-08-14_13:31:50.00,992.0,-86.63,-80.51,3
2016-08-14_13:31:50.00,994.0,-84.97,-80.02,3
2016-08-14_13:31:50.00,996.0,-82.75,-83.15,2
2016-08-14_13:31:50.00,998.0,-81.15,-86.94,1
2016-08-14_13:31:50.00,1000.0,-79.98,-87.34,1
2016-08-14_13:31:50.00,1002.0,-83.94,-84.0,2
2016-08-14_13:31:50.00,1004.0,-88.72,-80.83,3
2016-08-14_13:31:50.00,1006.0,-85.29,-85.5,2
2016-08-14_13:31:50.00,1008.0,-85.25,-80.79,3
2016-08-14_13:31:50.00,1010.0,-86.32,-83.48,2
2016-08-14_13:31:50.00,1012.0,-88.2,-85.48,2
2016-08-14_13:31:50.00,1014.0,-89.06,-85.84,3
2016-08-14_13:32:00.00,1002.0,-90.0,-88.05,2
2016-08-14_13:32:00.00,1004.0,-84.67,-87.76,1
2016-08-14_13:32:00.00,1006.0,-87.82,-84.29,3
2016-08-14_13:32:00.00,1008.0,-85.68,-84.26,2
2016-08-14_13:32:00.00,1010.0,-82.82,-85.42,2
2016-08-14_13:32:00.00,1012.0,-86.76,-82.95,3
2016-08-14_13:32:00.00,1014.0,-85.68,-83.53,2
2016-08-14_13:32:00.00,1016.0,-84.8,-85.12,2
2016-08-14_13:32:00.00,1018.0,-86.23,-85.17,2
2016-08-14_13:32:00.00,1020.0,-85.97,-85.38,2
2016-08-14_13:32:00.00,1022.0,-85.78,-86.16,2
2016-08-14_13:32:00.00,1024.0,-85.29,-83.98,2
2016-08-14_13:32:00.00,1026.0,-88.22,-83.17,3
2016-08-14_13:32:00.00,1028.0,-88.55,-85.1,3
2016-08-14_13:32:00.00,1030.0,-89.49,-81.78,3
2016-08-14_13:32:00.00,1032.0,-78.34,-83.92,1
2016-08-14_13:32:00.00,1034.0,-86.41,-82.47,3
2016-08-14_13:32:00.00,1036.0,-79.92,-89.81,1
2016-08-14_13:32:10.00,1026.0,-87.55,-83.29,3
2016-08-14_13:32:10.00,1028.0,-82.04,-84.58,2
2016-08-14_13:32:10.00,1030.0,-85.76,-82.12,3
2016-08-14_13:32:10.00,1032.0,-82.98,-83.49,2
2016-08-14_13:32:10.00,1034.0,-85.11,-84.9,2
2016-08-14_13:32:10.00,1036.0,-84.63,-85.48,2
2016-08-14_13:32:10.00,1038.0,-86.44,-87.01,2
2016-08-14_13:32:10.00,1040.0,-86.88,-83.59,3
2016-08-14_13:32:10.00,1042.0,-87.5,-87.66,2
2016-08-14_13:32:10.00,1044.0,-86.19,-84.35,2
2016-08-14_13:32:10.00,1046.0,-86.56,-81.92,3
2016-08-14_13:32:10.00,1048.0,-89.32,-84.95,3
2016-08-14_13:32:10.00,1050.0,-88.05,-81.17,3
2016-08-14_13:32:10.00,1052.0,-87.54,-82.6,3
2016-08-14_13:32:10.00,1054.0,-85.77,-81.99,3
2016-08-14_13:32:10.00,1056.0,-84.81,-82.33,2
2016-08-14_13:32:10.00,1058.0,-84.91,-85.28,2
2016-08-14_13:32:10.00,1060.0,-84.57,-83.26,2
2016-08-14_13:32:20.00,1038.0,-85.77,-84.58,2
2016-08-14_13:32:20.00,1040.0,-87.33,-82.0,3
2016-08-14_13:32:20.00,1042.0,-86.67,-85.19,2
2016-08-14_13:32:20.00,1044.0,-83.93,-84.81,2
2016-08-14_13:32:20.00,1046.0,-84.85,-83.83,2
2016-08-14_13:32:20.00,1048.0,-85.53,-84.36,2
2016-08-14_13:32:20.00,1050.0,-87.15,-81.9,3
2016-08-14_13:32:20.00,1052.0,-89.49,-83.9,3
2016-08-14_13:32:20.00,1054.0,-84.2,-87.92,1
2016-08-14_13:32:20.00,1056.0,-86.27,-86.53,2
2016-08-14_13:32:20.00,1058.0,-83.85,-84.35,2
2016-08-14_13:32:20.00,1060.0,-85.24,-89.86,1
2016-08-14_13:32:20.00,1062.0,-89.92,-83.71,3
2016-08-14_13:32:20.00,1064.0,-85.92,-88.59,2
2016-08-14_13:32:20.00,1066.0,-89.64,-84.36,3
2016-08-14_13:32:20.00,1068.0,-85.11,-82.67,2
2016-08-14_13:32:20.00,1070.0,-86.65,-87.11,2
2016-08-14_13:32:20.00,1072.0,-85.89,-85.6,2
2016-08-14_13:32:30.00,1062.0,-90.06,-86.32,3
2016-08-14_13:32:30.00,1064.0,-84.66,-83.53,2
2016-08-14_13:32:30.00,1066.0,-85.72,-80.77,3
2016-08-14_13:32:30.00,1068.0,-88.88,-83.54,3
2016-08-14_13:32:30.00,1070.0,-82.32,-82.5,2
2016-08-14_13:32:30.00,1072.0,-88.19,-83.2,3
2016-08-14_13:32:30.00,1074.0,-82.05,-84.7,2
2016-08-14_13:32:30.00,1076.0,-81.6,-82.69,2
2016-08-14_13:32:30.00,1078.0,-85.25,-85.37,2
2016-08-14_13:32:30.00,1080.0,-85.86,-85.9,2
2016-08-14_13:32:30.00,1082.0,-83.67,-83.69,2
2016-08-14_13:32:30.00,1084.0,-85.37,-84.99,2
2016-08-14_13:32:30.00,1086.0,-85.55,-80.35,3
2016-08-14_13:32:30.00,1088.0,-87.79,-83.93,3
2016-08-14_13:32:30.00,1090.0,-87.16,-87.35,2
2016-08-14_13:32:30.00,1092.0,-89.61,-84.78,3
2016-08-14_13:32:30.00,1094.0,-88.14,-88.79,2
2016-08-14_13:32:40.00,1078.0,-80.16,-82.42,2
2016-08-14_13:32:40.00,1080.0,-92.03,-83.96,3
2016-08-14_13:32:40.00,1082.0,-92.18,-85.08,3
2016-08-14_13:32:40.00,1084.0,-87.79,-81.99,3
2016-08-14_13:32:40.00,1086.0,-82.81,-84.27,2
2016-08-14_13:32:40.00,1088.0,-87.44,-87.2,2
2016-08-14_13:32:40.00,1090.0,-87.03,-88.5,2
2016-08-14_13:32:40.00,1092.0,-92.57,-86.41,3
2016-08-14_13:32:40.00,1094.0,-89.39,-84.38,3
2016-08-14_13:32:40.00,1096.0,-88.89,-86.67,2
2016-08-14_13:32:40.00,1098.0,-81.97,-81.76,2
2016-08-14_13:32:40.00,1100.0,-84.97,-82.74,2
2016-08-14_13:32:40.00,1102.0,-80.51,-84.14,1
2016-08-14_13:32:40.00,1104.0,-81.85,-82.8,2
2016-08-14_13:32:40.00,1106.0,-83.23,-83.57,2
2016-08-14_13:32:40.00,1108.0,-83.98,-81.79,2
2016-08-14_13:32:40.00,1110.0,-89.72,-79.65,3
2016-08-14_13:32:50.00,1094.0,-85.94,-85.11,2
2016-08-14_13:32:50.00,1096.0,-88.62,-86.04,2
2016-08-14_13:32:50.00,1098.0,-88.99,-82.62,3
2016-08-14_13:32:50.00,1100.0,-84.82,-83.2,2
2016-08-14_13:32:50.00,1102.0,-86.37,-86.83,2
2016-08-14_13:32:50.00,1104.0,-83.23,-82.14,2
2016-08-14_13:32:50.00,1106.0,-84.6,-84.72,2
2016-08-14_13:32:50.00,1108.0,-84.76,-84.58,2
2016-08-14_13:32:50.00,1110.0,-85.2,-83.21,2
2016-08-14_13:32:50.00,1112.0,-85.05,-82.47,2
2016-08-14_13:32:50.00,1114.0,-83.68,-83.01,2
2016-08-14_13:32:50.00,1116.0,-87.43,-84.53,2
2016-08-14_13:32:50.00,1118.0,-85.47,-84.55,2
2016-08-14_13:32:50.00,1120.0,-86.45,-83.06,3
2016-08-14_13:32:50.00,1122.0,-81.41,-82.94,2
2016-08-14_13:32:50.00,1124.0,-86.21,-81.71,3
2016-08-14_13:32:50.00,1126.0,-87.52,-82.22,3
2016-08-14_13:33:00.00,1110.0,-87.0,-85.08,2
2016-08-14_13:33:00.00,1112.0,-86.15,-83.68,2
2016-08-14_13:33:00.00,1114.0,-83.44,-84.56,2
2016-08-14_13:33:00.00,1116.0,-86.04,-80.84,3
2016-08-14_13:33:00.00,1118.0,-84.18,-78.75,3
2016-08-14_13:33:00.00,1120.0,-81.98,-85.32,1
2016-08-14_13:33:00.00,1122.0,-85.38,-80.61,3
2016-08-14_13:33:00.00,1124.0,-87.1,-83.29,3
2016-08-14_13:33:00.00,1126.0,-85.17,-86.48,2
2016-08-14_13:33:00.00,1128.0,-86.44,-82.86,3
2016-08-14_13:33:00.00,1130.0,-90.55,-82.37,3
2016-08-14_13:33:00.00,1132.0,-85.6,-83.3,2
2016-08-14_13:33:00.00,1134.0,-86.41,-74.48,3
2016-08-14_13:33:00.00,1136.0,-90.79,-79.97,3
2016-08-14_13:33:00.00,1138.0,-82.67,-86.89,1
2016-08-14_13:33:00.00,1140.0,-82.39,-83.1,2
2016-08-14_13:33:10.00,1138.0,-84.7,-82.36,2
2016-08-14_13:33:10.00,1140.0,-89.65,-82.94,3
2016-08-14_13:33:10.00,1142.0,-87.4,-83.88,3
2016-08-14_13:33:10.00,1144.0,-89.07,-80.84,3
2016-08-14_13:33:10.00,1146.0,-89.59,-80.67,3
2016-08-14_13:33:10.00,1148.0,-86.71,-81.83,3
2016-08-14_13:33:10.00,1150.0,-82.02,-83.41,2
2016-08-14_13:33:10.00,1152.0,-84.48,-80.87,3
2016-08-14_13:33:10.00,1154.0,-89.06,-88.23,2
2016-08-14_13:33:10.00,1156.0,-82.89,-83.47,2
2016-08-14_13:33:10.00,1158.0,-83.45,-81.91,2
2016-08-14_13:33:10.00,1160.0,-86.85,-80.81,3
2016-08-14_13:33:10.00,1162.0,-89.15,-81.91,3
2016-08-14_13:33:10.00,1164.0,-89.63,-84.89,3
2016-08-14_13:33:10.00,1166.0,-84.95,-83.34,2
2016-08-14_13:33:10.00,1168.0,-87.27,-78.67,3
2016-08-14_13:33:20.00,1148.0,-84.6,-86.37,2
2016-08-14_13:33:20.00,1150.0,-87.28,-82.21,3
2016-08-14_13:33:20.00,1152.0,-86.67,-84.79,2
2016-08-14_13:33:20.00,1154.0,-89.41,-83.36,3
2016-08-14_13:33:20.00,1156.0,-88.69,-82.84,3
2016-08-14_13:33:20.00,1158.0,-87.41,-81.67,3
2016-08-14_13:33:20.00,1160.0,-86.02,-78.8,3
2016-08-14_13:33:20.00,1162.0,-82.77,-84.76,2
2016-08-14_13:33:20.00,1164.0,-86.72,-80.28,3
2016-08-14_13:33:20.00,1166.0,-86.84,-83.57,3
2016-08-14_13:33:20.00,1168.0,-88.07,-83.41,3
2016-08-14_13:33:20.00,1170.0,-83.19,-80.92,2
2016-08-14_13:33:20.00,1172.0,-84.39,-83.26,2
2016-08-14_13:33:20.00,1174.0,-81.94,-84.22,2
2016-08-14_13:33:20.00,1176.0,-83.31,-80.56,2
2016-08-14_13:33:20.00,1178.0,-79.02,-85.04,1
2016-08-14_13:33:30.00,1162.0,-84.57,-81.58,2
2016-08-14_13:33:30.00,1164.0,-83.9,-81.93,2
2016-08-14_13:33:30.00,1166.0,-81.0,-81.51,2
2016-08-14_13:33:30.00,1168.0,-83.51,-81.39,2
2016-08-14_13:33:30.00,1170.0,-81.87,-83.5,2
2016-08-14_13:33:30.00,1172.0,-83.64,-82.49,2
2016-08-14_13:33:30.00,1174.0,-83.68,-82.3,2
2016-08-14_13:33:30.00,1176.0,-82.78,-83.19,2
2016-08-14_13:33:30.00,1178.0,-84.36,-78.59,3
2016-08-14_13:33:30.00,1180.0,-82.45,-79.01,3
2016-08-14_13:33:30.00,1182.0,-78.77,-81.26,2
2016-08-14_13:33:30.00,1184.0,-84.56,-79.99,3
2016-08-14_13:33:30.00,1186.0,-84.48,-80.49,3
2016-08-14_13:33:30.00,1188.0,-83.51,-79.52,3
2016-08-14_13:33:30.00,1190.0,-81.39,-79.6,2
2016-08-14_13:33:30.00,1192.0,-85.75,-81.89,3
2016-08-14_13:33:40.00,1174.0,-86.11,-84.67,2
2016-08-14_13:33:40.00,1176.0,-85.61,-80.2,3
2016-08-14_13:33:40.00,1178.0,-85.03,-80.73,3
2016-08-14_13:33:40.00,1180.0,-84.65,-80.53,3
2016-08-14_13:33:40.00,1182.0,-82.27,-81.46,2
2016-08-14_13:33:40.00,1184.0,-81.53,-80.91,2
2016-08-14_13:33:40.00,1186.0,-81.25,-86.19,1
2016-08-14_13:33:40.00,1188.0,-82.8,-80.45,2
2016-08-14_13:33:40.00,1190.0,-82.77,-81.77,2
2016-08-14_13:33:40.00,1192.0,-83.51,-82.66,2
2016-08-14_13:33:40.00,1194.0,-82.17,-77.12,3
2016-08-14_13:33:40.00,1196.0,-86.25,-76.47,3
2016-08-14_13:33:40.00,1198.0,-85.14,-82.48,2
2016-08-14_13:33:40.00,1200.0,-83.55,-82.6,2
2016-08-14_13:33:40.00,1202.0,-84.27,-84.44,2
2016-08-14_13:33:40.00,1204.0,-84.81,-82.53,2
2016-08-14_13:33:50.00,1182.0,-81.77,-81.88,2
2016-08-14_13:33:50.00,1184.0,-83.2,-78.3,3
2016-08-14_13:33:50.00,1186.0,-83.18,-77.87,3
2016-08-14_13:33:50.00,1188.0,-83.7,-79.68,3
2016-08-14_13:33:50.00,1190.0,-80.26,-80.61,2
2016-08-14_13:33:50.00,1192.0,-82.6,-78.42,3
2016-08-14_13:33:50.00,1194.0,-87.92,-78.77,3
2016-08-14_13:33:50.00,1196.0,-81.98,-80.91,2
2016-08-14_13:33:50.00,1198.0,-81.36,-80.61,2
2016-08-14_13:33:50.00,1200.0,-84.16,-82.3,2
2016-08-14_13:33:50.00,1202.0,-87.99,-81.39,3
2016-08-14_13:33:50.00,1204.0,-88.05,-84.03,3
2016-08-14_13:33:50.00,1206.0,-86.04,-83.95,2
2016-08-14_13:33:50.00,1208.0,-87.62,-85.91,2
2016-08-14_13:33:50.00,1210.0,-90.63,-81.01,3
2016-08-14_13:33:50.00,1212.0,-90.06,-83.43,3
2016-08-14_13:33:50.00,1214.0,-87.6,-85.44,2
2016-08-14_13:34:00.00,1188.0,-86.71,-77.71,3
2016-08-14_13:34:00.00,1190.0,-83.04,-76.59,3
2016-08-14_13:34:00.00,1192.0,-84.66,-80.46,3
2016-08-14_13:34:00.00,1194.0,-81.64,-78.91,2
2016-08-14_13:34:00.00,1196.0,-87.36,-84.61,2
2016-08-14_13:34:00.00,1198.0,-81.4,-80.37,2
2016-08-14_13:34:00.00,1200.0,-81.88,-79.79,2
2016-08-14_13:34:00.00,1202.0,-86.66,-83.05,3
2016-08-14_13:34:00.00,1204.0,-87.56,-78.77,3
2016-08-14_13:34:00.00,1206.0,-87.9,-75.6,3
2016-08-14_13:34:00.00,1208.0,-87.04,-80.84,3
2016-08-14_13:34:00.00,1210.0,-88.83,-80.99,3
2016-08-14_13:34:00.00,1212.0,-87.96,-83.59,3
2016-08-14_13:34:00.00,1214.0,-92.2,-81.25,3
2016-08-14_13:34:00.00,1216.0,-90.88,-81.48,3
2016-08-14_13:34:00.00,1218.0,-86.54,-82.13,3
2016-08-14_13:34:00.00,1220.0,-85.08,-81.79,3
2016-08-14_13:34:00.00,1222.0,-90.35,-80.87,3
2016-08-14_13:34:10.00,1188.0,-80.92,-84.95,1
2016-08-14_13:34:10.00,1190.0,-81.34,-82.09,2
2016-08-14_13:34:10.00,1192.0,-85.16,-79.87,3
2016-08-14_13:34:10.00,1194.0,-81.14,-79.53,2
2016-08-14_13:34:10.00,1196.0,-85.13,-78.79,3
2016-08-14_13:34:10.00,1198.0,-84.01,-81.13,2
2016-08-14_13:34:10.00,1200.0,-83.33,-82.02,2
2016-08-14_13:34:10.00,1202.0,-87.24,-80.15,3
2016-08-14_13:34:10.00,1204.0,-87.63,-80.61,3
2016-08-14_13:34:10.00,1206.0,-85.53,-81.1,3
2016-08-14_13:34:10.00,1208.0,-86.0,-80.6,3
2016-08-14_13:34:10.00,1210.0,-89.13,-79.59,3
2016-08-14_13:34:10.00,1212.0,-91.26,-80.11,3
2016-08-14_13:34:10.00,1214.0,-88.88,-82.63,3
2016-08-14_13:34:10.00,1216.0,-87.03,-84.38,2
2016-08-14_13:34:10.00,1218.0,-88.42,-81.38,3
2016-08-14_13:34:10.00,1220.0,-90.13,-83.45,3
2016-08-14_13:34:10.00,1222.0,-89.33,-82.06,3
2016-08-14_13:34:20.00,1190.0,-82.14,-80.28,2
2016-08-14_13:34:20.00,1192.0,-81.61,-79.79,2
2016-08-14_13:34:20.00,1194.0,-81.29,-81.54,2
2016-08-14_13:34:20.00,1196.0,-86.33,-79.75,3
2016-08-14_13:34:20.00,1198.0,-78.87,-81.63,2
2016-08-14_13:34:20.00,1200.0,-86.48,-78.88,3
2016-08-14_13:34:20.00,1202.0,-84.7,-79.73,3
2016-08-14_13:34:20.00,1204.0,-89.85,-81.79,3
2016-08-14_13:34:20.00,1206.0,-89.52,-77.8,3
2016-08-14_13:34:20.00,1208.0,-87.49,-79.25,3
2016-08-14_13:34:20.00,1210.0,-84.0,-78.87,3
2016-08-14_13:34:20.00,1212.0,-86.35,-79.95,3
2016-08-14_13:34:20.00,1214.0,-87.4,-82.37,3
2016-08-14_13:34:20.00,1216.0,-85.11,-83.61,2
2016-08-14_13:34:20.00,1218.0,-87.05,-85.41,2
2016-08-14_13:34:20.00,1220.0,-91.07,-83.0,3
2016-08-14_13:34:20.00,1222.0,-86.73,-82.38,3
2016-08-14_13:34:20.00,1224.0,-85.89,-84.0,2
2016-08-14_13:34:30.00,1188.0,-83.54,-81.09,2
2016-08-14_13:34:30.00,1190.0,-84.17,-80.38,3
2016-08-14_13:34:30.00,1192.0,-80.75,-77.99,2
2016-08-14_13:34:30.00,1194.0,-82.8,-81.22,2
2016-08-14_13:34:30.00,1196.0,-86.56,-77.16,3
2016-08-14_13:34:30.00,1198.0,-86.91,-79.81,3
2016-08-14_13:34:30.00,1200.0,-86.56,-79.02,3
2016-08-14_13:34:30.00,1202.0,-82.42,-82.39,2
2016-08-14_13:34:30.00,1204.0,-82.55,-79.93,2
2016-08-14_13:34:30.00,1206.0,-86.68,-81.47,3
2016-08-14_13:34:30.00,1208.0,-89.05,-82.48,3
2016-08-14_13:34:30.00,1210.0,-88.17,-84.59,3
2016-08-14_13:34:30.00,1212.0,-91.18,-82.43,3
2016-08-14_13:34:30.00,1214.0,-91.26,-81.15,3
2016-08-14_13:34:30.00,1216.0,-87.42,-80.29,3
2016-08-14_13:34:30.00,1218.0,-84.5,-83.86,2
2016-08-14_13:34:30.00,1220.0,-89.22,-82.45,3
2016-08-14_13:34:30.00,1222.0,-91.13,-83.68,3
2016-08-14_13:34:40.00,1186.0,-82.0,-82.47,2
2016-08-14_13:34:40.00,1188.0,-80.58,-83.42,2
2016-08-14_13:34:40.00,1190.0,-85.46,-82.39,3
2016-08-14_13:34:40.00,1192.0,-84.93,-80.31,3
2016-08-14_13:34:40.00,1194.0,-85.05,-81.12,3
2016-08-14_13:34:40.00,1196.0,-84.3,-79.51,3
2016-08-14_13:34:40.00,1198.0,-85.12,-84.51,2
2016-08-14_13:34:40.00,1200.0,-90.44,-83.73,3
2016-08-14_13:34:40.00,1202.0,-88.32,-82.23,3
2016-08-14_13:34:40.00,1204.0,-84.4,-80.0,3
2016-08-14_13:34:40.00,1206.0,-89.13,-84.72,3
2016-08-14_13:34:40.00,1208.0,-90.69,-81.95,3
2016-08-14_13:34:40.00,1210.0,-90.97,-84.08,3
2016-08-14_13:34:40.00,1212.0,-89.39,-84.96,3
2016-08-14_13:34:40.00,1214.0,-93.55,-82.64,3
2016-08-14_13:34:40.00,1216.0,-88.69,-80.7,3
2016-08-14_13:34:40.00,1218.0,-89.43,-77.97,3
2016-08-14_13:34:40.00,1220.0,-92.42,-84.99,3
2016-08-14_13:34:50.00,1176.0,-83.03,-78.06,3
2016-08-14_13:34:50.00,1178.0,-83.62,-79.78,3
2016-08-14_13:34:50.00,1180.0,-85.03,-79.69,3
2016-08-14_13:34:50.00,1182.0,-81.26,-80.72,2
2016-08-14_13:34:50.00,1184.0,-79.96,-83.28,1
2016-08-14_13:34:50.00,1186.0,-81.09,-80.26,2
2016-08-14_13:34:50.00,1188.0,-84.51,-80.06,3
2016-08-14_13:34:50.00,1190.0,-85.21,-81.19,3
2016-08-14_13:34:50.00,1192.0,-85.55,-80.07,3
2016-08-14_13:34:50.00,1194.0,-85.79,-79.59,3
2016-08-14_13:34:50.00,1196.0,-85.44,-81.9,3
2016-08-14_13:34:50.00,1198.0,-82.74,-80.9,2
2016-08-14_13:34:50.00,1200.0,-82.59,-79.94,2
2016-08-14_13:34:50.00,1202.0,-81.38,-82.23,2
2016-08-14_13:34:50.00,1204.0,-84.38,-83.68,2
2016-08-14_13:34:50.00,1206.0,-85.75,-83.8,2
2016-08-14_13:34:50.00,1208.0,-86.79,-83.52,3
2016-08-14_13:34:50.00,1210.0,-89.38,-81.68,3
2016-08-14_13:35:00.00,1166.0,-81.01,-82.24,2
2016-08-14_13:35:00.00,1168.0,-87.46,-83.78,3
2016-08-14_13:35:00.00,1170.0,-86.16,-83.32,2
2016-08-14_13:35:00.00,1172.0,-86.77,-83.91,2
2016-08-14_13:35:00.00,1174.0,-84.36,-83.89,2
2016-08-14_13:35:00.00,1176.0,-85.75,-76.78,3
2016-08-14_13:35:00.00,1178.0,-83.63,-81.58,2
2016-08-14_13:35:00.00,1180.0,-81.18,-81.37,2
2016-08-14_13:35:00.00,1182.0,-83.24,-86.21,2
2016-08-14_13:35:00.00,1184.0,-86.5,-83.09,3
2016-08-14_13:35:00.00,1186.0,-81.56,-83.7,2
2016-08-14_13:35:00.00,1188.0,-86.42,-82.83,3
2016-08-14_13:35:00.00,1190.0,-83.04,-82.94,2
2016-08-14_13:35:00.00,1192.0,-87.52,-83.08,3
2016-08-14_13:35:00.00,1194.0,-87.33,-82.11,3
2016-08-14_13:35:00.00,1196.0,-86.67,-80.87,3
2016-08-14_13:35:00.00,1198.0,-90.95,-83.09,3
2016-08-14_13:35:10.00,1144.0,-84.35,-82.9,2
2016-08-14_13:35:10.00,1146.0,-87.74,-83.43,3
2016-08-14_13:35:10.00,1148.0,-85.06,-82.59,2
2016-08-14_13:35:10.00,1150.0,-80.77,-80.15,2
2016-08-14_13:35:10.00,1152.0,-86.12,-84.39,2
2016-08-14_13:35:10.00,1154.0,-90.83,-80.85,3
2016-08-14_13:35:10.00,1156.0,-81.7,-81.41,2
2016-08-14_13:35:10.00,1158.0,-84.56,-79.63,3
2016-08-14_13:35:10.00,1160.0,-88.67,-81.48,3
2016-08-14_13:35:10.00,1162.0,-86.26,-81.74,3
2016-08-14_13:35:10.00,1164.0,-84.27,-80.49,3
2016-08-14_13:35:10.00,1166.0,-88.56,-82.14,3
2016-08-14_13:35:10.00,1168.0,-85.78,-85.79,2
2016-08-14_13:35:10.00,1170.0,-86.4,-81.55,3
2016-08-14_13:35:10.00,1172.0,-82.18,-82.84,2
2016-08-14_13:35:10.00,1174.0,-83.17,-80.79,2
2016-08-14_13:35:10.00,1176.0,-84.07,-78.93,3
2016-08-14_13:35:20.00,1118.0,-87.93,-86.98,2
2016-08-14_13:35:20.00,1120.0,-89.9,-83.73,3
2016-08-14_13:35:20.00,1122.0,-86.07,-78.14,3
2016-08-14_13:35:20.00,1124.0,-80.83,-84.49,1
2016-08-14_13:35:20.00,1126.0,-82.79,-85.89,1
2016-08-14_13:35:20.00,1128.0,-85.29,-85.52,2
2016-08-14_13:35:20.00,1130.0,-84.35,-79.73,3
2016-08-14_13:35:20.00,1132.0,-80.79,-81.74,2
2016-08-14_13:35:20.00,1134.0,-85.2,-86.47,2
2016-08-14_13:35:20.00,1136.0,-81.24,-82.36,2
2016-08-14_13:35:20.00,1138.0,-83.51,-79.14,3
2016-08-14_13:35:20.00,1140.0,-79.74,-83.31,1
2016-08-14_13:35:20.00,1142.0,-84.91,-81.72,3
2016-08-14_13:35:20.00,1144.0,-82.56,-82.88,2
2016-08-14_13:35:20.00,1146.0,-87.68,-79.77,3
2016-08-14_13:35:20.00,1148.0,-85.76,-81.17,3
2016-08-14_13:35:20.00,1150.0,-84.51,-84.24,2
2016-08-14_13:35:30.00,1090.0,-88.18,-83.5,3
2016-08-14_13:35:30.00,1092.0,-85.46,-82.42,3
2016-08-14_13:35:30.00,1094.0,-91.76,-84.35,3
2016-08-14_13:35:30.00,1096.0,-88.59,-84.31,3
2016-08-14_13:35:30.00,1098.0,-89.58,-84.95,3
2016-08-14_13:35:30.00,1100.0,-89.58,-83.86,3
2016-08-14_13:35:30.00,1102.0,-84.15,-83.49,2
2016-08-14_13:35:30.00,1104.0,-88.21,-84.58,3
2016-08-14_13:35:30.00,1106.0,-90.95,-83.65,3
2016-08-14_13:35:30.00,1108.0,-85.35,-84.36,2
2016-08-14_13:35:30.00,1110.0,-88.35,-80.53,3
2016-08-14_13:35:30.00,1112.0,-86.46,-84.68,2
2016-08-14_13:35:30.00,1114.0,-85.96,-86.09,2
2016-08-14_13:35:30.00,1116.0,-87.62,-83.8,3
2016-08-14_13:35:30.00,1118.0,-88.69,-82.9,3
2016-08-14_13:35:30.00,1120.0,-86.71,-83.6,3
2016-08-14_13:35:30.00,1122.0,-83.1,-81.9,2
2016-08-14_13:35:40.00,1050.0,-85.14,-85.6,2
2016-08-14_13:35:40.00,1052.0,-82.46,-82.37,2
2016-08-14_13:35:40.00,1054.0,-81.66,-86.01,1
2016-08-14_13:35:40.00,1056.0,-86.92,-88.1,2
2016-08-14_13:35:40.00,1058.0,-87.78,-85.34,2
2016-08-14_13:35:40.00,1060.0,-87.56,-85.34,2
2016-08-14_13:35:40.00,1062.0,-90.3,-85.33,3
2016-08-14_13:35:40.00,1064.0,-87.05,-85.08,2
2016-08-14_13:35:40.00,1066.0,-84.33,-87.04,2
2016-08-14_13:35:40.00,1068.0,-86.67,-86.0,2
2016-08-14_13:35:40.00,1070.0,-87.97,-84.04,3
2016-08-14_13:35:40.00,1072.0,-87.91,-83.44,3
2016-08-14_13:35:40.00,1074.0,-85.58,-90.25,1
2016-08-14_13:35:40.00,1076.0,-83.76,-84.54,2
2016-08-14_13:35:40.00,1078.0,-90.01,-83.65,3
2016-08-14_13:35:40.00,1080.0,-88.4,-84.33,3
2016-08-14_13:35:40.00,1082.0,-90.15,-88.52,2
2016-08-14_13:35:40.00,1084.0,-84.76,-87.64,2
2016-08-14_13:35:50.00,1038.0,-86.14,-83.78,2
2016-08-14_13:35:50.00,1040.0,-81.82,-85.83,1
2016-08-14_13:35:50.00,1042.0,-85.98,-83.86,2
2016-08-14_13:35:50.00,1044.0,-89.88,-85.55,3
2016-08-14_13:35:50.00,1046.0,-88.75,-85.36,3
2016-08-14_13:35:50.00,1048.0,-90.51,-87.75,2
2016-08-14_13:35:50.00,1050.0,-83.34,-85.79,2
2016-08-14_13:35:50.00,1052.0,-84.64,-80.01,3
2016-08-14_13:35:50.00,1054.0,-85.31,-86.27,2
2016-08-14_13:35:50.00,1056.0,-84.51,-83.44,2
2016-08-14_13:35:50.00,1058.0,-93.9,-86.3,3
2016-08-14_13:35:50.00,1060.0,-89.99,-86.71,3
2016-08-14_13:35:50.00,1062.0,-91.09,-82.41,3
2016-08-14_13:35:50.00,1064.0,-89.25,-84.12,3
2016-08-14_13:35:50.00,1066.0,-90.12,-85.02,3
2016-08-14_13:35:50.00,1068.0,-88.67,-85.13,3
2016-08-14_13:35:50.00,1070.0,-89.31,-86.69,2
2016-08-14_13:36:00.00,1022.0,-85.55,-80.28,3
2016-08-14_13:36:00.00,1024.0,-79.2,-83.65,1
2016-08-14_13:36:00.00,1026.0,-84.54,-84.2,2
2016-08-14_13:36:00.00,1028.0,-85.87,-87.82,2
2016-08-14_13:36:00.00,1030.0,-81.59,-92.95,1
2016-08-14_13:36:00.00,1032.0,-84.14,-89.25,1
2016-08-14_13:36:00.00,1034.0,-84.92,-83.98,2
2016-08-14_13:36:00.00,1036.0,-84.45,-85.79,2
2016-08-14_13:36:00.00,1038.0,-84.26,-84.65,2
2016-08-14_13:36:00.00,1040.0,-82.63,-81.69,2
2016-08-14_13:36:00.00,1042.0,-84.82,-89.84,1
2016-08-14_13:36:00.00,1044.0,-90.03,-84.75,3
2016-08-14_13:36:00.00,1046.0,-90.79,-86.11,3
2016-08-14_13:36:00.00,1048.0,-83.59,-82.43,2
2016-08-14_13:36:00.00,1050.0,-87.01,-84.85,2
2016-08-14_13:36:00.00,1052.0,-87.57,-83.43,3
2016-08-14_13:36:00.00,1054.0,-86.66,-82.82,3
2016-08-14_13:36:00.00,1056.0,-81.93,-86.39,1
2016-08-14_13:36:10.00,1002.0,-81.23,-82.22,2
2016-08-14_13:36:10.00,1004.0,-82.26,-81.37,2
2016-08-14_13:36:10.00,1006.0,-79.11,-83.17,1
2016-08-14_13:36:10.00,1008.0,-88.55,-83.04,3
2016-08-14_13:36:10.00,1010.0,-88.59,-83.66,3
2016-08-14_13:36:10.00,1012.0,-83.54,-82.62,2
2016-08-14_13:36:10.00,1014.0,-83.95,-87.64,1
2016-08-14_13:36:10.00,1016.0,-86.18,-85.57,2
2016-08-14_13:36:10.00,1018.0,-83.87,-84.38,2
2016-08-14_13:36:10.00,1020.0,-83.8,-86.42,2
2016-08-14_13:36:10.00,1022.0,-87.26,-86.07,2
2016-08-14_13:36:10.00,1024.0,-83.05,-83.54,2
2016-08-14_13:36:10.00,1026.0,-82.23,-82.55,2
2016-08-14_13:36:10.00,1028.0,-83.31,-84.17,2
2016-08-14_13:36:10.00,1030.0,-87.94,-84.19,3
2016-08-14_13:36:10.00,1032.0,-81.02,-85.41,1
2016-08-14_13:36:10.00,1034.0,-86.52,-82.42,3
2016-08-14_13:36:10.00,1036.0,-86.98,-86.74,2
2016-08-14_13:36:20.00,976.0,-92.1,-82.9,3
2016-08-14_13:36:20.00,978.0,-84.03,-83.48,2
2016-08-14_13:36:20.00,980.0,-86.07,-88.62,2
2016-08-14_13:36:20.00,982.0,-83.57,-82.35,2
2016-08-14_13:36:20.00,984.0,-83.35,-86.51,1
2016-08-14_13:36:20.00,986.0,-85.05,-84.29,2
2016-08-14_13:36:20.00,988.0,-86.39,-87.29,2
2016-08-14_13:36:20.00,990.0,-87.86,-85.97,2
2016-08-14_13:36:20.00,992.0,-90.66,-89.97,2
2016-08-14_13:36:20.00,994.0,-84.18,-86.78,2
2016-08-14_13:36:20.00,996.0,-87.12,-85.94,2
2016-08-14_13:36:20.00,998.0,-81.89,-87.57,1
2016-08-14_13:36:20.00,1000.0,-86.31,-84.96,2
2016-08-14_13:36:20.00,1002.0,-85.07,-84.54,2
2016-08-14_13:36:20.00,1004.0,-80.28,-84.69,1
2016-08-14_13:36:20.00,1006.0,-87.28,-84.94,2
2016-08-14_13:36:20.00,1008.0,-85.93,-81.85,3
2016-08-14_13:36:30.00,958.0,-86.95,-83.61,3
2016-08-14_13:36:30.00,960.0,-86.14,-84.64,2
2016-08-14_13:36:30.00,962.0,-87.67,-88.47,2
2016-08-14_13:36:30.00,964.0,-85.15,-82.35,2
2016-08-14_13:36:30.00,966.0,-84.36,-86.74,2
2016-08-14_13:36:30.00,968.0,-86.04,-88.06,2
2016-08-14_13:36:30.00,970.0,-85.03,-86.97,2
2016-08-14_13:36:30.00,972.0,-84.1,-86.28,2
2016-08-14_13:36:30.00,974.0,-85.63,-85.15,2
2016-08-14_13:36:30.00,976.0,-85.35,-85.2,2
2016-08-14_13:36:30.00,978.0,-90.95,-83.31,3
2016-08-14_13:36:30.00,980.0,-80.5,-86.23,1
2016-08-14_13:36:30.00,982.0,-87.79,-84.25,3
2016-08-14_13:36:30.00,984.0,-90.24,-87.51,2
2016-08-14_13:36:30.00,986.0,-84.75,-84.14,2
2016-08-14_13:36:30.00,988.0,-84.01,-85.16,2
2016-08-14_13:36:30.00,990.0,-85.41,-87.09,2
2016-08-14_13:36:30.00,992.0,-85.55,-87.08,2
2016-08-14_13:36:40.00,942.0,-80.38,-82.6,2
2016-08-14_13:36:40.00,944.0,-83.86,-84.69,2
2016-08-14_13:36:40.00,946.0,-83.34,-83.56,2
2016-08-14_13:36:40.00,948.0,-84.96,-87.53,2
2016-08-14_13:36:40.00,950.0,-86.99,-82.13,3
2016-08-14_13:36:40.00,952.0,-84.19,-86.26,2
2016-08-14_13:36:40.00,954.0,-87.58,-89.3,2
2016-08-14_13:36:40.00,956.0,-89.59,-85.48,3
2016-08-14_13:36:40.00,958.0,-84.33,-86.41,2
2016-08-14_13:36:40.00,960.0,-82.03,-85.15,1
2016-08-14_13:36:40.00,962.0,-84.89,-86.85,2
2016-08-14_13:36:40.00,964.0,-85.38,-84.79,2
2016-08-14_13:36:40.00,966.0,-86.44,-86.43,2
2016-08-14_13:36:40.00,968.0,-83.67,-85.69,2
2016-08-14_13:36:40.00,970.0,-86.13,-88.02,2
2016-08-14_13:36:40.00,972.0,-85.46,-86.72,2
2016-08-14_13:36:40.00,974.0,-87.44,-86.7,2
2016-08-14_13:36:40.00,976.0,-84.5,-88.23,1
2016-08-14_13:36:50.00,930.0,-83.64,-86.38,2
2016-08-14_13:36:50.00,932.0,-83.09,-86.59,1
2016-08-14_13:36:50.00,934.0,-80.72,-87.55,1
2016-08-14_13:36:50.00,936.0,-81.3,-85.61,1
2016-08-14_13:36:50.00,938.0,-80.07,-82.54,2
2016-08-14_13:36:50.00,940.0,-84.32,-84.31,2
2016-08-14_13:36:50.00,942.0,-81.61,-84.71,1
2016-08-14_13:36:50.00,944.0,-86.87,-81.68,3
2016-08-14_13:36:50.00,946.0,-84.88,-84.89,2
2016-08-14_13:36:50.00,948.0,-87.07,-86.37,2
2016-08-14_13:36:50.00,950.0,-84.41,-85.26,2
2016-08-14_13:36:50.00,952.0,-87.5,-87.73,2
2016-08-14_13:36:50.00,954.0,-89.69,-87.19,2
2016-08-14_13:36:50.00,956.0,-88.91,-85.4,3
2016-08-14_13:36:50.00,958.0,-85.78,-83.72,2
2016-08-14_13:36:50.00,960.0,-85.26,-85.89,2
2016-08-14_13:36:50.00,962.0,-85.91,-89.02,1
2016-08-14_13:36:50.00,964.0,-83.92,-85.23,2
2016-08-14_13:37:00.00,928.0,-80.34,-90.31,1
2016-08-14_13:37:00.00,930.0,-81.75,-83.28,2
2016-08-14_13:37:00.00,932.0,-85.31,-86.3,2
2016-08-14_13:37:00.00,934.0,-85.75,-87.17,2
2016-08-14_13:37:00.00,936.0,-83.08,-85.62,2
2016-08-14_13:37:00.00,938.0,-84.6,-87.36,2
2016-08-14_13:37:00.00,940.0,-84.29,-85.78,2
2016-08-14_13:37:00.00,942.0,-86.27,-87.15,2
2016-08-14_13:37:00.00,944.0,-81.86,-89.34,1
2016-08-14_13:37:00.00,946.0,-85.84,-86.73,2
2016-08-14_13:37:00.00,948.0,-86.49,-89.62,1
2016-08-14_13:37:00.00,950.0,-88.45,-81.97,3
2016-08-14_13:37:00.00,952.0,-90.16,-83.48,3
2016-08-14_13:37:00.00,954.0,-92.22,-87.08,3
2016-08-14_13:37:00.00,956.0,-86.08,-88.1,2
2016-08-14_13:37:00.00,958.0,-86.09,-86.84,2
2016-08-14_13:37:00.00,960.0,-84.11,-83.47,2
2016-08-14_13:37:00.00,962.0,-84.38,-84.0,2
2016-08-14_13:37:10.00,928.0,-79.04,-85.99,1
2016-08-14_13:37:10.00,930.0,-81.78,-82.59,2
2016-08-14_13:37:10.00,932.0,-84.95,-84.1,2
2016-08-14_13:37:10.00,934.0,-82.79,-86.84,1
2016-08-14_13:37:10.00,936.0,-86.0,-85.87,2
2016-08-14_13:37:10.00,938.0,-80.36,-85.63,1
2016-08-14_13:37:10.00,940.0,-84.03,-84.25,2
2016-08-14_13:37:10.00,942.0,-80.89,-84.46,1
2016-08-14_13:37:10.00,944.0,-80.37,-87.94,1
2016-08-14_13:37:10.00,946.0,-83.99,-84.82,2
2016-08-14_13:37:10.00,948.0,-84.08,-86.06,2
2016-08-14_13:37:10.00,950.0,-87.04,-88.47,2
2016-08-14_13:37:10.00,952.0,-91.86,-83.92,3
2016-08-14_13:37:10.00,954.0,-80.75,-88.96,1
2016-08-14_13:37:10.00,956.0,-87.79,-89.85,2
2016-08-14_13:37:10.00,958.0,-92.61,-85.87,3
2016-08-14_13:37:10.00,960.0,-80.51,-87.7,1
2016-08-14_13:37:10.00,962.0,-83.01,-91.54,1
2016-08-14_13:37:20.00,930.0,-77.08,-84.53,1
2016-08-14_13:37:20.00,932.0,-87.45,-83.94,3
2016-08-14_13:37:20.00,934.0,-80.55,-83.02,2
2016-08-14_13:37:20.00,936.0,-78.96,-86.78,1
2016-08-14_13:37:20.00,938.0,-83.75,-82.05,2
2016-08-14_13:37:20.00,940.0,-83.42,-83.05,2
2016-08-14_13:37:20.00,942.0,-84.4,-87.33,2
2016-08-14_13:37:20.00,944.0,-79.15,-85.57,1
2016-08-14_13:37:20.00,946.0,-87.78,-89.21,2
2016-08-14_13:37:20.00,948.0,-89.83,-90.6,2
2016-08-14_13:37:20.00,950.0,-86.94,-85.93,2
2016-08-14_13:37:20.00,952.0,-86.57,-84.87,2
2016-08-14_13:37:20.00,954.0,-80.9,-84.26,1
2016-08-14_13:37:20.00,956.0,-87.8,-86.38,2
2016-08-14_13:37:20.00,958.0,-85.66,-86.98,2
2016-08-14_13:37:20.00,960.0,-85.28,-86.21,2
2016-08-14_13:37:20.00,962.0,-85.82,-83.33,2
2016-08-14_13:37:20.00,964.0,-89.36,-90.64,2
2016-08-14_13:37:30.00,934.0,-82.2,-83.22,2
2016-08-14_13:37:30.00,936.0,-84.21,-82.92,2
2016-08-14_13:37:30.00,938.0,-87.58,-85.04,2
2016-08-14_13:37:30.00,940.0,-87.33,-83.29,3
2016-08-14_13:37:30.00,942.0,-81.47,-83.04,2
2016-08-14_13:37:30.00,944.0,-81.74,-84.64,2
2016-08-14_13:37:30.00,946.0,-85.45,-83.55,2
2016-08-14_13:37:30.00,948.0,-84.27,-84.35,2
2016-08-14_13:37:30.00,950.0,-82.0,-85.48,1
2016-08-14_13:37:30.00,952.0,-83.62,-85.94,2
2016-08-14_13:37:30.00,954.0,-85.81,-87.34,2
2016-08-14_13:37:30.00,956.0,-86.27,-86.87,2
2016-08-14_13:37:30.00,958.0,-84.16,-86.0,2
2016-08-14_13:37:30.00,960.0,-87.64,-86.31,2
2016-08-14_13:37:30.00,962.0,-86.13,-86.16,2
2016-08-14_13:37:30.00,964.0,-89.4,-86.21,3
2016-08-14_13:37:30.00,966.0,-87.95,-87.98,2
2016-08-14_13:37:30.00,968.0,-86.1,-85.33,2
2016-08-14_13:37:40.00,938.0,-79.5,-86.16,1
2016-08-14_13:37:40.00,940.0,-84.9,-81.7,3
2016-08-14_13:37:40.00,942.0,-84.94,-83.25,2
2016-08-14_13:37:40.00,944.0,-84.6,-82.48,2
2016-08-14_13:37:40.00,946.0,-85.01,-85.54,2
2016-08-14_13:37:40.00,948.0,-83.48,-86.36,2
2016-08-14_13:37:40.00,950.0,-83.25,-83.23,2
2016-08-14_13:37:40.00,952.0,-85.66,-89.8,1
2016-08-14_13:37:40.00,954.0,-83.95,-85.42,2
2016-08-14_13:37:40.00,956.0,-83.0,-87.54,1
2016-08-14_13:37:40.00,958.0,-84.59,-85.26,2
2016-08-14_13:37:40.00,960.0,-87.95,-87.7,2
2016-08-14_13:37:40.00,962.0,-87.58,-85.16,2
2016-08-14_13:37:40.00,964.0,-88.78,-83.15,3
2016-08-14_13:37:40.00,966.0,-86.61,-85.17,2
2016-08-14_13:37:40.00,968.0,-86.27,-89.17,2
2016-08-14_13:37:40.00,970.0,-80.38,-85.32,1
2016-08-14_13:37:40.00,972.0,-84.36,-85.72,2
2016-08-14_13:37:40.00,974.0,-91.5,-89.46,2
2016-08-14_13:37:50.00,940.0,-87.8,-82.45,3
2016-08-14_13:37:50.00,942.0,-85.09,-87.24,2
2016-08-14_13:37:50.00,944.0,-83.51,-87.16,1
2016-08-14_13:37:50.00,946.0,-86.55,-84.74,2
2016-08-14_13:37:50.00,948.0,-79.54,-83.41,1
2016-08-14_13:37:50.00,950.0,-84.32,-85.81,2
2016-08-14_13:37:50.00,952.0,-85.55,-86.98,2
2016-08-14_13:37:50.00,954.0,-89.62,-89.74,2
2016-08-14_13:37:50.00,956.0,-91.85,-86.5,3
2016-08-14_13:37:50.00,958.0,-83.16,-86.38,1
2016-08-14_13:37:50.00,960.0,-84.29,-85.72,2
2016-08-14_13:37:50.00,962.0,-86.1,-84.85,2
2016-08-14_13:37:50.00,964.0,-87.5,-84.79,2
2016-08-14_13:37:50.00,966.0,-87.08,-82.73,3
2016-08-14_13:37:50.00,968.0,-85.0,-85.88,2
2016-08-14_13:37:50.00,970.0,-83.29,-84.6,2
2016-08-14_13:37:50.00,972.0,-86.57,-82.85,3
2016-08-14_13:37:50.00,974.0,-89.4,-80.16,3
2016-08-14_13:37:50.00,976.0,-83.91,-88.18,1
2016-08-14_13:37:50.00,978.0,-89.28,-86.04,3
2016-08-14_13:38:00.00,938.0,-83.19,-84.09,2
2016-08-14_13:38:00.00,940.0,-83.17,-85.78,2
2016-08-14_13:38:00.00,942.0,-78.93,-83.75,1
2016-08-14_13:38:00.00,944.0,-86.06,-82.67,3
2016-08-14_13:38:00.00,946.0,-81.28,-83.81,2
2016-08-14_13:38:00.00,948.0,-84.71,-85.11,2
2016-08-14_13:38:00.00,950.0,-85.54,-83.13,2
2016-08-14_13:38:00.00,952.0,-83.19,-84.61,2
2016-08-14_13:38:00.00,954.0,-83.55,-84.08,2
2016-08-14_13:38:00.00,956.0,-85.96,-82.28,3
2016-08-14_13:38:00.00,958.0,-85.94,-85.59,2
2016-08-14_13:38:00.00,960.0,-86.04,-87.0,2
2016-08-14_13:38:00.00,962.0,-87.93,-86.88,2
2016-08-14_13:38:00.00,964.0,-86.21,-83.66,2
2016-08-14_13:38:00.00,966.0,-86.83,-85.89,2
2016-08-14_13:38:00.00,968.0,-85.64,-83.98,2
2016-08-14_13:38:00.00,970.0,-85.03,-84.6,2
2016-08-14_13:38:00.00,972.0,-83.9,-89.25,1
2016-08-14_13:38:00.00,974.0,-86.44,-87.42,2
2016-08-14_13:38:00.00,976.0,-85.48,-85.91,2
2016-08-14_13:38:00.00,978.0,-89.15,-86.19,2
2016-08-14_13:38:10.00,936.0,-86.86,-88.98,2
2016-08-14_13:38:10.00,938.0,-86.17,-84.33,2
2016-08-14_13:38:10.00,940.0,-85.41,-85.52,2
2016-08-14_13:38:10.00,942.0,-86.67,-84.18,2
2016-08-14_13:38:10.00,944.0,-87.42,-87.75,2
2016-08-14_13:38:10.00,946.0,-85.81,-88.65,2
2016-08-14_13:38:10.00,948.0,-86.46,-86.43,2
2016-08-14_13:38:10.00,950.0,-83.7,-84.92,2
2016-08-14_13:38:10.00,952.0,-83.97,-83.76,2
2016-08-14_13:38:10.00,954.0,-86.41,-86.34,2
2016-08-14_13:38:10.00,956.0,-86.27,-86.97,2
2016-08-14_13:38:10.00,958.0,-84.21,-85.45,2
2016-08-14_13:38:10.00,960.0,-84.4,-85.03,2
2016-08-14_13:38:10.00,962.0,-89.32,-83.0,3
2016-08-14_13:38:10.00,964.0,-84.25,-89.11,1
2016-08-14_13:38:10.00,966.0,-88.73,-86.41,2
2016-08-14_13:38:10.00,968.0,-85.32,-84.62,2
2016-08-14_13:38:10.00,970.0,-86.87,-87.79,2
2016-08-14_13:38:10.00,972.0,-82.29,-85.15,2
2016-08-14_13:38:10.00,974.0,-88.07,-86.99,2
2016-08-14_13:38:10.00,976.0,-84.84,-86.38,2
2016-08-14_13:38:20.00,930.0,-81.96,-84.05,2
2016-08-14_13:38:20.00,932.0,-85.1,-85.45,2
2016-08-14_13:38:20.00,934.0,-82.37,-86.48,1
2016-08-14_13:38:20.00,936.0,-86.08,-82.98,3
2016-08-14_13:38:20.00,938.0,-84.69,-84.73,2
2016-08-14_13:38:20.00,940.0,-84.98,-90.16,1
2016-08-14_13:38:20.00,942.0,-86.09,-86.64,2
2016-08-14_13:38:20.00,944.0,-80.52,-86.06,1
2016-08-14_13:38:20.00,946.0,-84.05,-81.86,2
2016-08-14_13:38:20.00,948.0,-86.92,-86.87,2
2016-08-14_13:38:20.00,950.0,-81.62,-84.99,1
2016-08-14_13:38:20.00,952.0,-83.12,-87.58,1
2016-08-14_13:38:20.00,954.0,-80.91,-85.17,1
2016-08-14_13:38:20.00,956.0,-82.53,-83.84,2
2016-08-14_13:38:20.00,958.0,-82.22,-86.1,1
2016-08-14_13:38:20.00,960.0,-88.62,-89.78,2
2016-08-14_13:38:20.00,962.0,-83.75,-84.37,2
2016-08-14_13:38:20.00,964.0,-86.77,-83.79,2
2016-08-14_13:38:20.00,966.0,-83.52,-83.97,2
2016-08-14_13:38:20.00,968.0,-87.24,-88.04,2
2016-08-14_13:38:20.00,970.0,-88.21,-83.52,3
2016-08-14_13:38:30.00,928.0,-85.69,-86.58,2
2016-08-14_13:38:30.00,930.0,-81.21,-88.61,1
2016-08-14_13:38:30.00,932.0,-83.04,-87.53,1
2016-08-14_13:38:30.00,934.0,-82.73,-82.52,2
2016-08-14_13:38:30.00,936.0,-82.06,-83.98,2
2016-08-14_13:38:30.00,938.0,-79.14,-86.07,1
2016-08-14_13:38:30.00,940.0,-81.61,-86.17,1
2016-08-14_13:38:30.00,942.0,-83.29,-84.67,2
2016-08-14_13:38:30.00,944.0,-84.46,-87.25,2
2016-08-14_13:38:30.00,946.0,-82.76,-86.31,1
2016-08-14_13:38:30.00,948.0,-88.3,-88.04,2
2016-08-14_13:38:30.00,950.0,-81.01,-84.09,1
2016-08-14_13:38:30.00,952.0,-85.59,-85.52,2
2016-08-14_13:38:30.00,954.0,-86.37,-83.51,2
2016-08-14_13:38:30.00,956.0,-86.06,-83.45,2
2016-08-14_13:38:30.00,958.0,-87.19,-83.3,3
2016-08-14_13:38:30.00,960.0,-88.59,-84.4,3
2016-08-14_13:38:30.00,962.0,-83.66,-87.59,1
2016-08-14_13:38:30.00,964.0,-84.95,-85.85,2
2016-08-14_13:38:30.00,966.0,-86.99,-82.98,3
2016-08-14_13:38:40.00,924.0,-86.51,-84.66,2
2016-08-14_13:38:40.00,926.0,-82.79,-82.07,2
2016-08-14_13:38:40.00,928.0,-84.71,-88.42,1
2016-08-14_13:38:40.00,930.0,-84.23,-82.63,2
2016-08-14_13:38:40.00,932.0,-85.1,-81.73,3
2016-08-14_13:38:40.00,934.0,-85.37,-87.81,2
2016-08-14_13:38:40.00,936.0,-81.81,-84.35,2
2016-08-14_13:38:40.00,938.0,-83.68,-85.24,2
2016-08-14_13:38:40.00,940.0,-85.17,-92.37,1
2016-08-14_13:38:40.00,942.0,-84.07,-85.28,2
2016-08-14_13:38:40.00,944.0,-86.35,-89.91,1
2016-08-14_13:38:40.00,946.0,-85.63,-86.7,2
2016-08-14_13:38:40.00,948.0,-84.12,-85.46,2
2016-08-14_13:38:40.00,950.0,-82.12,-87.98,1
2016-08-14_13:38:40.00,952.0,-78.68,-86.41,1
2016-08-14_13:38:40.00,954.0,-82.39,-82.37,2
2016-08-14_13:38:40.00,956.0,-83.67,-82.77,2
2016-08-14_13:38:40.00,958.0,-81.25,-84.56,1
2016-08-14_13:38:40.00,960.0,-83.76,-84.62,2
2016-08-14_13:38:50.00,924.0,-83.83,-87.08,1
2016-08-14_13:38:50.00,926.0,-84.6,-85.4,2
2016-08-14_13:38:50.00,928.0,-87.51,-86.51,2
2016-08-14_13:38:50.00,930.0,-86.54,-89.33,2
2016-08-14_13:38:50.00,932.0,-85.08,-85.03,2
2016-08-14_13:38:50.00,934.0,-84.35,-85.41,2
2016-08-14_13:38:50.00,936.0,-84.5,-83.83,2
2016-08-14_13:38:50.00,938.0,-80.24,-86.14,1
2016-08-14_13:38:50.00,940.0,-81.68,-83.63,2
2016-08-14_13:38:50.00,942.0,-85.77,-84.86,2
2016-08-14_13:38:50.00,944.0,-85.01,-87.2,2
2016-08-14_13:38:50.00,946.0,-81.55,-85.93,1
2016-08-14_13:38:50.00,948.0,-84.92,-85.26,2
2016-08-14_13:38:50.00,950.0,-82.32,-84.41,2
2016-08-14_13:38:50.00,952.0,-78.35,-85.25,1
2016-08-14_13:38:50.00,954.0,-81.6,-86.17,1
2016-08-14_13:38:50.00,956.0,-85.92,-88.33,2
2016-08-14_13:38:50.00,958.0,-83.85,-83.85,2
2016-08-14_13:38:50.00,960.0,-85.57,-87.75,2
2016-08-14_13:39:00.00,916.0,-87.65,-83.3,3
2016-08-14_13:39:00.00,918.0,-83.95,-85.24,2
2016-08-14_13:39:00.00,920.0,-84.29,-83.41,2
2016-08-14_13:39:00.00,922.0,-88.17,-86.46,2
2016-08-14_13:39:00.00,924.0,-84.33,-84.28,2
2016-08-14_13:39:00.00,926.0,-81.25,-88.71,1
2016-08-14_13:39:00.00,928.0,-85.61,-83.55,2
2016-08-14_13:39:00.00,930.0,-84.4,-87.57,1
2016-08-14_13:39:00.00,932.0,-86.56,-84.53,2
2016-08-14_13:39:00.00,934.0,-84.94,-84.67,2
2016-08-14_13:39:00.00,936.0,-83.56,-86.79,1
2016-08-14_13:39:00.00,938.0,-81.07,-88.1,1
2016-08-14_13:39:00.00,940.0,-82.74,-86.36,1
2016-08-14_13:39:00.00,942.0,-79.92,-84.93,1
2016-08-14_13:39:00.00,944.0,-81.88,-86.71,1
2016-08-14_13:39:00.00,946.0,-82.51,-84.87,2
2016-08-14_13:39:00.00,948.0,-91.75,-84.08,3
2016-08-14_13:39:00.00,950.0,-87.14,-89.89,2
2016-08-14_13:39:10.00,908.0,-86.22,-87.46,2
2016-08-14_13:39:10.00,910.0,-84.87,-84.52,2
2016-08-14_13:39:10.00,912.0,-85.0,-88.28,1
2016-08-14_13:39:10.00,914.0,-88.08,-87.63,2
2016-08-14_13:39:10.00,916.0,-80.83,-83.9,1
2016-08-14_13:39:10.00,918.0,-85.4,-85.62,2
2016-08-14_13:39:10.00,920.0,-78.35,-86.2,1
2016-08-14_13:39:10.00,922.0,-84.57,-85.91,2
2016-08-14_13:39:10.00,924.0,-86.5,-88.69,2
2016-08-14_13:39:10.00,926.0,-84.94,-87.35,2
2016-08-14_13:39:10.00,928.0,-79.86,-82.14,2
2016-08-14_13:39:10.00,930.0,-83.02,-86.24,1
2016-08-14_13:39:10.00,932.0,-82.93,-86.35,1
2016-08-14_13:39:10.00,934.0,-83.91,-85.72,2
2016-08-14_13:39:10.00,936.0,-84.54,-86.3,2
2016-08-14_13:39:10.00,938.0,-79.7,-86.46,1
2016-08-14_13:39:10.00,940.0,-80.88,-79.69,2
2016-08-14_13:39:10.00,942.0,-79.03,-86.07,1
2016-08-14_13:39:20.00,898.0,-78.65,-80.51,2
2016-08-14_13:39:20.00,900.0,-81.99,-84.51,2
2016-08-14_13:39:20.00,902.0,-87.37,-87.46,2
2016-08-14_13:39:20.00,904.0,-84.18,-83.44,2
2016-08-14_13:39:20.00,906.0,-83.11,-89.52,1
2016-08-14_13:39:20.00,908.0,-83.59,-83.8,2
2016-08-14_13:39:20.00,910.0,-87.79,-86.69,2
2016-08-14_13:39:20.00,912.0,-88.16,-85.42,2
2016-08-14_13:39:20.00,914.0,-81.0,-87.07,1
2016-08-14_13:39:20.00,916.0,-80.88,-84.89,1
2016-08-14_13:39:20.00,918.0,-79.12,-80.24,2
2016-08-14_13:39:20.00,920.0,-81.02,-83.38,2
2016-08-14_13:39:20.00,922.0,-80.56,-84.08,1
2016-08-14_13:39:20.00,924.0,-83.95,-82.15,2
2016-08-14_13:39:20.00,926.0,-82.48,-84.12,2
2016-08-14_13:39:20.00,928.0,-80.69,-87.78,1
2016-08-14_13:39:20.00,930.0,-84.88,-87.34,2
2016-08-14_13:39:30.00,884.0,-78.69,-81.82,1
2016-08-14_13:39:30.00,886.0,-81.66,-86.26,1
2016-08-14_13:39:30.00,888.0,-81.52,-85.1,1
2016-08-14_13:39:30.00,890.0,-80.63,-85.04,1
2016-08-14_13:39:30.00,892.0,-83.65,-81.73,2
2016-08-14_13:39:30.00,894.0,-83.01,-85.7,2
2016-08-14_13:39:30.00,896.0,-84.49,-87.41,2
2016-08-14_13:39:30.00,898.0,-84.37,-86.01,2
2016-08-14_13:39:30.00,900.0,-83.08,-82.74,2
2016-08-14_13:39:30.00,902.0,-84.44,-84.62,2
2016-08-14_13:39:30.00,904.0,-85.1,-83.79,2
2016-08-14_13:39:30.00,906.0,-83.07,-84.98,2
2016-08-14_13:39:30.00,908.0,-82.08,-86.73,1
2016-08-14_13:39:30.00,910.0,-81.92,-83.15,2
2016-08-14_13:39:30.00,912.0,-82.57,-83.73,2
2016-08-14_13:39:30.00,914.0,-82.54,-85.19,2
2016-08-14_13:39:30.00,916.0,-80.85,-84.9,1
2016-08-14_13:39:40.00,864.0,-80.88,-87.01,1
2016-08-14_13:39:40.00,866.0,-82.05,-88.37,1
2016-08-14_13:39:40.00,868.0,-84.13,-83.07,2
2016-08-14_13:39:40.00,870.0,-87.33,-81.8,3
2016-08-14_13:39:40.00,872.0,-82.07,-84.64,2
2016-08-14_13:39:40.00,874.0,-83.08,-81.49,2
2016-08-14_13:39:40.00,876.0,-86.54,-84.23,2
2016-08-14_13:39:40.00,878.0,-79.04,-80.4,2
2016-08-14_13:39:40.00,880.0,-81.32,-80.43,2
2016-08-14_13:39:40.00,882.0,-83.05,-80.73,2
2016-08-14_13:39:40.00,884.0,-84.49,-83.26,2
2016-08-14_13:39:40.00,886.0,-81.25,-81.75,2
2016-08-14_13:39:40.00,888.0,-83.25,-80.83,2
2016-08-14_13:39:40.00,890.0,-76.74,-83.57,1
2016-08-14_13:39:40.00,892.0,-76.85,-83.07,1
2016-08-14_13:39:40.00,894.0,-75.43,-81.96,1
2016-08-14_13:39:40.00,896.0,-79.97,-81.71,2
2016-08-14_13:39:50.00,844.0,-78.37,-82.61,1
2016-08-14_13:39:50.00,846.0,-79.32,-82.43,1
2016-08-14_13:39:50.00,848.0,-81.57,-88.1,1
2016-08-14_13:39:50.00,850.0,-86.43,-85.82,2
2016-08-14_13:39:50.00,852.0,-81.35,-84.63,1
2016-08-14_13:39:50.00,854.0,-81.92,-85.97,1
2016-08-14_13:39:50.00,856.0,-84.81,-80.53,3
2016-08-14_13:39:50.00,858.0,-83.46,-83.69,2
2016-08-14_13:39:50.00,860.0,-80.84,-81.17,2
2016-08-14_13:39:50.00,862.0,-82.1,-81.67,2
2016-08-14_13:39:50.00,864.0,-81.98,-81.92,2
2016-08-14_13:39:50.00,866.0,-82.37,-84.86,2
2016-08-14_13:39:50.00,868.0,-84.02,-83.78,2
2016-08-14_13:39:50.00,870.0,-82.76,-86.06,1
2016-08-14_13:39:50.00,872.0,-83.63,-83.67,2
2016-08-14_13:39:50.00,874.0,-82.41,-81.91,2
2016-08-14_13:39:50.00,876.0,-79.3,-83.71,1
2016-08-14_13:40:00.00,818.0,-78.64,-81.6,2
2016-08-14_13:40:00.00,820.0,-77.18,-79.87,2
2016-08-14_13:40:00.00,822.0,-78.58,-87.22,1
2016-08-14_13:40:00.00,824.0,-82.65,-83.25,2
2016-08-14_13:40:00.00,826.0,-83.78,-81.39,2
2016-08-14_13:40:00.00,828.0,-77.86,-83.08,1
2016-08-14_13:40:00.00,830.0,-84.05,-82.24,2
2016-08-14_13:40:00.00,832.0,-80.89,-84.08,1
2016-08-14_13:40:00.00,834.0,-79.19,-83.94,1
2016-08-14_13:40:00.00,836.0,-81.5,-85.21,1
2016-08-14_13:40:00.00,838.0,-82.47,-84.94,2
2016-08-14_13:40:00.00,840.0,-90.74,-87.55,3
2016-08-14_13:40:00.00,842.0,-83.24,-79.18,3
2016-08-14_13:40:00.00,844.0,-82.12,-81.06,2
2016-08-14_13:40:00.00,846.0,-79.55,-82.13,2
2016-08-14_13:40:00.00,848.0,-82.62,-84.99,2
2016-08-14_13:40:00.00,850.0,-81.59,-85.43,1
2016-08-14_13:40:10.00,792.0,-81.58,-80.76,2
2016-08-14_13:40:10.00,794.0,-78.33,-78.5,2
2016-08-14_13:40:10.00,796.0,-80.45,-81.9,2
2016-08-14_13:40:10.00,798.0,-81.27,-79.36,2
2016-08-14_13:40:10.00,800.0,-80.27,-79.59,2
2016-08-14_13:40:10.00,802.0,-76.38,-78.64,2
2016-08-14_13:40:10.00,804.0,-79.31,-80.16,2
2016-08-14_13:40:10.00,806.0,-79.95,-79.7,2
2016-08-14_13:40:10.00,808.0,-82.36,-78.85,3
2016-08-14_13:40:10.00,810.0,-84.12,-79.17,3
2016-08-14_13:40:10.00,812.0,-79.14,-80.85,2
2016-08-14_13:40:10.00,814.0,-79.99,-78.96,2
2016-08-14_13:40:10.00,816.0,-80.44,-78.51,2
2016-08-14_13:40:10.00,818.0,-80.55,-82.27,2
2016-08-14_13:40:10.00,820.0,-81.16,-79.65,2
2016-08-14_13:40:10.00,822.0,-79.69,-82.66,2
2016-08-14_13:40:10.00,824.0,-83.51,-80.5,3
2016-08-14_13:40:20.00,764.0,-78.32,-79.93,2
2016-08-14_13:40:20.00,766.0,-74.64,-80.79,1
2016-08-14_13:40:20.00,768.0,-75.22,-82.09,1
2016-08-14_13:40:20.00,770.0,-74.2,-78.29,1
2016-08-14_13:40:20.00,772.0,-76.15,-76.22,2
2016-08-14_13:40:20.00,774.0,-80.15,-81.53,2
2016-08-14_13:40:20.00,776.0,-79.15,-81.58,2
2016-08-14_13:40:20.00,778.0,-76.5,-81.51,1
2016-08-14_13:40:20.00,780.0,-79.34,-80.69,2
2016-08-14_13:40:20.00,782.0,-79.95,-81.21,2
2016-08-14_13:40:20.00,784.0,-82.11,-83.14,2
2016-08-14_13:40:20.00,786.0,-78.95,-79.46,2
2016-08-14_13:40:20.00,788.0,-78.21,-77.73,2
2016-08-14_13:40:20.00,790.0,-82.44,-83.69,2
2016-08-14_13:40:20.00,792.0,-80.44,-81.83,2
2016-08-14_13:40:20.00,794.0,-81.53,-79.78,2
2016-08-14_13:40:30.00,738.0,-76.61,-82.34,1
2016-08-14_13:40:30.00,740.0,-81.5,-81.26,2
2016-08-14_13:40:30.00,742.0,-78.82,-78.99,2
2016-08-14_13:40:30.00,744.0,-82.68,-82.92,2
2016-08-14_13:40:30.00,746.0,-77.98,-78.52,2
2016-08-14_13:40:30.00,748.0,-75.62,-79.69,1
2016-08-14_13:40:30.00,750.0,-79.67,-77.59,2
2016-08-14_13:40:30.00,752.0,-75.44,-75.9,2
2016-08-14_13:40:30.00,754.0,-79.61,-74.88,3
2016-08-14_13:40:30.00,756.0,-80.38,-76.45,3
2016-08-14_13:40:30.00,758.0,-78.18,-74.9,3
2016-08-14_13:40:30.00,760.0,-82.23,-75.38,3
2016-08-14_13:40:30.00,762.0,-77.64,-79.75,2
2016-08-14_13:40:30.00,764.0,-80.75,-76.87,3
2016-08-14_13:40:30.00,766.0,-81.94,-80.27,2
2016-08-14_13:40:40.00,706.0,-81.62,-73.91,3
2016-08-14_13:40:40.00,708.0,-81.35,-73.31,3
2016-08-14_13:40:40.00,710.0,-81.45,-74.36,3
2016-08-14_13:40:40.00,712.0,-77.95,-76.69,2
2016-08-14_13:40:40.00,714.0,-83.89,-75.98,3
2016-08-14_13:40:40.00,716.0,-77.55,-77.22,2
2016-08-14_13:40:40.00,718.0,-78.13,-75.61,2
2016-08-14_13:40:40.00,720.0,-76.21,-77.8,2
2016-08-14_13:40:40.00,722.0,-76.96,-72.34,3
2016-08-14_13:40:40.00,724.0,-74.8,-79.31,1
2016-08-14_13:40:40.00,726.0,-77.4,-76.19,2
2016-08-14_13:40:40.00,728.0,-77.29,-75.16,2
2016-08-14_13:40:40.00,730.0,-75.33,-78.21,2
2016-08-14_13:40:40.00,732.0,-78.93,-78.94,2
2016-08-14_13:40:40.00,734.0,-85.36,-76.5,3
2016-08-14_13:40:50.00,672.0,-75.83,-75.05,2
2016-08-14_13:40:50.00,674.0,-77.43,-75.01,2
2016-08-14_13:40:50.00,676.0,-77.86,-74.98,2
2016-08-14_13:40:50.00,678.0,-77.91,-78.02,2
2016-08-14_13:40:50.00,680.0,-79.98,-76.1,3
2016-08-14_13:40:50.00,682.0,-79.25,-74.77,3
2016-08-14_13:40:50.00,684.0,-80.14,-74.07,3
2016-08-14_13:40:50.00,686.0,-76.34,-75.18,2
2016-08-14_13:40:50.00,688.0,-79.13,-74.94,3
2016-08-14_13:40:50.00,690.0,-81.0,-76.04,3
2016-08-14_13:40:50.00,692.0,-85.37,-74.13,3
2016-08-14_13:40:50.00,694.0,-81.99,-76.15,3
2016-08-14_13:40:50.00,696.0,-80.42,-74.72,3
2016-08-14_13:40:50.00,698.0,-77.3,-75.04,2
2016-08-14_13:40:50.00,700.0,-83.94,-72.76,3
2016-08-14_13:41:00.00,640.0,-78.51,-74.89,3
2016-08-14_13:41:00.00,642.0,-76.73,-71.61,3
2016-08-14_13:41:00.00,644.0,-78.77,-75.17,3
2016-08-14_13:41:00.00,646.0,-72.9,-75.23,2
2016-08-14_13:41:00.00,648.0,-77.62,-73.78,3
2016-08-14_13:41:00.00,650.0,-75.5,-70.39,3
2016-08-14_13:41:00.00,652.0,-75.68,-73.48,2
2016-08-14_13:41:00.00,654.0,-81.18,-77.47,3
2016-08-14_13:41:00.00,656.0,-79.89,-73.11,3
2016-08-14_13:41:00.00,658.0,-78.75,-74.42,3
2016-08-14_13:41:00.00,660.0,-76.53,-71.24,3
2016-08-14_13:41:00.00,662.0,-73.52,-73.62,2
2016-08-14_13:41:00.00,664.0,-78.48,-73.52,3
2016-08-14_13:41:00.00,666.0,-80.9,-75.39,3
2016-08-14_13:41:00.00,668.0,-71.7,-78.86,1
2016-08-14_13:41:10.00,608.0,-79.35,-71.1,3
2016-08-14_13:41:10.00,610.0,-80.21,-75.06,3
2016-08-14_13:41:10.00,612.0,-80.72,-71.74,3
2016-08-14_13:41:10.00,614.0,-80.92,-69.35,3
2016-08-14_13:41:10.00,616.0,-81.14,-73.05,3
2016-08-14_13:41:10.00,618.0,-84.38,-72.39,3
2016-08-14_13:41:10.00,620.0,-82.79,-68.11,3
2016-08-14_13:41:10.00,622.0,-81.69,-71.55,3
2016-08-14_13:41:10.00,624.0,-79.99,-67.69,3
2016-08-14_13:41:10.00,626.0,-75.53,-69.02,3
2016-08-14_13:41:10.00,628.0,-75.89,-69.79,3
2016-08-14_13:41:10.00,630.0,-78.19,-71.05,3
2016-08-14_13:41:10.00,632.0,-80.33,-70.74,3
2016-08-14_13:41:10.00,634.0,-74.06,-75.19,2
2016-08-14_13:41:10.00,636.0,-72.72,-70.19,2
2016-08-14_13:41:10.00,638.0,-75.07,-73.17,2
2016-08-14_13:41:20.00,560.0,-77.03,-76.52,2
2016-08-14_13:41:20.00,562.0,-80.9,-67.68,3
2016-08-14_13:41:20.00,564.0,-74.23,-70.33,3
2016-08-14_13:41:20.00,566.0,-80.15,-71.9,3
2016-08-14_13:41:20.00,568.0,-74.67,-74.48,2
2016-08-14_13:41:20.00,570.0,-78.76,-71.05,3
2016-08-14_13:41:20.00,572.0,-77.17,-72.92,3
2016-08-14_13:41:20.00,574.0,-78.14,-65.96,3
2016-08-14_13:41:20.00,576.0,-75.07,-75.82,2
2016-08-14_13:41:20.00,578.0,-76.75,-70.94,3
2016-08-14_13:41:20.00,580.0,-76.5,-66.98,3
2016-08-14_13:41:20.00,582.0,-79.37,-66.15,3
2016-08-14_13:41:20.00,584.0,-77.82,-73.18,3
2016-08-14_13:41:20.00,586.0,-75.68,-73.33,2
2016-08-14_13:41:20.00,588.0,-80.0,-71.89,3
2016-08-14_13:41:20.00,590.0,-79.74,-69.36,3
2016-08-14_13:41:20.00,592.0,-82.11,-73.3,3
2016-08-14_13:41:30.00,500.0,-70.5,-73.74,1
2016-08-14_13:41:30.00,502.0,-68.97,-70.53,2
2016-08-14_13:41:30.00,504.0,-67.45,-73.37,1
2016-08-14_13:41:30.00,506.0,-68.45,-74.42,1
2016-08-14_13:41:30.00,508.0,-69.56,-74.41,1
2016-08-14_13:41:30.00,510.0,-67.92,-76.95,1
2016-08-14_13:41:30.00,512.0,-69.44,-74.75,1
2016-08-14_13:41:30.00,514.0,-70.88,-74.16,1
2016-08-14_13:41:30.00,516.0,-73.36,-73.51,2
2016-08-14_13:41:30.00,518.0,-72.54,-73.96,2
2016-08-14_13:41:30.00,520.0,-72.21,-73.88,2
2016-08-14_13:41:30.00,522.0,-72.43,-71.01,2
2016-08-14_13:41:30.00,524.0,-69.64,-73.21,1
2016-08-14_13:41:30.00,526.0,-74.77,-73.81,2
2016-08-14_13:41:30.00,528.0,-73.64,-73.46,2
2016-08-14_13:41:30.00,530.0,-73.81,-72.15,2
2016-08-14_13:41:30.00,532.0,-78.69,-74.08,3
2016-08-14_13:41:30.00,534.0,-76.61,-70.6,3
2016-08-14_13:41:30.00,536.0,-75.32,-71.23,3
2016-08-14_13:41:30.00,538.0,-75.95,-70.08,3
2016-08-14_13:41:40.00,482.0,-80.02,-72.17,3
2016-08-14_13:41:40.00,484.0,-75.81,-72.95,2
2016-08-14_13:41:40.00,486.0,-78.86,-74.18,3
2016-08-14_13:41:40.00,488.0,-74.22,-72.63,2
2016-08-14_13:41:40.00,490.0,-71.42,-70.39,2
2016-08-14_13:41:40.00,492.0,-72.41,-76.6,1
2016-08-14_13:41:40.00,494.0,-73.27,-71.17,2
2016-08-14_13:41:40.00,496.0,-74.36,-70.35,3
2016-08-14_13:41:40.00,498.0,-73.09,-68.74,3
2016-08-14_13:41:40.00,500.0,-70.87,-69.51,2
2016-08-14_13:41:40.00,502.0,-68.51,-68.54,2
2016-08-14_13:41:40.00,504.0,-75.03,-73.68,2
2016-08-14_13:41:40.00,506.0,-68.78,-70.49,2
2016-08-14_13:41:40.00,508.0,-66.92,-76.38,1
2016-08-14_13:41:40.00,510.0,-67.19,-75.66,1
2016-08-14_13:41:40.00,512.0,-70.85,-73.42,2
2016-08-14_13:41:40.00,514.0,-71.04,-72.61,2
2016-08-14_13:41:40.00,516.0,-67.47,-76.01,1
2016-08-14_13:41:40.00,518.0,-71.52,-74.39,2
2016-08-14_13:41:40.00,520.0,-74.57,-78.56,1
2016-08-14_13:41:50.00,440.0,-72.62,-76.62,1
2016-08-14_13:41:50.00,442.0,-69.12,-72.01,2
2016-08-14_13:41:50.00,444.0,-72.78,-77.02,1
2016-08-14_13:41:50.00,446.0,-72.05,-77.25,1
2016-08-14_13:41:50.00,448.0,-73.08,-76.59,1
2016-08-14_13:41:50.00,450.0,-75.86,-78.55,2
2016-08-14_13:41:50.00,452.0,-76.16,-77.88,2
2016-08-14_13:41:50.00,454.0,-81.41,-79.75,2
2016-08-14_13:41:50.00,456.0,-75.51,-77.51,2
2016-08-14_13:41:50.00,458.0,-73.51,-78.58,1
2016-08-14_13:41:50.00,460.0,-72.8,-77.81,1
2016-08-14_13:41:50.00,462.0,-72.93,-83.69,1
2016-08-14_13:41:50.00,464.0,-73.32,-81.39,1
2016-08-14_13:41:50.00,466.0,-69.02,-74.97,1
2016-08-14_13:41:50.00,468.0,-72.53,-77.43,1
2016-08-14_13:41:50.00,470.0,-72.39,-75.73,1
2016-08-14_13:41:50.00,472.0,-71.36,-75.99,1
2016-08-14_13:41:50.00,474.0,-75.32,-76.65,2
2016-08-14_13:41:50.00,476.0,-73.32,-73.75,2
2016-08-14_13:41:50.00,478.0,-71.67,-74.86,1
2016-08-14_13:41:50.00,480.0,-72.53,-71.45,2
2016-08-14_13:41:50.00,482.0,-76.64,-74.52,2
2016-08-14_13:42:00.00,394.0,-74.73,-80.14,1
2016-08-14_13:42:00.00,396.0,-76.28,-79.69,1
2016-08-14_13:42:00.00,398.0,-77.35,-86.45,1
2016-08-14_13:42:00.00,400.0,-73.09,-78.1,1
2016-08-14_13:42:00.00,402.0,-74.9,-83.36,1
2016-08-14_13:42:00.00,404.0,-73.82,-77.92,1
2016-08-14_13:42:00.00,406.0,-69.98,-77.33,1
2016-08-14_13:42:00.00,408.0,-72.97,-77.91,1
2016-08-14_13:42:00.00,410.0,-70.49,-75.62,1
2016-08-14_13:42:00.00,412.0,-72.05,-73.37,2
2016-08-14_13:42:00.00,414.0,-72.05,-70.88,2
2016-08-14_13:42:00.00,416.0,-71.46,-74.16,2
2016-08-14_13:42:00.00,418.0,-65.56,-71.61,1
2016-08-14_13:42:00.00,420.0,-67.5,-72.95,1
2016-08-14_13:42:00.00,422.0,-68.6,-72.08,1
2016-08-14_13:42:00.00,424.0,-67.71,-71.38,1
2016-08-14_13:42:00.00,426.0,-69.17,-71.26,2
2016-08-14_13:42:00.00,428.0,-64.26,-73.85,1
2016-08-14_13:42:00.00,430.0,-64.72,-74.59,1
2016-08-14_13:42:00.00,432.0,-67.03,-70.73,1
2016-08-14_13:42:00.00,434.0,-65.78,-73.75,1
2016-08-14_13:42:00.00,436.0,-66.12,-75.02,1
2016-08-14_13:42:00.00,438.0,-70.17,-74.23,1
2016-08-14_13:42:00.00,440.0,-66.14,-70.93,1
2016-08-14_13:42:00.00,442.0,-70.91,-78.22,1
2016-08-14_13:42:10.00,346.0,-89.06,-88.87,2
2016-08-14_13:42:10.00,348.0,-87.12,-91.1,1
2016-08-14_13:42:10.00,350.0,-85.0,-88.3,1
2016-08-14_13:42:10.00,352.0,-85.23,-86.74,2
2016-08-14_13:42:10.00,354.0,-80.91,-82.99,2
2016-08-14_13:42:10.00,356.0,-82.07,-80.95,2
2016-08-14_13:42:10.00,358.0,-83.73,-79.79,3
2016-08-14_13:42:10.00,360.0,-86.52,-76.08,3
2016-08-14_13:42:10.00,362.0,-84.31,-74.15,3
2016-08-14_13:42:10.00,364.0,-85.43,-78.01,3
2016-08-14_13:42:10.00,366.0,-81.06,-75.73,3
2016-08-14_13:42:10.00,368.0,-79.69,-71.12,3
2016-08-14_13:42:10.00,370.0,-80.5,-74.37,3
2016-08-14_13:42:10.00,372.0,-76.69,-71.57,3
2016-08-14_13:42:10.00,374.0,-78.57,-74.48,3
2016-08-14_13:42:10.00,376.0,-80.24,-71.71,3
2016-08-14_13:42:10.00,378.0,-79.31,-77.42,2
2016-08-14_13:42:10.00,380.0,-82.06,-77.56,3
2016-08-14_13:42:10.00,382.0,-77.89,-76.61,2
2016-08-14_13:42:10.00,384.0,-75.5,-78.52,1
2016-08-14_13:42:10.00,386.0,-76.99,-79.53,2
2016-08-14_13:42:10.00,388.0,-81.84,-79.1,2
2016-08-14_13:42:10.00,390.0,-78.39,-79.47,2
2016-08-14_13:42:10.00,392.0,-75.27,-80.77,1
2016-08-14_13:42:10.00,394.0,-79.36,-81.15,2
2016-08-14_13:42:10.00,396.0,-76.55,-78.43,2
2016-08-14_13:42:10.00,398.0,-74.24,-78.31,1
2016-08-14_13:42:10.00,400.0,-74.6,-80.26,1
2016-08-14_13:42:10.00,402.0,-73.72,-79.84,1
