DateTime,depth_m,18kHz_Sv,38kHz_Sv,code
2016-07-25_20:50:20.00,266.0,-89.26,-86.5,2
2016-07-25_20:50:20.00,268.0,-90.32,-87.09,3
2016-07-25_20:50:20.00,270.0,-90.39,-103.18,1
2016-07-25_20:50:20.00,272.0,-94.74,-98.27,1
2016-07-25_20:50:20.00,274.0,-87.97,-89.12,2
2016-07-25_20:50:20.00,276.0,-96.09,-91.52,3
2016-07-25_20:50:20.00,278.0,-91.28,-86.93,3
2016-07-25_20:50:20.00,280.0,-89.29,-88.19,2
2016-07-25_20:50:20.00,282.0,-89.62,-84.47,3
2016-07-25_20:50:20.00,284.0,-92.01,-85.93,3
2016-07-25_20:50:20.00,286.0,-85.96,-83.2,2
2016-07-25_20:50:20.00,288.0,-89.06,-85.03,3
2016-07-25_20:50:20.00,290.0,-93.18,-82.67,3
2016-07-25_20:50:20.00,292.0,-88.01,-83.07,3
2016-07-25_20:50:20.00,294.0,-92.29,-84.11,3
2016-07-25_20:50:20.00,296.0,-80.35,-78.35,2
2016-07-25_20:50:20.00,298.0,-86.4,-78.5,3
2016-07-25_20:50:20.00,300.0,-84.42,-80.91,3
2016-07-25_20:50:20.00,302.0,-83.91,-83.01,2
2016-07-25_20:50:20.00,304.0,-74.95,-78.99,1
2016-07-25_20:50:20.00,306.0,-75.0,-79.57,1
2016-07-25_20:50:20.00,308.0,-76.05,-80.73,1
2016-07-25_20:50:20.00,310.0,-81.75,-77.85,3
2016-07-25_20:50:20.00,312.0,-77.05,-79.15,2
2016-07-25_20:50:20.00,314.0,-73.06,-80.36,1
2016-07-25_20:50:20.00,316.0,-78.57,-78.72,2
2016-07-25_20:50:20.00,318.0,-73.71,-79.0,1
2016-07-25_20:50:20.00,320.0,-72.53,-79.97,1
2016-07-25_20:50:20.00,322.0,-73.5,-81.96,1
2016-07-25_20:50:20.00,324.0,-80.56,-84.86,1
2016-07-25_20:50:20.00,326.0,-72.6,-74.79,2
2016-07-25_20:50:20.00,328.0,-75.26,-82.11,1
2016-07-25_20:50:20.00,330.0,-70.41,-77.11,1
2016-07-25_20:50:20.00,332.0,-75.36,-77.09,2
2016-07-25_20:50:20.00,334.0,-73.18,-76.25,1
2016-07-25_20:50:20.00,336.0,-73.32,-74.29,2
2016-07-25_20:50:20.00,338.0,-70.41,-85.05,1
2016-07-25_20:50:20.00,340.0,-73.64,-76.13,2
2016-07-25_20:50:20.00,342.0,-72.86,-81.12,1
2016-07-25_20:50:20.00,344.0,-72.9,-81.61,1
2016-07-25_20:50:20.00,346.0,-75.65,-78.26,2
2016-07-25_20:50:20.00,348.0,-71.57,-79.37,1
2016-07-25_20:50:30.00,250.0,-87.76,-87.77,2
2016-07-25_20:50:30.00,252.0,-87.3,-92.65,1
2016-07-25_20:50:30.00,254.0,-79.96,-85.25,1
2016-07-25_20:50:30.00,256.0,-80.83,-85.42,1
2016-07-25_20:50:30.00,258.0,-89.95,-84.33,3
2016-07-25_20:50:30.00,260.0,-83.02,-90.21,1
2016-07-25_20:50:30.00,262.0,-92.54,-89.45,3
2016-07-25_20:50:30.00,264.0,-87.91,-89.11,2
2016-07-25_20:50:30.00,266.0,-91.77,-103.26,1
2016-07-25_20:50:30.00,268.0,-90.65,-104.25,1
2016-07-25_20:50:30.00,270.0,-85.27,-90.93,1
2016-07-25_20:50:30.00,272.0,-93.35,-97.46,1
2016-07-25_20:50:30.00,274.0,-95.04,-97.35,2
2016-07-25_20:50:30.00,276.0,-91.03,-93.5,2
2016-07-25_20:50:30.00,278.0,-85.05,-90.65,1
2016-07-25_20:50:30.00,280.0,-93.79,-84.0,3
2016-07-25_20:50:30.00,282.0,-87.49,-84.2,3
2016-07-25_20:50:30.00,284.0,-91.35,-87.58,3
2016-07-25_20:50:30.00,286.0,-86.84,-85.73,2
2016-07-25_20:50:30.00,288.0,-89.02,-85.48,3
2016-07-25_20:50:30.00,290.0,-84.44,-82.97,2
2016-07-25_20:50:30.00,292.0,-84.37,-81.25,3
2016-07-25_20:50:30.00,294.0,-83.44,-81.77,2
2016-07-25_20:50:30.00,296.0,-92.66,-79.89,3
2016-07-25_20:50:30.00,298.0,-86.5,-82.04,3
2016-07-25_20:50:30.00,300.0,-85.1,-76.02,3
2016-07-25_20:50:30.00,302.0,-86.82,-82.22,3
2016-07-25_20:50:30.00,304.0,-83.88,-82.17,2
2016-07-25_20:50:30.00,306.0,-79.58,-79.69,2
2016-07-25_20:50:30.00,308.0,-80.86,-79.17,2
2016-07-25_20:50:30.00,310.0,-75.85,-82.51,1
2016-07-25_20:50:30.00,312.0,-84.76,-81.47,3
2016-07-25_20:50:30.00,314.0,-73.59,-73.86,2
2016-07-25_20:50:30.00,316.0,-74.43,-73.75,2
2016-07-25_20:50:30.00,318.0,-74.76,-73.49,2
2016-07-25_20:50:30.00,320.0,-76.56,-82.31,1
2016-07-25_20:50:30.00,322.0,-72.22,-78.83,1
2016-07-25_20:50:40.00,236.0,-86.06,-94.52,1
2016-07-25_20:50:40.00,238.0,-84.09,-85.6,2
2016-07-25_20:50:40.00,240.0,-79.33,-84.86,1
2016-07-25_20:50:40.00,242.0,-84.85,-84.65,2
2016-07-25_20:50:40.00,244.0,-88.04,-86.05,2
2016-07-25_20:50:40.00,246.0,-86.16,-86.84,2
2016-07-25_20:50:40.00,248.0,-83.33,-87.19,1
2016-07-25_20:50:40.00,250.0,-90.66,-87.09,3
2016-07-25_20:50:40.00,252.0,-84.29,-87.47,1
2016-07-25_20:50:40.00,254.0,-83.74,-86.93,1
2016-07-25_20:50:40.00,256.0,-86.85,-83.71,3
2016-07-25_20:50:40.00,258.0,-88.38,-87.34,2
2016-07-25_20:50:40.00,260.0,-85.54,-83.98,2
2016-07-25_20:50:40.00,262.0,-84.02,-86.84,2
2016-07-25_20:50:40.00,264.0,-87.09,-94.24,1
2016-07-25_20:50:40.00,266.0,-81.21,-90.49,1
2016-07-25_20:50:40.00,268.0,-86.27,-95.33,1
2016-07-25_20:50:40.00,270.0,-85.08,-93.83,1
2016-07-25_20:50:40.00,272.0,-91.47,-99.17,1
2016-07-25_20:50:40.00,274.0,-95.31,-97.09,2
2016-07-25_20:50:40.00,276.0,-97.3,-93.04,3
2016-07-25_20:50:40.00,278.0,-89.34,-85.74,3
2016-07-25_20:50:40.00,280.0,-84.11,-89.89,1
2016-07-25_20:50:40.00,282.0,-93.13,-90.05,3
2016-07-25_20:50:40.00,284.0,-93.39,-85.92,3
2016-07-25_20:50:40.00,286.0,-90.49,-91.13,2
2016-07-25_20:50:40.00,288.0,-87.54,-87.95,2
2016-07-25_20:50:40.00,290.0,-86.63,-83.39,3
2016-07-25_20:50:40.00,292.0,-87.41,-84.2,3
2016-07-25_20:50:40.00,294.0,-82.71,-80.44,2
2016-07-25_20:50:50.00,222.0,-84.09,-84.94,2
2016-07-25_20:50:50.00,224.0,-88.84,-88.49,2
2016-07-25_20:50:50.00,226.0,-86.93,-88.84,2
2016-07-25_20:50:50.00,228.0,-84.81,-84.75,2
2016-07-25_20:50:50.00,230.0,-83.33,-90.67,1
2016-07-25_20:50:50.00,232.0,-86.73,-85.99,2
2016-07-25_20:50:50.00,234.0,-78.46,-87.29,1
2016-07-25_20:50:50.00,236.0,-82.3,-93.02,1
2016-07-25_20:50:50.00,238.0,-85.13,-88.11,2
2016-07-25_20:50:50.00,240.0,-83.97,-87.54,1
2016-07-25_20:50:50.00,242.0,-87.88,-87.57,2
2016-07-25_20:50:50.00,244.0,-81.4,-86.81,1
2016-07-25_20:50:50.00,246.0,-77.2,-85.8,1
2016-07-25_20:50:50.00,248.0,-86.59,-93.5,1
2016-07-25_20:50:50.00,250.0,-90.76,-88.7,2
2016-07-25_20:50:50.00,252.0,-82.86,-82.59,2
2016-07-25_20:50:50.00,254.0,-86.39,-87.19,2
2016-07-25_20:50:50.00,256.0,-84.98,-88.09,1
2016-07-25_20:50:50.00,258.0,-89.06,-83.19,3
2016-07-25_20:50:50.00,260.0,-87.61,-86.34,2
2016-07-25_20:50:50.00,262.0,-92.65,-96.43,1
2016-07-25_20:50:50.00,264.0,-88.92,-92.54,1
2016-07-25_20:50:50.00,266.0,-90.4,-91.02,2
2016-07-25_20:50:50.00,268.0,-83.99,-89.65,1
2016-07-25_20:50:50.00,270.0,-86.28,-90.62,1
2016-07-25_20:50:50.00,272.0,-90.98,-94.05,1
2016-07-25_20:51:00.00,222.0,-85.64,-88.7,1
2016-07-25_20:51:00.00,224.0,-80.43,-90.74,1
2016-07-25_20:51:00.00,226.0,-93.16,-93.83,2
2016-07-25_20:51:00.00,228.0,-98.21,-92.29,3
2016-07-25_20:51:00.00,230.0,-94.82,-99.49,1
2016-07-25_20:51:00.00,232.0,-95.28,-104.68,1
2016-07-25_20:51:00.00,234.0,-88.78,-88.23,2
2016-07-25_20:51:00.00,236.0,-94.15,-91.39,2
2016-07-25_20:51:00.00,238.0,-87.04,-90.56,1
2016-07-25_20:51:00.00,240.0,-87.9,-85.1,2
2016-07-25_20:51:00.00,242.0,-84.53,-84.25,2
2016-07-25_20:51:00.00,244.0,-96.41,-82.86,3
2016-07-25_20:51:00.00,246.0,-87.53,-86.45,2
2016-07-25_20:51:00.00,248.0,-84.88,-88.39,1
2016-07-25_20:51:00.00,250.0,-86.6,-89.19,2
2016-07-25_20:51:00.00,252.0,-85.97,-80.84,3
2016-07-25_20:51:00.00,254.0,-86.06,-85.16,2
2016-07-25_20:51:00.00,256.0,-85.48,-86.13,2
2016-07-25_20:51:00.00,258.0,-81.69,-88.59,1
2016-07-25_20:51:00.00,260.0,-88.74,-85.6,3
2016-07-25_20:51:00.00,262.0,-87.39,-82.99,3
2016-07-25_20:51:00.00,264.0,-89.72,-99.94,1
2016-07-25_20:51:00.00,266.0,-84.42,-84.78,2
2016-07-25_20:51:00.00,268.0,-87.74,-87.01,2
2016-07-25_20:51:00.00,270.0,-87.36,-93.49,1
2016-07-25_20:51:00.00,272.0,-89.78,-97.41,1
2016-07-25_20:51:10.00,222.0,-96.98,-98.31,2
2016-07-25_20:51:10.00,224.0,-90.65,-92.27,2
2016-07-25_20:51:10.00,226.0,-78.14,-85.21,1
2016-07-25_20:51:10.00,228.0,-83.17,-92.08,1
2016-07-25_20:51:10.00,230.0,-86.16,-94.87,1
2016-07-25_20:51:10.00,232.0,-82.32,-98.27,1
2016-07-25_20:51:10.00,234.0,-90.46,-97.83,1
2016-07-25_20:51:10.00,236.0,-88.8,-94.04,1
2016-07-25_20:51:10.00,238.0,-80.66,-87.87,1
2016-07-25_20:51:10.00,240.0,-82.29,-87.69,1
2016-07-25_20:51:10.00,242.0,-94.46,-97.11,2
2016-07-25_20:51:10.00,244.0,-85.31,-90.55,1
2016-07-25_20:51:10.00,246.0,-88.32,-83.8,3
2016-07-25_20:51:10.00,248.0,-89.55,-88.41,2
2016-07-25_20:51:10.00,250.0,-85.68,-83.4,2
2016-07-25_20:51:10.00,252.0,-85.1,-83.61,2
2016-07-25_20:51:10.00,254.0,-83.61,-82.25,2
2016-07-25_20:51:10.00,256.0,-83.62,-87.15,1
2016-07-25_20:51:10.00,258.0,-90.03,-82.56,3
2016-07-25_20:51:10.00,260.0,-92.51,-89.84,2
2016-07-25_20:51:10.00,262.0,-89.82,-84.4,3
2016-07-25_20:51:10.00,264.0,-85.72,-84.0,2
2016-07-25_20:51:10.00,266.0,-96.31,-91.14,3
2016-07-25_20:51:10.00,268.0,-93.87,-93.58,2
2016-07-25_20:51:10.00,270.0,-86.45,-100.57,1
2016-07-25_20:51:10.00,272.0,-87.66,-89.21,2
2016-07-25_20:51:20.00,188.0,-92.03,-93.42,2
2016-07-25_20:51:20.00,190.0,-95.46,-100.52,1
2016-07-25_20:51:20.00,192.0,-87.44,-86.78,2
2016-07-25_20:51:20.00,194.0,-78.64,-86.52,1
2016-07-25_20:51:20.00,196.0,-81.28,-87.66,1
2016-07-25_20:51:20.00,198.0,-90.54,-99.3,1
2016-07-25_20:51:20.00,200.0,-89.27,-89.75,2
2016-07-25_20:51:20.00,202.0,-86.87,-89.56,2
2016-07-25_20:51:20.00,204.0,-83.58,-96.46,1
2016-07-25_20:51:20.00,206.0,-82.66,-89.34,1
2016-07-25_20:51:20.00,208.0,-99.25,-90.15,3
2016-07-25_20:51:20.00,210.0,-94.46,-103.71,1
2016-07-25_20:51:20.00,212.0,-83.88,-91.89,1
2016-07-25_20:51:20.00,214.0,-100.32,-99.06,2
2016-07-25_20:51:20.00,216.0,-98.26,-100.03,2
2016-07-25_20:51:20.00,218.0,-94.51,-91.82,2
2016-07-25_20:51:20.00,220.0,-99.11,-97.42,2
2016-07-25_20:51:20.00,222.0,-84.75,-98.86,1
2016-07-25_20:51:20.00,224.0,-86.77,-91.48,1
2016-07-25_20:51:30.00,188.0,-96.48,-88.42,3
2016-07-25_20:51:30.00,190.0,-101.63,-92.79,3
2016-07-25_20:51:30.00,192.0,-85.07,-86.63,2
2016-07-25_20:51:30.00,194.0,-99.61,-97.89,2
2016-07-25_20:51:30.00,196.0,-86.26,-92.4,1
2016-07-25_20:51:30.00,198.0,-92.78,-105.6,1
2016-07-25_20:51:30.00,200.0,-103.17,-112.51,1
2016-07-25_20:51:30.00,202.0,-97.1,-109.2,1
2016-07-25_20:51:30.00,204.0,-83.31,-105.64,1
2016-07-25_20:51:30.00,206.0,-91.92,-101.49,1
2016-07-25_20:51:30.00,208.0,-94.87,-93.36,2
2016-07-25_20:51:30.00,210.0,-98.12,-105.82,1
2016-07-25_20:51:30.00,212.0,-88.71,-110.85,1
2016-07-25_20:51:30.00,214.0,-86.23,-96.35,1
2016-07-25_20:51:30.00,216.0,-84.6,-85.95,2
2016-07-25_20:51:30.00,218.0,-93.44,-101.14,1
2016-07-25_20:51:30.00,220.0,-99.79,-109.3,1
2016-07-25_20:51:30.00,222.0,-80.44,-89.94,1
2016-07-25_20:51:30.00,224.0,-100.37,-101.26,2
2016-07-25_20:51:40.00,184.0,-93.69,-92.38,2
2016-07-25_20:51:40.00,186.0,-97.21,-94.63,2
2016-07-25_20:51:40.00,188.0,-80.33,-93.26,1
2016-07-25_20:51:40.00,190.0,-80.63,-84.62,1
2016-07-25_20:51:40.00,192.0,-95.99,-112.28,1
2016-07-25_20:51:40.00,194.0,-78.06,-87.34,1
2016-07-25_20:51:40.00,196.0,-81.96,-95.54,1
2016-07-25_20:51:40.00,198.0,-94.66,-110.69,1
2016-07-25_20:51:40.00,200.0,-101.69,-105.65,1
2016-07-25_20:51:40.00,202.0,-95.2,-100.39,1
2016-07-25_20:51:40.00,204.0,-86.73,-92.14,1
2016-07-25_20:51:40.00,206.0,-93.81,-85.32,3
2016-07-25_20:51:40.00,208.0,-99.35,-104.6,1
2016-07-25_20:51:40.00,210.0,-94.19,-92.81,2
2016-07-25_20:51:40.00,212.0,-103.5,-110.12,1
2016-07-25_20:51:40.00,214.0,-93.19,-107.61,1
2016-07-25_20:51:40.00,216.0,-92.76,-91.34,2
2016-07-25_20:51:40.00,218.0,-90.29,-88.84,2
2016-07-25_20:51:40.00,220.0,-101.57,-99.89,2
2016-07-25_20:51:50.00,182.0,-101.6,-101.45,2
2016-07-25_20:51:50.00,184.0,-98.79,-96.1,2
2016-07-25_20:51:50.00,186.0,-98.66,-94.08,3
2016-07-25_20:51:50.00,188.0,-93.24,-99.88,1
2016-07-25_20:51:50.00,190.0,-98.77,-89.82,3
2016-07-25_20:51:50.00,192.0,-85.69,-90.06,1
2016-07-25_20:51:50.00,194.0,-74.79,-89.21,1
2016-07-25_20:51:50.00,196.0,-76.06,-86.5,1
2016-07-25_20:51:50.00,198.0,-87.22,-91.43,1
2016-07-25_20:51:50.00,200.0,-91.5,-89.75,2
2016-07-25_20:51:50.00,202.0,-82.5,-84.9,2
2016-07-25_20:51:50.00,204.0,-86.53,-96.67,1
2016-07-25_20:51:50.00,206.0,-82.37,-95.12,1
2016-07-25_20:51:50.00,208.0,-93.52,-88.62,3
2016-07-25_20:51:50.00,210.0,-82.0,-89.95,1
2016-07-25_20:51:50.00,212.0,-81.84,-103.57,1
2016-07-25_20:51:50.00,214.0,-104.34,-107.24,2
2016-07-25_20:51:50.00,216.0,-102.37,-105.01,2
2016-07-25_20:51:50.00,218.0,-97.11,-106.73,1
2016-07-25_20:52:00.00,184.0,-97.5,-97.09,2
2016-07-25_20:52:00.00,186.0,-95.68,-95.53,2
2016-07-25_20:52:00.00,188.0,-87.11,-89.19,2
2016-07-25_20:52:00.00,190.0,-87.93,-91.39,1
2016-07-25_20:52:00.00,192.0,-86.78,-102.58,1
2016-07-25_20:52:00.00,194.0,-83.91,-102.3,1
2016-07-25_20:52:00.00,196.0,-85.68,-85.38,2
2016-07-25_20:52:00.00,198.0,-99.52,-99.78,2
2016-07-25_20:52:00.00,200.0,-84.71,-92.32,1
2016-07-25_20:52:00.00,202.0,-89.37,-93.64,1
2016-07-25_20:52:00.00,204.0,-87.19,-91.71,1
2016-07-25_20:52:00.00,206.0,-87.29,-105.08,1
2016-07-25_20:52:00.00,208.0,-84.6,-91.63,1
2016-07-25_20:52:00.00,210.0,-95.29,-96.73,2
2016-07-25_20:52:00.00,212.0,-87.51,-100.98,1
2016-07-25_20:52:00.00,214.0,-85.18,-102.0,1
2016-07-25_20:52:00.00,216.0,-91.19,-95.72,1
2016-07-25_20:52:00.00,218.0,-92.02,-97.35,1
2016-07-25_20:52:10.00,184.0,-102.79,-102.17,2
2016-07-25_20:52:10.00,186.0,-86.65,-87.98,2
2016-07-25_20:52:10.00,188.0,-93.19,-95.44,2
2016-07-25_20:52:10.00,190.0,-93.59,-89.36,3
2016-07-25_20:52:10.00,192.0,-78.37,-87.15,1
2016-07-25_20:52:10.00,194.0,-72.22,-79.7,1
2016-07-25_20:52:10.00,196.0,-88.95,-89.84,2
2016-07-25_20:52:10.00,198.0,-76.23,-84.33,1
2016-07-25_20:52:10.00,200.0,-90.37,-105.87,1
2016-07-25_20:52:10.00,202.0,-101.25,-106.36,1
2016-07-25_20:52:10.00,204.0,-83.44,-97.82,1
2016-07-25_20:52:10.00,206.0,-81.07,-91.48,1
2016-07-25_20:52:10.00,208.0,-77.08,-87.47,1
2016-07-25_20:52:10.00,210.0,-93.83,-90.4,3
2016-07-25_20:52:10.00,212.0,-94.08,-106.33,1
2016-07-25_20:52:10.00,214.0,-81.07,-94.97,1
2016-07-25_20:52:10.00,216.0,-94.76,-87.99,3
2016-07-25_20:52:10.00,218.0,-82.79,-92.02,1
2016-07-25_20:52:20.00,184.0,-99.24,-90.08,3
2016-07-25_20:52:20.00,186.0,-96.32,-92.57,3
2016-07-25_20:52:20.00,188.0,-97.34,-106.28,1
2016-07-25_20:52:20.00,190.0,-95.75,-85.25,3
2016-07-25_20:52:20.00,192.0,-81.78,-82.97,2
2016-07-25_20:52:20.00,194.0,-81.28,-95.61,1
2016-07-25_20:52:20.00,196.0,-81.88,-95.59,1
2016-07-25_20:52:20.00,198.0,-95.24,-96.81,2
2016-07-25_20:52:20.00,200.0,-90.91,-97.14,1
2016-07-25_20:52:20.00,202.0,-97.5,-97.84,2
2016-07-25_20:52:20.00,204.0,-78.23,-88.31,1
2016-07-25_20:52:20.00,206.0,-88.73,-90.25,2
2016-07-25_20:52:20.00,208.0,-85.4,-88.82,1
2016-07-25_20:52:20.00,210.0,-99.74,-94.31,3
2016-07-25_20:52:20.00,212.0,-97.63,-109.85,1
2016-07-25_20:52:20.00,214.0,-92.27,-110.42,1
2016-07-25_20:52:20.00,216.0,-84.85,-93.44,1
2016-07-25_20:52:30.00,192.0,-90.82,-85.47,3
2016-07-25_20:52:30.00,194.0,-87.89,-103.8,1
2016-07-25_20:52:30.00,196.0,-85.92,-94.52,1
2016-07-25_20:52:30.00,198.0,-82.98,-96.31,1
2016-07-25_20:52:30.00,200.0,-97.18,-107.32,1
2016-07-25_20:52:30.00,202.0,-97.22,-91.15,3
2016-07-25_20:52:30.00,204.0,-92.77,-86.13,3
2016-07-25_20:52:30.00,206.0,-94.54,-91.33,3
2016-07-25_20:52:30.00,208.0,-93.5,-87.92,3
2016-07-25_20:52:30.00,210.0,-80.19,-93.37,1
2016-07-25_20:52:30.00,212.0,-79.06,-88.52,1
2016-07-25_20:52:30.00,214.0,-83.82,-107.04,1
2016-07-25_20:52:30.00,216.0,-82.93,-92.49,1
2016-07-25_20:52:30.00,218.0,-92.9,-95.63,2
2016-07-25_20:52:30.00,220.0,-97.78,-90.08,3
2016-07-25_20:52:30.00,222.0,-92.24,-85.48,3
2016-07-25_20:52:30.00,224.0,-88.51,-90.52,2
2016-07-25_20:52:40.00,202.0,-77.47,-84.92,1
2016-07-25_20:52:40.00,204.0,-80.19,-93.28,1
2016-07-25_20:52:40.00,206.0,-83.76,-90.64,1
2016-07-25_20:52:40.00,208.0,-85.6,-93.56,1
2016-07-25_20:52:40.00,210.0,-83.93,-87.41,1
2016-07-25_20:52:40.00,212.0,-88.8,-93.63,1
2016-07-25_20:52:40.00,214.0,-90.45,-96.72,1
2016-07-25_20:52:40.00,216.0,-88.96,-102.79,1
2016-07-25_20:52:40.00,218.0,-93.89,-95.86,2
2016-07-25_20:52:40.00,220.0,-83.76,-89.67,1
2016-07-25_20:52:40.00,222.0,-80.33,-88.27,1
2016-07-25_20:52:40.00,224.0,-82.28,-90.62,1
2016-07-25_20:52:40.00,226.0,-94.25,-99.37,1
2016-07-25_20:52:40.00,228.0,-87.45,-95.76,1
2016-07-25_20:52:40.00,230.0,-83.67,-85.99,2
2016-07-25_20:52:40.00,232.0,-81.15,-85.74,1
2016-07-25_20:52:40.00,234.0,-88.0,-84.53,3
2016-07-25_20:52:40.00,236.0,-85.07,-84.32,2
2016-07-25_20:52:50.00,222.0,-96.11,-105.88,1
2016-07-25_20:52:50.00,224.0,-85.82,-88.17,2
2016-07-25_20:52:50.00,226.0,-79.3,-89.61,1
2016-07-25_20:52:50.00,228.0,-88.0,-88.6,2
2016-07-25_20:52:50.00,230.0,-82.28,-93.94,1
2016-07-25_20:52:50.00,232.0,-85.21,-98.29,1
2016-07-25_20:52:50.00,234.0,-82.31,-86.9,1
2016-07-25_20:52:50.00,236.0,-81.77,-90.2,1
2016-07-25_20:52:50.00,238.0,-82.39,-92.01,1
2016-07-25_20:52:50.00,240.0,-89.41,-88.06,2
2016-07-25_20:52:50.00,242.0,-83.48,-82.25,2
2016-07-25_20:52:50.00,244.0,-89.19,-85.67,3
2016-07-25_20:52:50.00,246.0,-90.9,-90.9,2
2016-07-25_20:52:50.00,248.0,-86.95,-83.63,3
2016-07-25_20:52:50.00,250.0,-87.58,-83.3,3
2016-07-25_20:52:50.00,252.0,-81.37,-84.04,2
2016-07-25_20:52:50.00,254.0,-88.58,-82.62,3
2016-07-25_20:52:50.00,256.0,-85.74,-80.69,3
2016-07-25_20:53:00.00,248.0,-86.39,-88.95,2
2016-07-25_20:53:00.00,250.0,-89.38,-88.98,2
2016-07-25_20:53:00.00,252.0,-90.4,-90.33,2
2016-07-25_20:53:00.00,254.0,-87.41,-85.12,2
2016-07-25_20:53:00.00,256.0,-85.28,-85.08,2
2016-07-25_20:53:00.00,258.0,-80.97,-80.38,2
2016-07-25_20:53:00.00,260.0,-82.0,-84.6,2
2016-07-25_20:53:00.00,262.0,-82.56,-87.41,1
2016-07-25_20:53:00.00,264.0,-83.67,-89.4,1
2016-07-25_20:53:00.00,266.0,-87.81,-90.54,2
2016-07-25_20:53:00.00,268.0,-96.83,-99.06,2
2016-07-25_20:53:00.00,270.0,-90.13,-96.28,1
2016-07-25_20:53:00.00,272.0,-82.72,-86.46,1
2016-07-25_20:53:00.00,274.0,-88.49,-88.08,2
2016-07-25_20:53:00.00,276.0,-86.25,-81.0,3
2016-07-25_20:53:00.00,278.0,-85.69,-94.77,1
2016-07-25_20:53:00.00,280.0,-89.54,-94.67,1
2016-07-25_20:53:00.00,282.0,-80.6,-90.43,1
2016-07-25_20:53:10.00,296.0,-91.55,-92.64,2
2016-07-25_20:53:10.00,298.0,-96.76,-87.36,3
2016-07-25_20:53:10.00,300.0,-96.97,-97.32,2
2016-07-25_20:53:10.00,302.0,-85.69,-87.69,2
2016-07-25_20:53:10.00,304.0,-96.54,-86.54,3
2016-07-25_20:53:10.00,306.0,-87.58,-85.94,2
2016-07-25_20:53:10.00,308.0,-87.68,-84.21,3
2016-07-25_20:53:10.00,310.0,-82.95,-81.18,2
2016-07-25_20:53:10.00,312.0,-78.18,-80.26,2
2016-07-25_20:53:10.00,314.0,-92.1,-81.5,3
2016-07-25_20:53:10.00,316.0,-82.18,-76.2,3
2016-07-25_20:53:10.00,318.0,-81.05,-78.8,2
2016-07-25_20:53:10.00,320.0,-84.94,-72.83,3
2016-07-25_20:53:10.00,322.0,-80.89,-74.22,3
2016-07-25_20:53:10.00,324.0,-80.2,-74.05,3
2016-07-25_20:53:10.00,326.0,-79.69,-77.79,2
2016-07-25_20:53:10.00,328.0,-79.64,-82.11,2
2016-07-25_20:53:10.00,330.0,-77.92,-75.42,2
2016-07-25_20:53:10.00,332.0,-74.76,-74.17,2
2016-07-25_20:53:20.00,344.0,-73.92,-80.55,1
2016-07-25_20:53:20.00,346.0,-72.69,-77.58,1
2016-07-25_20:53:20.00,348.0,-76.13,-75.44,2
2016-07-25_20:53:20.00,350.0,-75.56,-79.32,1
2016-07-25_20:53:20.00,352.0,-74.49,-78.07,1
2016-07-25_20:53:20.00,354.0,-71.71,-78.47,1
2016-07-25_20:53:20.00,356.0,-75.62,-76.4,2
2016-07-25_20:53:20.00,358.0,-71.04,-78.62,1
2016-07-25_20:53:20.00,360.0,-68.75,-75.67,1
2016-07-25_20:53:20.00,362.0,-69.32,-74.51,1
2016-07-25_20:53:20.00,364.0,-71.55,-74.21,2
2016-07-25_20:53:20.00,366.0,-72.16,-77.93,1
2016-07-25_20:53:20.00,368.0,-69.59,-76.64,1
2016-07-25_20:53:20.00,370.0,-70.33,-77.33,1
2016-07-25_20:53:20.00,372.0,-71.61,-73.15,2
2016-07-25_20:53:20.00,374.0,-71.27,-69.4,2
2016-07-25_20:53:20.00,376.0,-72.05,-69.12,2
2016-07-25_20:53:20.00,378.0,-68.54,-68.67,2
2016-07-25_20:53:20.00,380.0,-72.03,-73.0,2
2016-07-25_20:53:30.00,394.0,-71.15,-75.23,1
2016-07-25_20:53:30.00,396.0,-70.51,-74.14,1
2016-07-25_20:53:30.00,398.0,-64.47,-70.8,1
2016-07-25_20:53:30.00,400.0,-66.94,-80.1,1
2016-07-25_20:53:30.00,402.0,-70.6,-79.14,1
2016-07-25_20:53:30.00,404.0,-69.6,-73.31,1
2016-07-25_20:53:30.00,406.0,-75.49,-74.17,2
2016-07-25_20:53:30.00,408.0,-70.27,-73.12,2
2016-07-25_20:53:30.00,410.0,-67.69,-74.8,1
2016-07-25_20:53:30.00,412.0,-68.81,-75.79,1
2016-07-25_20:53:30.00,414.0,-73.97,-77.02,1
2016-07-25_20:53:30.00,416.0,-72.68,-75.07,2
2016-07-25_20:53:30.00,418.0,-71.22,-81.15,1
2016-07-25_20:53:30.00,420.0,-72.54,-75.79,1
2016-07-25_20:53:30.00,422.0,-73.18,-76.69,1
2016-07-25_20:53:30.00,424.0,-70.99,-73.06,2
2016-07-25_20:53:30.00,426.0,-72.59,-75.55,2
2016-07-25_20:53:30.00,428.0,-65.91,-74.46,1
2016-07-25_20:53:30.00,430.0,-69.41,-75.42,1
2016-07-25_20:53:30.00,432.0,-72.07,-78.18,1
2016-07-25_20:53:40.00,456.0,-69.34,-75.13,1
2016-07-25_20:53:40.00,458.0,-67.59,-75.21,1
2016-07-25_20:53:40.00,460.0,-72.55,-72.68,2
2016-07-25_20:53:40.00,462.0,-69.95,-70.38,2
2016-07-25_20:53:40.00,464.0,-67.73,-74.56,1
2016-07-25_20:53:40.00,466.0,-68.29,-73.28,1
2016-07-25_20:53:40.00,468.0,-68.95,-69.2,2
2016-07-25_20:53:40.00,470.0,-71.91,-73.11,2
2016-07-25_20:53:40.00,472.0,-66.6,-69.39,2
2016-07-25_20:53:40.00,474.0,-71.32,-78.56,1
2016-07-25_20:53:40.00,476.0,-70.49,-70.21,2
2016-07-25_20:53:40.00,478.0,-75.74,-72.87,2
2016-07-25_20:53:40.00,480.0,-70.63,-69.78,2
2016-07-25_20:53:40.00,482.0,-71.52,-71.29,2
2016-07-25_20:53:40.00,484.0,-73.55,-77.81,1
2016-07-25_20:53:40.00,486.0,-78.17,-76.01,2
2016-07-25_20:53:40.00,488.0,-75.19,-72.87,2
2016-07-25_20:53:40.00,490.0,-70.63,-75.49,1
2016-07-25_20:53:40.00,492.0,-73.22,-67.97,3
2016-07-25_20:53:40.00,494.0,-72.06,-70.98,2
2016-07-25_20:53:50.00,512.0,-76.52,-70.71,3
2016-07-25_20:53:50.00,514.0,-80.0,-67.6,3
2016-07-25_20:53:50.00,516.0,-80.37,-70.92,3
2016-07-25_20:53:50.00,518.0,-80.89,-72.28,3
2016-07-25_20:53:50.00,520.0,-78.07,-71.86,3
2016-07-25_20:53:50.00,522.0,-76.3,-71.07,3
2016-07-25_20:53:50.00,524.0,-77.89,-72.67,3
2016-07-25_20:53:50.00,526.0,-81.89,-72.57,3
2016-07-25_20:53:50.00,528.0,-80.97,-71.07,3
2016-07-25_20:53:50.00,530.0,-77.25,-69.16,3
2016-07-25_20:53:50.00,532.0,-74.33,-72.37,2
2016-07-25_20:53:50.00,534.0,-81.07,-72.55,3
2016-07-25_20:53:50.00,536.0,-78.35,-73.45,3
2016-07-25_20:53:50.00,538.0,-76.22,-74.17,2
2016-07-25_20:53:50.00,540.0,-81.53,-71.38,3
2016-07-25_20:53:50.00,542.0,-77.63,-68.44,3
2016-07-25_20:53:50.00,544.0,-78.39,-69.97,3
2016-07-25_20:53:50.00,546.0,-86.2,-70.45,3
2016-07-25_20:53:50.00,548.0,-79.36,-71.52,3
2016-07-25_20:53:50.00,550.0,-76.25,-64.02,3
2016-07-25_20:53:50.00,552.0,-76.2,-67.83,3
2016-07-25_20:54:00.00,568.0,-73.89,-69.39,3
2016-07-25_20:54:00.00,570.0,-76.63,-69.71,3
2016-07-25_20:54:00.00,572.0,-75.22,-69.06,3
2016-07-25_20:54:00.00,574.0,-78.9,-71.23,3
2016-07-25_20:54:00.00,576.0,-78.6,-75.94,2
2016-07-25_20:54:00.00,578.0,-77.82,-72.33,3
2016-07-25_20:54:00.00,580.0,-79.72,-70.35,3
2016-07-25_20:54:00.00,582.0,-76.14,-74.6,2
2016-07-25_20:54:00.00,584.0,-76.04,-75.44,2
2016-07-25_20:54:00.00,586.0,-77.71,-74.83,2
2016-07-25_20:54:00.00,588.0,-77.15,-72.56,3
2016-07-25_20:54:00.00,590.0,-78.4,-71.8,3
2016-07-25_20:54:00.00,592.0,-74.12,-73.89,2
2016-07-25_20:54:00.00,594.0,-78.72,-77.01,2
2016-07-25_20:54:00.00,596.0,-78.92,-74.74,3
2016-07-25_20:54:00.00,598.0,-77.26,-76.09,2
2016-07-25_20:54:00.00,600.0,-80.5,-76.96,3
2016-07-25_20:54:00.00,602.0,-78.02,-74.95,3
2016-07-25_20:54:00.00,604.0,-79.07,-74.57,3
2016-07-25_20:54:00.00,606.0,-79.02,-75.15,3
2016-07-25_20:54:00.00,608.0,-79.49,-79.19,2
2016-07-25_20:54:00.00,610.0,-80.45,-74.28,3
2016-07-25_20:54:00.00,612.0,-78.31,-79.07,2
2016-07-25_20:54:10.00,628.0,-77.02,-73.73,3
2016-07-25_20:54:10.00,630.0,-86.93,-71.27,3
2016-07-25_20:54:10.00,632.0,-80.79,-76.35,3
2016-07-25_20:54:10.00,634.0,-77.53,-76.61,2
2016-07-25_20:54:10.00,636.0,-79.42,-78.57,2
2016-07-25_20:54:10.00,638.0,-81.35,-78.29,3
2016-07-25_20:54:10.00,640.0,-79.93,-76.32,3
2016-07-25_20:54:10.00,642.0,-78.56,-75.73,2
2016-07-25_20:54:10.00,644.0,-71.55,-79.17,1
2016-07-25_20:54:10.00,646.0,-72.34,-76.94,1
2016-07-25_20:54:10.00,648.0,-72.18,-83.71,1
2016-07-25_20:54:10.00,650.0,-68.86,-75.24,1
2016-07-25_20:54:10.00,652.0,-75.14,-76.96,2
2016-07-25_20:54:10.00,654.0,-74.18,-85.01,1
2016-07-25_20:54:10.00,656.0,-74.53,-77.16,2
2016-07-25_20:54:10.00,658.0,-78.5,-79.81,2
2016-07-25_20:54:10.00,660.0,-75.42,-77.52,2
2016-07-25_20:54:10.00,662.0,-81.34,-80.32,2
2016-07-25_20:54:10.00,664.0,-76.63,-77.81,2
2016-07-25_20:54:10.00,666.0,-76.41,-77.46,2
2016-07-25_20:54:10.00,668.0,-75.09,-79.84,1
2016-07-25_20:54:10.00,670.0,-75.45,-80.06,1
2016-07-25_20:54:10.00,672.0,-76.15,-78.86,2
2016-07-25_20:54:10.00,674.0,-82.27,-75.95,3
2016-07-25_20:54:20.00,676.0,-83.79,-77.88,3
2016-07-25_20:54:20.00,678.0,-85.68,-75.44,3
2016-07-25_20:54:20.00,680.0,-82.59,-83.11,2
2016-07-25_20:54:20.00,682.0,-84.35,-79.05,3
2016-07-25_20:54:20.00,684.0,-83.2,-78.58,3
2016-07-25_20:54:20.00,686.0,-79.65,-80.97,2
2016-07-25_20:54:20.00,688.0,-84.58,-86.24,2
2016-07-25_20:54:20.00,690.0,-79.46,-87.63,1
2016-07-25_20:54:20.00,692.0,-81.55,-82.35,2
2016-07-25_20:54:20.00,694.0,-79.61,-83.09,1
2016-07-25_20:54:20.00,696.0,-84.19,-85.52,2
2016-07-25_20:54:20.00,698.0,-81.58,-87.13,1
2016-07-25_20:54:20.00,700.0,-80.84,-79.46,2
2016-07-25_20:54:20.00,702.0,-85.31,-79.95,3
2016-07-25_20:54:20.00,704.0,-82.82,-79.6,3
2016-07-25_20:54:20.00,706.0,-80.47,-80.47,2
2016-07-25_20:54:20.00,708.0,-80.95,-84.22,1
2016-07-25_20:54:20.00,710.0,-83.57,-82.21,2
2016-07-25_20:54:20.00,712.0,-82.07,-76.04,3
2016-07-25_20:54:20.00,714.0,-84.0,-83.89,2
2016-07-25_20:54:20.00,716.0,-84.75,-88.15,1
2016-07-25_20:54:20.00,718.0,-84.58,-89.49,1
2016-07-25_20:54:20.00,720.0,-83.63,-84.41,2
2016-07-25_20:54:20.00,722.0,-82.6,-85.12,2
2016-07-25_20:54:30.00,700.0,-82.98,-81.92,2
2016-07-25_20:54:30.00,702.0,-81.23,-83.76,2
2016-07-25_20:54:30.00,704.0,-80.56,-81.99,2
2016-07-25_20:54:30.00,706.0,-80.3,-81.11,2
2016-07-25_20:54:30.00,708.0,-85.4,-80.08,3
2016-07-25_20:54:30.00,710.0,-83.28,-80.95,2
2016-07-25_20:54:30.00,712.0,-85.64,-84.8,2
2016-07-25_20:54:30.00,714.0,-84.59,-83.2,2
2016-07-25_20:54:30.00,716.0,-81.96,-82.12,2
2016-07-25_20:54:30.00,718.0,-85.64,-88.39,2
2016-07-25_20:54:30.00,720.0,-82.73,-84.4,2
2016-07-25_20:54:30.00,722.0,-83.87,-83.09,2
2016-07-25_20:54:30.00,724.0,-81.6,-83.31,2
2016-07-25_20:54:30.00,726.0,-78.24,-86.01,1
2016-07-25_20:54:30.00,728.0,-82.74,-82.36,2
2016-07-25_20:54:30.00,730.0,-77.94,-82.68,1
2016-07-25_20:54:30.00,732.0,-77.2,-80.21,1
2016-07-25_20:54:30.00,734.0,-75.85,-80.99,1
2016-07-25_20:54:30.00,736.0,-77.81,-83.62,1
2016-07-25_20:54:30.00,738.0,-78.87,-81.71,2
2016-07-25_20:54:30.00,740.0,-72.74,-76.97,1
2016-07-25_20:54:30.00,742.0,-73.06,-86.22,1
2016-07-25_20:54:30.00,744.0,-75.65,-85.45,1
2016-07-25_20:54:30.00,746.0,-78.47,-81.08,2
2016-07-25_20:54:40.00,822.0,-79.47,-83.41,1
2016-07-25_20:54:40.00,824.0,-82.63,-86.39,1
2016-07-25_20:54:40.00,826.0,-79.48,-84.99,1
2016-07-25_20:54:40.00,828.0,-78.88,-86.76,1
2016-07-25_20:54:40.00,830.0,-78.78,-85.53,1
2016-07-25_20:54:40.00,832.0,-81.64,-84.29,2
2016-07-25_20:54:40.00,834.0,-76.5,-86.88,1
2016-07-25_20:54:40.00,836.0,-75.58,-80.59,1
2016-07-25_20:54:40.00,838.0,-78.23,-80.63,2
2016-07-25_20:54:40.00,840.0,-78.37,-85.59,1
2016-07-25_20:54:40.00,842.0,-80.66,-84.21,1
2016-07-25_20:54:40.00,844.0,-79.15,-81.8,2
2016-07-25_20:54:40.00,846.0,-78.57,-87.66,1
2016-07-25_20:54:40.00,848.0,-81.83,-85.25,1
2016-07-25_20:54:40.00,850.0,-77.67,-85.57,1
2016-07-25_20:54:40.00,852.0,-80.61,-87.33,1
2016-07-25_20:54:40.00,854.0,-77.24,-88.32,1
2016-07-25_20:54:40.00,856.0,-80.29,-85.84,1
2016-07-25_20:54:40.00,858.0,-81.04,-85.34,1
2016-07-25_20:54:40.00,860.0,-80.58,-86.43,1
2016-07-25_20:54:40.00,862.0,-80.67,-86.33,1
2016-07-25_20:54:40.00,864.0,-77.3,-86.56,1
2016-07-25_20:54:50.00,826.0,-82.05,-84.74,2
2016-07-25_20:54:50.00,828.0,-75.98,-86.72,1
2016-07-25_20:54:50.00,830.0,-79.46,-86.1,1
2016-07-25_20:54:50.00,832.0,-80.75,-85.02,1
2016-07-25_20:54:50.00,834.0,-77.31,-84.73,1
2016-07-25_20:54:50.00,836.0,-79.09,-85.44,1
2016-07-25_20:54:50.00,838.0,-81.27,-88.89,1
2016-07-25_20:54:50.00,840.0,-81.08,-85.37,1
2016-07-25_20:54:50.00,842.0,-81.18,-89.57,1
2016-07-25_20:54:50.00,844.0,-81.79,-84.95,1
2016-07-25_20:54:50.00,846.0,-79.33,-83.87,1
2016-07-25_20:54:50.00,848.0,-80.3,-90.27,1
2016-07-25_20:54:50.00,850.0,-81.53,-87.85,1
2016-07-25_20:54:50.00,852.0,-77.63,-87.78,1
2016-07-25_20:54:50.00,854.0,-80.2,-85.22,1
2016-07-25_20:54:50.00,856.0,-77.87,-88.48,1
2016-07-25_20:54:50.00,858.0,-81.27,-91.13,1
2016-07-25_20:54:50.00,860.0,-82.14,-87.58,1
2016-07-25_20:54:50.00,862.0,-78.97,-86.17,1
2016-07-25_20:54:50.00,864.0,-84.09,-82.52,2
2016-07-25_20:54:50.00,866.0,-77.09,-86.78,1
2016-07-25_20:54:50.00,868.0,-81.78,-86.08,1
2016-07-25_20:55:00.00,876.0,-79.28,-84.2,1
2016-07-25_20:55:00.00,878.0,-78.07,-88.34,1
2016-07-25_20:55:00.00,880.0,-78.96,-80.7,2
2016-07-25_20:55:00.00,882.0,-76.47,-82.7,1
2016-07-25_20:55:00.00,884.0,-79.68,-84.64,1
2016-07-25_20:55:00.00,886.0,-84.15,-90.45,1
2016-07-25_20:55:00.00,888.0,-77.73,-84.96,1
2016-07-25_20:55:00.00,890.0,-78.63,-84.06,1
2016-07-25_20:55:00.00,892.0,-79.23,-86.56,1
2016-07-25_20:55:00.00,894.0,-75.05,-81.28,1
2016-07-25_20:55:00.00,896.0,-75.88,-86.25,1
2016-07-25_20:55:00.00,898.0,-83.81,-84.45,2
2016-07-25_20:55:00.00,900.0,-78.38,-82.63,1
2016-07-25_20:55:00.00,902.0,-81.55,-84.96,1
2016-07-25_20:55:00.00,904.0,-79.21,-87.41,1
2016-07-25_20:55:00.00,906.0,-78.97,-86.84,1
2016-07-25_20:55:00.00,908.0,-81.41,-84.87,1
2016-07-25_20:55:00.00,910.0,-77.4,-90.72,1
2016-07-25_20:55:00.00,912.0,-84.06,-93.02,1
2016-07-25_20:55:00.00,914.0,-80.41,-90.25,1
2016-07-25_20:55:00.00,916.0,-80.63,-85.1,1
2016-07-25_20:55:10.00,876.0,-80.24,-87.95,1
2016-07-25_20:55:10.00,878.0,-80.48,-85.68,1
2016-07-25_20:55:10.00,880.0,-79.03,-92.82,1
2016-07-25_20:55:10.00,882.0,-79.84,-80.99,2
2016-07-25_20:55:10.00,884.0,-84.48,-86.68,2
2016-07-25_20:55:10.00,886.0,-78.38,-83.19,1
2016-07-25_20:55:10.00,888.0,-83.78,-86.43,2
2016-07-25_20:55:10.00,890.0,-81.67,-87.77,1
2016-07-25_20:55:10.00,892.0,-79.71,-89.28,1
2016-07-25_20:55:10.00,894.0,-79.63,-85.78,1
2016-07-25_20:55:10.00,896.0,-84.1,-85.64,2
2016-07-25_20:55:10.00,898.0,-79.26,-84.37,1
2016-07-25_20:55:10.00,900.0,-76.17,-83.62,1
2016-07-25_20:55:10.00,902.0,-77.79,-86.76,1
2016-07-25_20:55:10.00,904.0,-83.33,-84.05,2
2016-07-25_20:55:10.00,906.0,-77.44,-84.74,1
2016-07-25_20:55:10.00,908.0,-83.85,-89.87,1
2016-07-25_20:55:10.00,910.0,-82.18,-86.56,1
2016-07-25_20:55:10.00,912.0,-83.31,-84.7,2
2016-07-25_20:55:10.00,914.0,-81.28,-84.35,1
2016-07-25_20:55:10.00,916.0,-77.79,-84.01,1
2016-07-25_20:55:20.00,1000.0,-85.85,-88.2,2
2016-07-25_20:55:20.00,1002.0,-85.29,-85.38,2
2016-07-25_20:55:20.00,1004.0,-82.83,-86.82,1
2016-07-25_20:55:20.00,1006.0,-83.55,-85.61,2
2016-07-25_20:55:20.00,1008.0,-82.38,-87.37,1
2016-07-25_20:55:20.00,1010.0,-85.67,-85.41,2
2016-07-25_20:55:20.00,1012.0,-83.64,-81.87,2
2016-07-25_20:55:20.00,1014.0,-82.41,-85.43,1
2016-07-25_20:55:20.00,1016.0,-83.32,-86.21,2
2016-07-25_20:55:20.00,1018.0,-83.24,-88.48,1
2016-07-25_20:55:20.00,1020.0,-83.62,-85.76,2
2016-07-25_20:55:20.00,1022.0,-84.17,-87.62,1
2016-07-25_20:55:20.00,1024.0,-88.99,-83.91,3
2016-07-25_20:55:20.00,1026.0,-84.74,-82.44,2
2016-07-25_20:55:20.00,1028.0,-84.48,-86.38,2
2016-07-25_20:55:20.00,1030.0,-86.14,-85.06,2
2016-07-25_20:55:20.00,1032.0,-86.62,-88.54,2
2016-07-25_20:55:20.00,1034.0,-84.67,-86.3,2
2016-07-25_20:55:20.00,1036.0,-84.58,-83.99,2
2016-07-25_20:55:20.00,1038.0,-87.12,-86.89,2
2016-07-25_20:55:20.00,1040.0,-83.0,-84.52,2
2016-07-25_20:55:20.00,1042.0,-84.05,-85.37,2
2016-07-25_20:55:30.00,1022.0,-83.87,-84.54,2
2016-07-25_20:55:30.00,1024.0,-86.47,-85.43,2
2016-07-25_20:55:30.00,1026.0,-85.75,-86.98,2
2016-07-25_20:55:30.00,1028.0,-85.19,-88.46,1
2016-07-25_20:55:30.00,1030.0,-81.29,-88.38,1
2016-07-25_20:55:30.00,1032.0,-86.54,-86.71,2
2016-07-25_20:55:30.00,1034.0,-85.61,-85.59,2
2016-07-25_20:55:30.00,1036.0,-82.6,-87.39,1
2016-07-25_20:55:30.00,1038.0,-84.68,-89.5,1
2016-07-25_20:55:30.00,1040.0,-81.21,-89.08,1
2016-07-25_20:55:30.00,1042.0,-84.88,-86.01,2
2016-07-25_20:55:30.00,1044.0,-88.03,-87.43,2
2016-07-25_20:55:30.00,1046.0,-85.02,-87.63,2
2016-07-25_20:55:30.00,1048.0,-81.2,-87.08,1
2016-07-25_20:55:30.00,1050.0,-85.74,-86.6,2
2016-07-25_20:55:30.00,1052.0,-86.57,-85.2,2
2016-07-25_20:55:30.00,1054.0,-87.46,-86.38,2
2016-07-25_20:55:30.00,1056.0,-84.48,-86.66,2
2016-07-25_20:55:30.00,1058.0,-87.46,-87.5,2
2016-07-25_20:55:30.00,1060.0,-86.29,-85.31,2
2016-07-25_20:55:30.00,1062.0,-87.79,-84.77,3
2016-07-25_20:55:40.00,1046.0,-87.52,-88.99,2
2016-07-25_20:55:40.00,1048.0,-84.3,-87.2,2
2016-07-25_20:55:40.00,1050.0,-85.91,-85.2,2
2016-07-25_20:55:40.00,1052.0,-84.86,-83.6,2
2016-07-25_20:55:40.00,1054.0,-87.2,-85.81,2
2016-07-25_20:55:40.00,1056.0,-87.86,-83.36,3
2016-07-25_20:55:40.00,1058.0,-88.27,-83.13,3
2016-07-25_20:55:40.00,1060.0,-86.77,-89.43,2
2016-07-25_20:55:40.00,1062.0,-85.67,-82.79,2
2016-07-25_20:55:40.00,1064.0,-84.98,-83.68,2
2016-07-25_20:55:40.00,1066.0,-82.03,-80.7,2
2016-07-25_20:55:40.00,1068.0,-83.17,-84.59,2
2016-07-25_20:55:40.00,1070.0,-84.54,-80.86,3
2016-07-25_20:55:40.00,1072.0,-87.17,-83.26,3
2016-07-25_20:55:40.00,1074.0,-86.75,-86.83,2
2016-07-25_20:55:40.00,1076.0,-84.66,-83.86,2
2016-07-25_20:55:40.00,1078.0,-83.85,-86.4,2
2016-07-25_20:55:40.00,1080.0,-83.54,-84.51,2
2016-07-25_20:55:40.00,1082.0,-86.25,-86.93,2
2016-07-25_20:55:40.00,1084.0,-82.94,-83.03,2
2016-07-25_20:55:40.00,1086.0,-83.71,-81.17,2
2016-07-25_20:55:40.00,1088.0,-87.62,-82.46,3
2016-07-25_20:55:50.00,1090.0,-82.68,-85.0,2
2016-07-25_20:55:50.00,1092.0,-81.85,-80.21,2
2016-07-25_20:55:50.00,1094.0,-82.58,-82.96,2
2016-07-25_20:55:50.00,1096.0,-81.96,-83.32,2
2016-07-25_20:55:50.00,1098.0,-81.93,-81.75,2
2016-07-25_20:55:50.00,1100.0,-80.19,-85.3,1
2016-07-25_20:55:50.00,1102.0,-82.97,-85.89,2
2016-07-25_20:55:50.00,1104.0,-81.79,-86.45,1
2016-07-25_20:55:50.00,1106.0,-82.58,-79.33,3
2016-07-25_20:55:50.00,1108.0,-83.52,-79.82,3
2016-07-25_20:55:50.00,1110.0,-82.85,-81.32,2
2016-07-25_20:55:50.00,1112.0,-78.79,-84.5,1
2016-07-25_20:55:50.00,1114.0,-83.02,-79.3,3
2016-07-25_20:55:50.00,1116.0,-83.15,-80.37,2
2016-07-25_20:55:50.00,1118.0,-79.65,-82.65,2
2016-07-25_20:55:50.00,1120.0,-81.78,-84.63,2
2016-07-25_20:55:50.00,1122.0,-83.98,-81.63,2
2016-07-25_20:55:50.00,1124.0,-82.69,-82.12,2
2016-07-25_20:55:50.00,1126.0,-82.97,-79.04,3
2016-07-25_20:55:50.00,1128.0,-77.84,-80.71,2
2016-07-25_20:55:50.00,1130.0,-79.33,-79.7,2
2016-07-25_20:55:50.00,1132.0,-76.22,-83.69,1
2016-07-25_20:55:50.00,1134.0,-77.7,-81.39,1
2016-07-25_20:56:00.00,1094.0,-82.13,-85.52,1
2016-07-25_20:56:00.00,1096.0,-81.05,-83.81,2
2016-07-25_20:56:00.00,1098.0,-81.48,-85.5,1
2016-07-25_20:56:00.00,1100.0,-79.72,-82.04,2
2016-07-25_20:56:00.00,1102.0,-80.58,-81.03,2
2016-07-25_20:56:00.00,1104.0,-81.85,-80.63,2
2016-07-25_20:56:00.00,1106.0,-81.27,-81.34,2
2016-07-25_20:56:00.00,1108.0,-80.97,-83.82,2
2016-07-25_20:56:00.00,1110.0,-79.02,-87.31,1
2016-07-25_20:56:00.00,1112.0,-83.51,-82.7,2
2016-07-25_20:56:00.00,1114.0,-82.73,-83.52,2
2016-07-25_20:56:00.00,1116.0,-84.91,-83.18,2
2016-07-25_20:56:00.00,1118.0,-81.51,-83.48,2
2016-07-25_20:56:00.00,1120.0,-80.88,-81.14,2
2016-07-25_20:56:00.00,1122.0,-79.79,-84.83,1
2016-07-25_20:56:00.00,1124.0,-80.42,-81.83,2
2016-07-25_20:56:00.00,1126.0,-82.23,-86.28,1
2016-07-25_20:56:00.00,1128.0,-84.89,-81.41,3
2016-07-25_20:56:00.00,1130.0,-81.89,-84.43,2
2016-07-25_20:56:00.00,1132.0,-83.09,-84.88,2
2016-07-25_20:56:00.00,1134.0,-81.02,-83.42,2
2016-07-25_20:56:00.00,1136.0,-82.79,-84.92,2
2016-07-25_20:56:00.00,1138.0,-84.48,-85.82,2
2016-07-25_20:56:10.00,1106.0,-77.86,-83.07,1
2016-07-25_20:56:10.00,1108.0,-83.83,-88.2,1
2016-07-25_20:56:10.00,1110.0,-80.18,-80.87,2
2016-07-25_20:56:10.00,1112.0,-81.32,-86.66,1
2016-07-25_20:56:10.00,1114.0,-83.48,-80.95,2
2016-07-25_20:56:10.00,1116.0,-77.87,-84.72,1
2016-07-25_20:56:10.00,1118.0,-82.76,-82.65,2
2016-07-25_20:56:10.00,1120.0,-79.19,-82.71,1
2016-07-25_20:56:10.00,1122.0,-84.83,-82.7,2
2016-07-25_20:56:10.00,1124.0,-82.63,-84.92,2
2016-07-25_20:56:10.00,1126.0,-80.6,-84.91,1
2016-07-25_20:56:10.00,1128.0,-83.86,-84.94,2
2016-07-25_20:56:10.00,1130.0,-84.44,-83.8,2
2016-07-25_20:56:10.00,1132.0,-85.88,-86.09,2
2016-07-25_20:56:10.00,1134.0,-82.33,-86.76,1
2016-07-25_20:56:10.00,1136.0,-85.84,-82.25,3
2016-07-25_20:56:10.00,1138.0,-79.88,-83.27,1
2016-07-25_20:56:10.00,1140.0,-82.53,-83.84,2
2016-07-25_20:56:10.00,1142.0,-82.42,-81.93,2
2016-07-25_20:56:10.00,1144.0,-87.08,-84.07,3
2016-07-25_20:56:10.00,1146.0,-78.74,-84.76,1
2016-07-25_20:56:10.00,1148.0,-85.04,-83.94,2
2016-07-25_20:56:10.00,1150.0,-83.09,-85.85,2
2016-07-25_20:56:20.00,1110.0,-79.33,-80.45,2
2016-07-25_20:56:20.00,1112.0,-82.78,-89.73,1
2016-07-25_20:56:20.00,1114.0,-80.13,-86.13,1
2016-07-25_20:56:20.00,1116.0,-83.34,-86.48,1
2016-07-25_20:56:20.00,1118.0,-81.46,-84.87,1
2016-07-25_20:56:20.00,1120.0,-84.32,-87.24,2
2016-07-25_20:56:20.00,1122.0,-86.24,-84.75,2
2016-07-25_20:56:20.00,1124.0,-79.66,-83.51,1
2016-07-25_20:56:20.00,1126.0,-86.1,-84.68,2
2016-07-25_20:56:20.00,1128.0,-80.24,-89.06,1
2016-07-25_20:56:20.00,1130.0,-82.87,-88.69,1
2016-07-25_20:56:20.00,1132.0,-84.32,-83.48,2
2016-07-25_20:56:20.00,1134.0,-85.69,-85.46,2
2016-07-25_20:56:20.00,1136.0,-82.28,-85.14,2
2016-07-25_20:56:20.00,1138.0,-84.06,-85.5,2
2016-07-25_20:56:20.00,1140.0,-84.22,-84.64,2
2016-07-25_20:56:20.00,1142.0,-79.42,-83.1,1
2016-07-25_20:56:20.00,1144.0,-83.31,-82.98,2
2016-07-25_20:56:20.00,1146.0,-82.12,-82.39,2
2016-07-25_20:56:20.00,1148.0,-85.3,-81.93,3
2016-07-25_20:56:20.00,1150.0,-85.6,-86.37,2
2016-07-25_20:56:20.00,1152.0,-88.52,-86.94,2
2016-07-25_20:56:30.00,1110.0,-86.31,-84.09,2
2016-07-25_20:56:30.00,1112.0,-84.76,-83.01,2
2016-07-25_20:56:30.00,1114.0,-84.53,-84.51,2
2016-07-25_20:56:30.00,1116.0,-84.87,-85.58,2
2016-07-25_20:56:30.00,1118.0,-81.86,-88.22,1
2016-07-25_20:56:30.00,1120.0,-81.18,-83.92,2
2016-07-25_20:56:30.00,1122.0,-83.4,-84.42,2
2016-07-25_20:56:30.00,1124.0,-89.46,-83.42,3
2016-07-25_20:56:30.00,1126.0,-86.7,-86.95,2
2016-07-25_20:56:30.00,1128.0,-82.95,-88.29,1
2016-07-25_20:56:30.00,1130.0,-85.07,-88.32,1
2016-07-25_20:56:30.00,1132.0,-83.13,-85.83,2
2016-07-25_20:56:30.00,1134.0,-86.0,-85.31,2
2016-07-25_20:56:30.00,1136.0,-82.39,-88.2,1
2016-07-25_20:56:30.00,1138.0,-81.1,-82.31,2
2016-07-25_20:56:30.00,1140.0,-83.71,-86.09,2
2016-07-25_20:56:30.00,1142.0,-81.28,-82.25,2
2016-07-25_20:56:30.00,1144.0,-84.1,-86.17,2
2016-07-25_20:56:30.00,1146.0,-83.72,-86.28,2
2016-07-25_20:56:30.00,1148.0,-84.49,-83.96,2
2016-07-25_20:56:30.00,1150.0,-88.12,-84.74,3
2016-07-25_20:56:30.00,1152.0,-85.13,-83.07,2
2016-07-25_20:56:30.00,1154.0,-79.83,-81.0,2
2016-07-25_20:56:40.00,1110.0,-81.17,-83.97,2
2016-07-25_20:56:40.00,1112.0,-85.72,-85.5,2
2016-07-25_20:56:40.00,1114.0,-84.75,-83.25,2
2016-07-25_20:56:40.00,1116.0,-83.73,-83.19,2
2016-07-25_20:56:40.00,1118.0,-82.75,-84.76,2
2016-07-25_20:56:40.00,1120.0,-84.28,-86.74,2
2016-07-25_20:56:40.00,1122.0,-83.37,-86.95,1
2016-07-25_20:56:40.00,1124.0,-83.5,-84.37,2
2016-07-25_20:56:40.00,1126.0,-84.66,-84.89,2
2016-07-25_20:56:40.00,1128.0,-83.91,-86.35,2
2016-07-25_20:56:40.00,1130.0,-84.39,-86.56,2
2016-07-25_20:56:40.00,1132.0,-83.35,-88.03,1
2016-07-25_20:56:40.00,1134.0,-85.21,-85.33,2
2016-07-25_20:56:40.00,1136.0,-82.9,-84.06,2
2016-07-25_20:56:40.00,1138.0,-82.09,-82.11,2
2016-07-25_20:56:40.00,1140.0,-83.61,-85.77,2
2016-07-25_20:56:40.00,1142.0,-79.26,-85.92,1
2016-07-25_20:56:40.00,1144.0,-83.5,-81.79,2
2016-07-25_20:56:40.00,1146.0,-82.84,-85.11,2
2016-07-25_20:56:40.00,1148.0,-82.48,-83.25,2
2016-07-25_20:56:40.00,1150.0,-82.36,-82.53,2
2016-07-25_20:56:40.00,1152.0,-82.4,-84.45,2
2016-07-25_20:56:50.00,1104.0,-80.88,-85.53,1
2016-07-25_20:56:50.00,1106.0,-84.97,-86.58,2
2016-07-25_20:56:50.00,1108.0,-85.05,-86.56,2
2016-07-25_20:56:50.00,1110.0,-86.91,-82.88,3
2016-07-25_20:56:50.00,1112.0,-84.78,-82.74,2
2016-07-25_20:56:50.00,1114.0,-84.88,-88.93,1
2016-07-25_20:56:50.00,1116.0,-81.73,-83.72,2
2016-07-25_20:56:50.00,1118.0,-83.81,-85.14,2
2016-07-25_20:56:50.00,1120.0,-82.01,-86.69,1
2016-07-25_20:56:50.00,1122.0,-84.9,-84.59,2
2016-07-25_20:56:50.00,1124.0,-86.29,-84.72,2
2016-07-25_20:56:50.00,1126.0,-84.5,-86.19,2
2016-07-25_20:56:50.00,1128.0,-84.59,-86.68,2
2016-07-25_20:56:50.00,1130.0,-83.28,-82.59,2
2016-07-25_20:56:50.00,1132.0,-82.25,-83.42,2
2016-07-25_20:56:50.00,1134.0,-84.58,-82.63,2
2016-07-25_20:56:50.00,1136.0,-83.26,-86.55,1
2016-07-25_20:56:50.00,1138.0,-84.73,-83.88,2
2016-07-25_20:56:50.00,1140.0,-84.23,-87.06,2
2016-07-25_20:56:50.00,1142.0,-83.38,-83.5,2
2016-07-25_20:56:50.00,1144.0,-83.05,-83.93,2
2016-07-25_20:56:50.00,1146.0,-81.52,-82.99,2
2016-07-25_20:57:00.00,1094.0,-79.86,-86.02,1
2016-07-25_20:57:00.00,1096.0,-85.06,-86.88,2
2016-07-25_20:57:00.00,1098.0,-80.86,-84.33,1
2016-07-25_20:57:00.00,1100.0,-84.68,-82.95,2
2016-07-25_20:57:00.00,1102.0,-84.46,-85.2,2
2016-07-25_20:57:00.00,1104.0,-83.89,-82.2,2
2016-07-25_20:57:00.00,1106.0,-84.13,-83.98,2
2016-07-25_20:57:00.00,1108.0,-83.59,-87.37,1
2016-07-25_20:57:00.00,1110.0,-86.96,-84.68,2
2016-07-25_20:57:00.00,1112.0,-82.49,-87.7,1
2016-07-25_20:57:00.00,1114.0,-82.75,-83.2,2
2016-07-25_20:57:00.00,1116.0,-83.24,-81.13,2
2016-07-25_20:57:00.00,1118.0,-84.13,-83.69,2
2016-07-25_20:57:00.00,1120.0,-85.4,-86.67,2
2016-07-25_20:57:00.00,1122.0,-85.14,-84.15,2
2016-07-25_20:57:00.00,1124.0,-85.01,-82.63,2
2016-07-25_20:57:00.00,1126.0,-83.42,-81.99,2
2016-07-25_20:57:00.00,1128.0,-86.82,-89.19,2
2016-07-25_20:57:00.00,1130.0,-81.51,-83.46,2
2016-07-25_20:57:00.00,1132.0,-79.79,-84.11,1
2016-07-25_20:57:00.00,1134.0,-75.62,-83.41,1
2016-07-25_20:57:10.00,1086.0,-77.98,-85.43,1
2016-07-25_20:57:10.00,1088.0,-82.77,-85.24,2
2016-07-25_20:57:10.00,1090.0,-77.87,-82.79,1
2016-07-25_20:57:10.00,1092.0,-81.43,-86.39,1
2016-07-25_20:57:10.00,1094.0,-78.84,-81.9,1
2016-07-25_20:57:10.00,1096.0,-77.15,-83.11,1
2016-07-25_20:57:10.00,1098.0,-77.31,-80.31,1
2016-07-25_20:57:10.00,1100.0,-81.49,-85.1,1
2016-07-25_20:57:10.00,1102.0,-83.38,-86.48,1
2016-07-25_20:57:10.00,1104.0,-80.31,-82.71,2
2016-07-25_20:57:10.00,1106.0,-79.76,-88.11,1
2016-07-25_20:57:10.00,1108.0,-80.84,-87.33,1
2016-07-25_20:57:10.00,1110.0,-81.87,-83.69,2
2016-07-25_20:57:10.00,1112.0,-83.23,-84.72,2
2016-07-25_20:57:10.00,1114.0,-79.81,-85.84,1
2016-07-25_20:57:10.00,1116.0,-82.73,-84.3,2
2016-07-25_20:57:10.00,1118.0,-83.03,-83.14,2
2016-07-25_20:57:10.00,1120.0,-86.0,-85.76,2
2016-07-25_20:57:10.00,1122.0,-86.92,-84.99,2
2016-07-25_20:57:10.00,1124.0,-86.77,-86.35,2
2016-07-25_20:57:20.00,1056.0,-82.85,-84.81,2
2016-07-25_20:57:20.00,1058.0,-85.52,-87.16,2
2016-07-25_20:57:20.00,1060.0,-85.13,-86.62,2
2016-07-25_20:57:20.00,1062.0,-81.09,-83.75,2
2016-07-25_20:57:20.00,1064.0,-84.32,-84.38,2
2016-07-25_20:57:20.00,1066.0,-82.74,-83.51,2
2016-07-25_20:57:20.00,1068.0,-83.21,-83.68,2
2016-07-25_20:57:20.00,1070.0,-84.03,-87.19,1
2016-07-25_20:57:20.00,1072.0,-85.09,-84.39,2
2016-07-25_20:57:20.00,1074.0,-81.22,-83.65,2
2016-07-25_20:57:20.00,1076.0,-80.88,-82.53,2
2016-07-25_20:57:20.00,1078.0,-83.34,-85.78,2
2016-07-25_20:57:20.00,1080.0,-85.02,-86.36,2
2016-07-25_20:57:20.00,1082.0,-84.38,-87.72,1
2016-07-25_20:57:20.00,1084.0,-81.64,-85.34,1
2016-07-25_20:57:20.00,1086.0,-78.75,-84.88,1
2016-07-25_20:57:20.00,1088.0,-81.35,-84.72,1
2016-07-25_20:57:20.00,1090.0,-83.09,-83.35,2
2016-07-25_20:57:20.00,1092.0,-83.46,-83.77,2
2016-07-25_20:57:30.00,1026.0,-86.52,-86.71,2
2016-07-25_20:57:30.00,1028.0,-80.51,-87.16,1
2016-07-25_20:57:30.00,1030.0,-87.08,-86.69,2
2016-07-25_20:57:30.00,1032.0,-84.85,-83.28,2
2016-07-25_20:57:30.00,1034.0,-83.27,-85.27,2
2016-07-25_20:57:30.00,1036.0,-84.35,-90.13,1
2016-07-25_20:57:30.00,1038.0,-83.44,-88.42,1
2016-07-25_20:57:30.00,1040.0,-82.44,-86.69,1
2016-07-25_20:57:30.00,1042.0,-83.46,-89.52,1
2016-07-25_20:57:30.00,1044.0,-83.48,-86.1,2
2016-07-25_20:57:30.00,1046.0,-81.39,-82.17,2
2016-07-25_20:57:30.00,1048.0,-90.31,-87.83,2
2016-07-25_20:57:30.00,1050.0,-83.14,-85.47,2
2016-07-25_20:57:30.00,1052.0,-83.18,-86.68,1
2016-07-25_20:57:30.00,1054.0,-79.51,-88.41,1
2016-07-25_20:57:30.00,1056.0,-83.63,-86.44,2
2016-07-25_20:57:30.00,1058.0,-84.27,-89.49,1
2016-07-25_20:57:30.00,1060.0,-85.28,-90.66,1
2016-07-25_20:57:40.00,1026.0,-84.86,-84.61,2
2016-07-25_20:57:40.00,1028.0,-88.13,-89.27,2
2016-07-25_20:57:40.00,1030.0,-89.87,-83.95,3
2016-07-25_20:57:40.00,1032.0,-90.19,-84.66,3
2016-07-25_20:57:40.00,1034.0,-82.75,-91.79,1
2016-07-25_20:57:40.00,1036.0,-82.53,-90.32,1
2016-07-25_20:57:40.00,1038.0,-81.85,-86.14,1
2016-07-25_20:57:40.00,1040.0,-79.52,-86.56,1
2016-07-25_20:57:40.00,1042.0,-82.3,-91.79,1
2016-07-25_20:57:40.00,1044.0,-80.93,-82.62,2
2016-07-25_20:57:40.00,1046.0,-85.01,-87.79,2
2016-07-25_20:57:40.00,1048.0,-79.31,-85.92,1
2016-07-25_20:57:40.00,1050.0,-82.41,-85.94,1
2016-07-25_20:57:40.00,1052.0,-79.58,-86.19,1
2016-07-25_20:57:40.00,1054.0,-80.76,-81.85,2
2016-07-25_20:57:40.00,1056.0,-80.62,-88.3,1
2016-07-25_20:57:40.00,1058.0,-81.17,-86.71,1
2016-07-25_20:57:40.00,1060.0,-80.18,-87.2,1
2016-07-25_20:57:50.00,950.0,-81.21,-87.1,1
2016-07-25_20:57:50.00,952.0,-81.97,-91.81,1
2016-07-25_20:57:50.00,954.0,-84.86,-84.43,2
2016-07-25_20:57:50.00,956.0,-82.52,-90.51,1
2016-07-25_20:57:50.00,958.0,-87.48,-86.72,2
2016-07-25_20:57:50.00,960.0,-81.54,-91.77,1
2016-07-25_20:57:50.00,962.0,-86.91,-87.16,2
2016-07-25_20:57:50.00,964.0,-82.47,-88.1,1
2016-07-25_20:57:50.00,966.0,-84.08,-89.71,1
2016-07-25_20:57:50.00,968.0,-88.07,-86.32,2
2016-07-25_20:57:50.00,970.0,-82.82,-89.42,1
2016-07-25_20:57:50.00,972.0,-80.15,-86.23,1
2016-07-25_20:57:50.00,974.0,-80.54,-86.14,1
2016-07-25_20:57:50.00,976.0,-82.58,-88.01,1
2016-07-25_20:57:50.00,978.0,-85.35,-88.85,1
2016-07-25_20:57:50.00,980.0,-81.91,-86.76,1
2016-07-25_20:57:50.00,982.0,-79.48,-86.56,1
2016-07-25_20:57:50.00,984.0,-85.28,-85.3,2
2016-07-25_20:57:50.00,986.0,-87.94,-84.51,3
2016-07-25_20:58:00.00,950.0,-86.12,-89.85,1
2016-07-25_20:58:00.00,952.0,-85.41,-88.5,1
2016-07-25_20:58:00.00,954.0,-86.33,-89.89,1
2016-07-25_20:58:00.00,956.0,-86.0,-89.42,1
2016-07-25_20:58:00.00,958.0,-82.82,-85.74,2
2016-07-25_20:58:00.00,960.0,-85.47,-88.59,1
2016-07-25_20:58:00.00,962.0,-85.29,-85.53,2
2016-07-25_20:58:00.00,964.0,-85.74,-89.82,1
2016-07-25_20:58:00.00,966.0,-84.71,-88.05,1
2016-07-25_20:58:00.00,968.0,-81.14,-86.95,1
2016-07-25_20:58:00.00,970.0,-81.84,-88.75,1
2016-07-25_20:58:00.00,972.0,-86.97,-88.0,2
2016-07-25_20:58:00.00,974.0,-83.73,-89.29,1
2016-07-25_20:58:00.00,976.0,-86.11,-85.71,2
2016-07-25_20:58:00.00,978.0,-80.06,-86.46,1
2016-07-25_20:58:00.00,980.0,-80.94,-84.29,1
2016-07-25_20:58:00.00,982.0,-84.43,-88.01,1
2016-07-25_20:58:00.00,984.0,-80.8,-85.75,1
2016-07-25_20:58:00.00,986.0,-78.48,-82.52,1
2016-07-25_20:58:10.00,940.0,-82.59,-85.9,1
2016-07-25_20:58:10.00,942.0,-84.82,-88.17,1
2016-07-25_20:58:10.00,944.0,-83.21,-85.87,2
2016-07-25_20:58:10.00,946.0,-83.59,-86.53,2
2016-07-25_20:58:10.00,948.0,-83.8,-88.53,1
2016-07-25_20:58:10.00,950.0,-82.63,-91.23,1
2016-07-25_20:58:10.00,952.0,-85.79,-85.42,2
2016-07-25_20:58:10.00,954.0,-85.58,-82.76,2
2016-07-25_20:58:10.00,956.0,-83.39,-87.67,1
2016-07-25_20:58:10.00,958.0,-83.94,-88.69,1
2016-07-25_20:58:10.00,960.0,-84.76,-84.05,2
2016-07-25_20:58:10.00,962.0,-85.34,-90.17,1
2016-07-25_20:58:10.00,964.0,-84.91,-92.18,1
2016-07-25_20:58:10.00,966.0,-83.39,-86.98,1
2016-07-25_20:58:10.00,968.0,-86.07,-90.99,1
2016-07-25_20:58:10.00,970.0,-83.91,-87.97,1
2016-07-25_20:58:10.00,972.0,-85.03,-82.73,2
2016-07-25_20:58:10.00,974.0,-83.7,-86.08,2
2016-07-25_20:58:10.00,976.0,-85.99,-87.67,2
2016-07-25_20:58:10.00,978.0,-84.0,-87.56,1
2016-07-25_20:58:20.00,940.0,-81.91,-91.07,1
2016-07-25_20:58:20.00,942.0,-84.79,-83.06,2
2016-07-25_20:58:20.00,944.0,-82.35,-86.2,1
2016-07-25_20:58:20.00,946.0,-84.89,-82.35,2
2016-07-25_20:58:20.00,948.0,-94.55,-88.05,3
2016-07-25_20:58:20.00,950.0,-83.88,-87.62,1
2016-07-25_20:58:20.00,952.0,-83.63,-89.19,1
2016-07-25_20:58:20.00,954.0,-84.33,-86.97,2
2016-07-25_20:58:20.00,956.0,-79.03,-88.16,1
2016-07-25_20:58:20.00,958.0,-82.88,-91.31,1
2016-07-25_20:58:20.00,960.0,-84.88,-88.77,1
2016-07-25_20:58:20.00,962.0,-87.82,-86.29,2
2016-07-25_20:58:20.00,964.0,-84.58,-91.02,1
2016-07-25_20:58:20.00,966.0,-85.54,-90.43,1
2016-07-25_20:58:20.00,968.0,-84.31,-90.85,1
2016-07-25_20:58:20.00,970.0,-85.02,-89.16,1
2016-07-25_20:58:20.00,972.0,-88.73,-89.94,2
2016-07-25_20:58:20.00,974.0,-82.51,-85.18,2
2016-07-25_20:58:20.00,976.0,-82.78,-85.1,2
2016-07-25_20:58:20.00,978.0,-84.03,-88.43,1
2016-07-25_20:58:30.00,942.0,-84.98,-88.59,1
2016-07-25_20:58:30.00,944.0,-81.82,-88.92,1
2016-07-25_20:58:30.00,946.0,-83.0,-91.83,1
2016-07-25_20:58:30.00,948.0,-81.8,-83.85,2
2016-07-25_20:58:30.00,950.0,-85.99,-89.75,1
2016-07-25_20:58:30.00,952.0,-86.86,-90.27,1
2016-07-25_20:58:30.00,954.0,-85.22,-86.47,2
2016-07-25_20:58:30.00,956.0,-79.08,-87.66,1
2016-07-25_20:58:30.00,958.0,-86.17,-86.37,2
2016-07-25_20:58:30.00,960.0,-86.05,-89.99,1
2016-07-25_20:58:30.00,962.0,-83.02,-86.22,1
2016-07-25_20:58:30.00,964.0,-83.23,-89.13,1
2016-07-25_20:58:30.00,966.0,-81.85,-91.36,1
2016-07-25_20:58:30.00,968.0,-83.41,-89.17,1
2016-07-25_20:58:30.00,970.0,-87.02,-84.8,2
2016-07-25_20:58:30.00,972.0,-82.68,-87.38,1
2016-07-25_20:58:30.00,974.0,-87.61,-84.98,2
2016-07-25_20:58:30.00,976.0,-85.18,-87.49,2
2016-07-25_20:58:30.00,978.0,-80.97,-91.89,1
2016-07-25_20:58:30.00,980.0,-87.22,-83.12,3
2016-07-25_20:58:40.00,946.0,-87.5,-88.15,2
2016-07-25_20:58:40.00,948.0,-83.4,-88.7,1
2016-07-25_20:58:40.00,950.0,-85.33,-84.99,2
2016-07-25_20:58:40.00,952.0,-86.46,-87.9,2
2016-07-25_20:58:40.00,954.0,-83.95,-84.21,2
2016-07-25_20:58:40.00,956.0,-84.28,-88.23,1
2016-07-25_20:58:40.00,958.0,-84.45,-87.74,1
2016-07-25_20:58:40.00,960.0,-81.32,-87.13,1
2016-07-25_20:58:40.00,962.0,-82.69,-83.84,2
2016-07-25_20:58:40.00,964.0,-81.14,-84.69,1
2016-07-25_20:58:40.00,966.0,-85.21,-86.6,2
2016-07-25_20:58:40.00,968.0,-84.32,-85.51,2
2016-07-25_20:58:40.00,970.0,-82.74,-86.06,1
2016-07-25_20:58:40.00,972.0,-81.1,-82.26,2
2016-07-25_20:58:40.00,974.0,-82.13,-87.91,1
2016-07-25_20:58:40.00,976.0,-84.78,-87.65,2
2016-07-25_20:58:40.00,978.0,-82.34,-86.47,1
2016-07-25_20:58:40.00,980.0,-82.02,-89.76,1
2016-07-25_20:58:40.00,982.0,-82.81,-85.75,2
2016-07-25_20:58:40.00,984.0,-83.24,-89.69,1
2016-07-25_20:58:40.00,986.0,-84.88,-87.51,2
2016-07-25_20:58:50.00,954.0,-81.92,-87.87,1
2016-07-25_20:58:50.00,956.0,-84.89,-88.64,1
2016-07-25_20:58:50.00,958.0,-83.18,-87.45,1
2016-07-25_20:58:50.00,960.0,-84.58,-84.19,2
2016-07-25_20:58:50.00,962.0,-86.13,-82.69,3
2016-07-25_20:58:50.00,964.0,-85.63,-85.03,2
2016-07-25_20:58:50.00,966.0,-83.12,-86.06,2
2016-07-25_20:58:50.00,968.0,-86.5,-87.71,2
2016-07-25_20:58:50.00,970.0,-85.55,-90.32,1
2016-07-25_20:58:50.00,972.0,-79.67,-89.63,1
2016-07-25_20:58:50.00,974.0,-84.95,-87.77,2
2016-07-25_20:58:50.00,976.0,-81.38,-84.43,1
2016-07-25_20:58:50.00,978.0,-82.78,-83.4,2
2016-07-25_20:58:50.00,980.0,-79.81,-87.0,1
2016-07-25_20:58:50.00,982.0,-81.17,-88.41,1
2016-07-25_20:58:50.00,984.0,-86.13,-87.42,2
2016-07-25_20:58:50.00,986.0,-82.67,-87.8,1
2016-07-25_20:58:50.00,988.0,-84.47,-87.84,1
2016-07-25_20:58:50.00,990.0,-81.96,-83.52,2
2016-07-25_20:58:50.00,992.0,-85.09,-84.36,2
2016-07-25_20:58:50.00,994.0,-82.44,-81.4,2
2016-07-25_20:59:00.00,962.0,-77.23,-86.32,1
2016-07-25_20:59:00.00,964.0,-85.24,-84.57,2
2016-07-25_20:59:00.00,966.0,-88.55,-86.44,2
2016-07-25_20:59:00.00,968.0,-84.81,-84.48,2
2016-07-25_20:59:00.00,970.0,-86.58,-85.44,2
2016-07-25_20:59:00.00,972.0,-83.04,-83.4,2
2016-07-25_20:59:00.00,974.0,-78.8,-86.18,1
2016-07-25_20:59:00.00,976.0,-83.09,-89.51,1
2016-07-25_20:59:00.00,978.0,-83.94,-85.38,2
2016-07-25_20:59:00.00,980.0,-85.57,-89.93,1
2016-07-25_20:59:00.00,982.0,-79.48,-86.67,1
2016-07-25_20:59:00.00,984.0,-84.64,-89.61,1
2016-07-25_20:59:00.00,986.0,-84.25,-86.21,2
2016-07-25_20:59:00.00,988.0,-85.26,-83.72,2
2016-07-25_20:59:00.00,990.0,-84.33,-90.51,1
2016-07-25_20:59:00.00,992.0,-87.15,-85.26,2
2016-07-25_20:59:00.00,994.0,-82.49,-85.57,1
2016-07-25_20:59:00.00,996.0,-85.32,-89.76,1
2016-07-25_20:59:00.00,998.0,-78.76,-84.56,1
2016-07-25_20:59:00.00,1000.0,-84.34,-89.44,1
2016-07-25_20:59:00.00,1002.0,-82.82,-84.21,2
2016-07-25_20:59:10.00,990.0,-81.99,-89.01,1
2016-07-25_20:59:10.00,992.0,-82.77,-86.12,1
2016-07-25_20:59:10.00,994.0,-82.58,-82.12,2
2016-07-25_20:59:10.00,996.0,-83.34,-86.14,2
2016-07-25_20:59:10.00,998.0,-81.94,-85.26,1
2016-07-25_20:59:10.00,1000.0,-83.02,-83.51,2
2016-07-25_20:59:10.00,1002.0,-81.61,-83.55,2
2016-07-25_20:59:10.00,1004.0,-83.48,-90.44,1
2016-07-25_20:59:10.00,1006.0,-82.51,-88.94,1
2016-07-25_20:59:10.00,1008.0,-85.45,-91.9,1
2016-07-25_20:59:10.00,1010.0,-85.51,-87.9,2
2016-07-25_20:59:10.00,1012.0,-81.23,-85.47,1
2016-07-25_20:59:10.00,1014.0,-84.23,-85.41,2
2016-07-25_20:59:10.00,1016.0,-78.77,-87.58,1
2016-07-25_20:59:10.00,1018.0,-82.89,-84.25,2
2016-07-25_20:59:10.00,1020.0,-78.61,-83.63,1
2016-07-25_20:59:10.00,1022.0,-80.2,-88.21,1
2016-07-25_20:59:10.00,1024.0,-83.59,-86.74,1
2016-07-25_20:59:10.00,1026.0,-79.83,-83.37,1
2016-07-25_20:59:10.00,1028.0,-78.13,-87.37,1
2016-07-25_20:59:20.00,1014.0,-84.96,-87.44,2
2016-07-25_20:59:20.00,1016.0,-85.43,-88.32,2
2016-07-25_20:59:20.00,1018.0,-82.7,-85.87,1
2016-07-25_20:59:20.00,1020.0,-82.84,-85.54,2
2016-07-25_20:59:20.00,1022.0,-83.44,-87.69,1
2016-07-25_20:59:20.00,1024.0,-83.48,-86.1,2
2016-07-25_20:59:20.00,1026.0,-84.19,-84.99,2
2016-07-25_20:59:20.00,1028.0,-81.55,-85.46,1
2016-07-25_20:59:20.00,1030.0,-84.98,-86.57,2
2016-07-25_20:59:20.00,1032.0,-81.82,-84.26,2
2016-07-25_20:59:20.00,1034.0,-82.48,-85.44,2
2016-07-25_20:59:20.00,1036.0,-80.51,-84.19,1
2016-07-25_20:59:20.00,1038.0,-84.59,-85.51,2
2016-07-25_20:59:20.00,1040.0,-83.24,-85.45,2
2016-07-25_20:59:20.00,1042.0,-85.47,-85.35,2
2016-07-25_20:59:20.00,1044.0,-82.15,-85.5,1
2016-07-25_20:59:20.00,1046.0,-84.28,-82.43,2
2016-07-25_20:59:20.00,1048.0,-81.58,-86.59,1
2016-07-25_20:59:20.00,1050.0,-83.59,-86.68,1
2016-07-25_20:59:30.00,1014.0,-83.5,-87.49,1
2016-07-25_20:59:30.00,1016.0,-84.29,-82.81,2
2016-07-25_20:59:30.00,1018.0,-85.69,-88.19,2
2016-07-25_20:59:30.00,1020.0,-80.92,-87.22,1
2016-07-25_20:59:30.00,1022.0,-82.88,-93.16,1
2016-07-25_20:59:30.00,1024.0,-85.9,-85.14,2
2016-07-25_20:59:30.00,1026.0,-82.12,-91.04,1
2016-07-25_20:59:30.00,1028.0,-84.82,-85.16,2
2016-07-25_20:59:30.00,1030.0,-82.54,-82.62,2
2016-07-25_20:59:30.00,1032.0,-85.25,-82.43,2
2016-07-25_20:59:30.00,1034.0,-82.92,-88.98,1
2016-07-25_20:59:30.00,1036.0,-78.62,-89.02,1
2016-07-25_20:59:30.00,1038.0,-84.15,-88.53,1
2016-07-25_20:59:30.00,1040.0,-85.86,-88.2,2
2016-07-25_20:59:30.00,1042.0,-82.7,-86.16,1
2016-07-25_20:59:30.00,1044.0,-82.09,-88.6,1
2016-07-25_20:59:30.00,1046.0,-81.68,-83.14,2
2016-07-25_20:59:30.00,1048.0,-85.68,-85.39,2
2016-07-25_20:59:30.00,1050.0,-84.37,-87.68,1
2016-07-25_20:59:40.00,1160.0,-84.34,-85.0,2
2016-07-25_20:59:40.00,1162.0,-85.76,-87.44,2
2016-07-25_20:59:40.00,1164.0,-84.92,-88.1,1
2016-07-25_20:59:40.00,1166.0,-83.02,-87.44,1
2016-07-25_20:59:40.00,1168.0,-85.13,-88.89,1
2016-07-25_20:59:40.00,1170.0,-86.64,-89.01,2
2016-07-25_20:59:40.00,1172.0,-87.23,-85.78,2
2016-07-25_20:59:40.00,1174.0,-87.08,-89.45,2
2016-07-25_20:59:40.00,1176.0,-90.96,-87.48,3
2016-07-25_20:59:40.00,1178.0,-88.39,-86.09,2
2016-07-25_20:59:40.00,1180.0,-85.16,-84.68,2
2016-07-25_20:59:40.00,1182.0,-86.66,-86.36,2
2016-07-25_20:59:40.00,1184.0,-86.78,-89.05,2
2016-07-25_20:59:40.00,1186.0,-87.47,-88.19,2
2016-07-25_20:59:40.00,1188.0,-84.61,-84.36,2
2016-07-25_20:59:40.00,1190.0,-86.8,-86.59,2
2016-07-25_20:59:40.00,1192.0,-85.42,-83.79,2
2016-07-25_20:59:40.00,1194.0,-83.38,-82.02,2
2016-07-25_20:59:40.00,1196.0,-85.04,-87.41,2
2016-07-25_20:59:40.00,1198.0,-86.57,-88.63,2
2016-07-25_20:59:40.00,1200.0,-85.64,-85.49,2
2016-07-25_20:59:50.00,1160.0,-87.26,-89.18,2
2016-07-25_20:59:50.00,1162.0,-79.24,-84.08,1
2016-07-25_20:59:50.00,1164.0,-84.21,-88.65,1
2016-07-25_20:59:50.00,1166.0,-87.54,-88.18,2
2016-07-25_20:59:50.00,1168.0,-79.22,-85.14,1
2016-07-25_20:59:50.00,1170.0,-84.24,-87.24,1
2016-07-25_20:59:50.00,1172.0,-83.8,-86.38,2
2016-07-25_20:59:50.00,1174.0,-85.11,-88.59,1
2016-07-25_20:59:50.00,1176.0,-74.4,-81.12,1
2016-07-25_20:59:50.00,1178.0,-78.68,-85.02,1
2016-07-25_20:59:50.00,1180.0,-76.94,-77.2,2
2016-07-25_20:59:50.00,1182.0,-81.04,-83.82,2
2016-07-25_20:59:50.00,1184.0,-82.34,-85.5,1
2016-07-25_20:59:50.00,1186.0,-85.07,-84.86,2
2016-07-25_20:59:50.00,1188.0,-84.57,-88.1,1
2016-07-25_20:59:50.00,1190.0,-82.53,-85.05,2
2016-07-25_20:59:50.00,1192.0,-85.69,-83.58,2
2016-07-25_20:59:50.00,1194.0,-84.1,-84.74,2
2016-07-25_20:59:50.00,1196.0,-84.38,-87.39,1
2016-07-25_20:59:50.00,1198.0,-82.71,-87.7,1
2016-07-25_20:59:50.00,1200.0,-82.04,-84.94,2
2016-07-25_21:00:00.00,1168.0,-84.41,-85.14,2
2016-07-25_21:00:00.00,1170.0,-85.28,-86.32,2
2016-07-25_21:00:00.00,1172.0,-83.19,-88.26,1
2016-07-25_21:00:00.00,1174.0,-84.56,-86.52,2
2016-07-25_21:00:00.00,1176.0,-85.81,-85.22,2
2016-07-25_21:00:00.00,1178.0,-84.54,-85.19,2
2016-07-25_21:00:00.00,1180.0,-86.56,-86.66,2
2016-07-25_21:00:00.00,1182.0,-85.46,-84.87,2
2016-07-25_21:00:00.00,1184.0,-86.57,-86.37,2
2016-07-25_21:00:00.00,1186.0,-85.67,-84.7,2
2016-07-25_21:00:00.00,1188.0,-87.49,-86.15,2
2016-07-25_21:00:00.00,1190.0,-85.63,-88.5,2
2016-07-25_21:00:00.00,1192.0,-86.03,-86.33,2
2016-07-25_21:00:00.00,1194.0,-85.86,-85.2,2
2016-07-25_21:00:00.00,1196.0,-84.9,-87.37,2
2016-07-25_21:00:00.00,1198.0,-85.46,-89.81,1
2016-07-25_21:00:00.00,1200.0,-84.66,-86.2,2
2016-07-25_21:00:00.00,1202.0,-86.34,-84.91,2
2016-07-25_21:00:00.00,1204.0,-85.36,-87.14,2
2016-07-25_21:00:00.00,1206.0,-82.26,-83.99,2
2016-07-25_21:00:00.00,1208.0,-85.94,-86.83,2
2016-07-25_21:00:10.00,1196.0,-86.53,-85.08,2
2016-07-25_21:00:10.00,1198.0,-88.43,-84.19,3
2016-07-25_21:00:10.00,1200.0,-87.66,-87.67,2
2016-07-25_21:00:10.00,1202.0,-86.45,-89.32,2
2016-07-25_21:00:10.00,1204.0,-86.32,-84.02,2
2016-07-25_21:00:10.00,1206.0,-87.63,-88.24,2
2016-07-25_21:00:10.00,1208.0,-88.94,-87.49,2
2016-07-25_21:00:10.00,1210.0,-88.64,-84.5,3
2016-07-25_21:00:10.00,1212.0,-86.7,-88.99,2
2016-07-25_21:00:10.00,1214.0,-87.28,-87.41,2
2016-07-25_21:00:10.00,1216.0,-87.88,-89.02,2
2016-07-25_21:00:10.00,1218.0,-87.47,-84.97,2
2016-07-25_21:00:10.00,1220.0,-88.05,-88.77,2
2016-07-25_21:00:10.00,1222.0,-87.89,-86.73,2
2016-07-25_21:00:10.00,1224.0,-86.1,-87.23,2
2016-07-25_21:00:10.00,1226.0,-87.3,-89.21,2
2016-07-25_21:00:10.00,1228.0,-86.9,-88.57,2
2016-07-25_21:00:10.00,1230.0,-86.47,-90.56,1
2016-07-25_21:00:10.00,1232.0,-88.41,-88.78,2
2016-07-25_21:00:10.00,1234.0,-83.11,-88.0,1
2016-07-25_21:00:10.00,1236.0,-87.62,-85.32,2
2016-07-25_21:00:10.00,1238.0,-85.09,-86.99,2
2016-07-25_21:00:20.00,1216.0,-86.75,-86.15,2
2016-07-25_21:00:20.00,1218.0,-88.92,-88.25,2
2016-07-25_21:00:20.00,1220.0,-86.35,-87.68,2
2016-07-25_21:00:20.00,1222.0,-88.18,-89.01,2
2016-07-25_21:00:20.00,1224.0,-85.71,-87.94,2
2016-07-25_21:00:20.00,1226.0,-88.09,-88.04,2
2016-07-25_21:00:20.00,1228.0,-84.84,-87.79,2
2016-07-25_21:00:20.00,1230.0,-86.85,-86.34,2
2016-07-25_21:00:20.00,1232.0,-88.3,-85.88,2
2016-07-25_21:00:20.00,1234.0,-85.85,-87.58,2
2016-07-25_21:00:20.00,1236.0,-86.48,-82.8,3
2016-07-25_21:00:20.00,1238.0,-83.95,-88.97,1
2016-07-25_21:00:20.00,1240.0,-88.21,-88.48,2
2016-07-25_21:00:20.00,1242.0,-88.15,-88.71,2
2016-07-25_21:00:20.00,1244.0,-86.84,-92.25,1
2016-07-25_21:00:20.00,1246.0,-86.15,-89.87,1
2016-07-25_21:00:20.00,1248.0,-88.12,-84.76,3
2016-07-25_21:00:20.00,1250.0,-88.68,-87.39,2
2016-07-25_21:00:20.00,1252.0,-86.25,-87.85,2
2016-07-25_21:00:20.00,1254.0,-87.5,-87.6,2
2016-07-25_21:00:20.00,1256.0,-87.72,-84.13,3
2016-07-25_21:00:20.00,1258.0,-87.72,-86.29,2
2016-07-25_21:00:30.00,1236.0,-87.33,-85.18,2
2016-07-25_21:00:30.00,1238.0,-85.49,-86.95,2
2016-07-25_21:00:30.00,1240.0,-86.17,-87.87,2
2016-07-25_21:00:30.00,1242.0,-87.83,-89.85,2
2016-07-25_21:00:30.00,1244.0,-85.28,-89.1,1
2016-07-25_21:00:30.00,1246.0,-88.87,-91.38,2
2016-07-25_21:00:30.00,1248.0,-84.8,-87.32,2
2016-07-25_21:00:30.00,1250.0,-88.91,-88.27,2
2016-07-25_21:00:30.00,1252.0,-86.01,-87.57,2
2016-07-25_21:00:30.00,1254.0,-87.12,-86.37,2
2016-07-25_21:00:30.00,1256.0,-87.08,-89.49,2
2016-07-25_21:00:30.00,1258.0,-86.93,-86.85,2
2016-07-25_21:00:30.00,1260.0,-85.62,-87.07,2
2016-07-25_21:00:30.00,1262.0,-84.53,-87.48,2
2016-07-25_21:00:30.00,1264.0,-83.74,-86.99,1
2016-07-25_21:00:30.00,1266.0,-86.72,-85.16,2
2016-07-25_21:00:30.00,1268.0,-86.59,-89.14,2
2016-07-25_21:00:30.00,1270.0,-86.35,-86.89,2
2016-07-25_21:00:30.00,1272.0,-85.38,-86.77,2
2016-07-25_21:00:30.00,1274.0,-85.21,-87.26,2
2016-07-25_21:00:30.00,1276.0,-87.84,-87.59,2
2016-07-25_21:00:30.00,1278.0,-84.51,-84.78,2
2016-07-25_21:00:30.00,1280.0,-88.48,-86.31,2
2016-07-25_21:00:40.00,1258.0,-87.78,-87.97,2
2016-07-25_21:00:40.00,1260.0,-87.15,-86.59,2
2016-07-25_21:00:40.00,1262.0,-85.8,-87.1,2
2016-07-25_21:00:40.00,1264.0,-86.92,-88.27,2
2016-07-25_21:00:40.00,1266.0,-86.51,-85.66,2
2016-07-25_21:00:40.00,1268.0,-87.15,-88.28,2
2016-07-25_21:00:40.00,1270.0,-86.92,-88.59,2
2016-07-25_21:00:40.00,1272.0,-84.16,-88.17,1
2016-07-25_21:00:40.00,1274.0,-84.98,-87.25,2
2016-07-25_21:00:40.00,1276.0,-86.7,-87.27,2
2016-07-25_21:00:40.00,1278.0,-85.38,-87.89,2
2016-07-25_21:00:40.00,1280.0,-86.95,-86.49,2
2016-07-25_21:00:40.00,1282.0,-85.8,-86.86,2
2016-07-25_21:00:40.00,1284.0,-85.87,-86.54,2
2016-07-25_21:00:40.00,1286.0,-86.01,-86.23,2
2016-07-25_21:00:40.00,1288.0,-85.34,-88.63,1
2016-07-25_21:00:40.00,1290.0,-85.77,-86.37,2
2016-07-25_21:00:40.00,1292.0,-84.25,-89.35,1
2016-07-25_21:00:40.00,1294.0,-83.0,-85.93,2
2016-07-25_21:00:40.00,1296.0,-83.33,-85.39,2
2016-07-25_21:00:40.00,1298.0,-87.63,-87.01,2
2016-07-25_21:00:40.00,1300.0,-83.98,-86.22,2
2016-07-25_21:00:50.00,1274.0,-85.8,-86.43,2
2016-07-25_21:00:50.00,1276.0,-83.96,-84.2,2
2016-07-25_21:00:50.00,1278.0,-86.55,-86.88,2
2016-07-25_21:00:50.00,1280.0,-84.78,-85.95,2
2016-07-25_21:00:50.00,1282.0,-83.56,-87.52,1
2016-07-25_21:00:50.00,1284.0,-84.99,-88.11,1
2016-07-25_21:00:50.00,1286.0,-85.7,-84.1,2
2016-07-25_21:00:50.00,1288.0,-87.93,-87.08,2
2016-07-25_21:00:50.00,1290.0,-85.98,-88.58,2
2016-07-25_21:00:50.00,1292.0,-83.07,-85.22,2
2016-07-25_21:00:50.00,1294.0,-85.76,-85.82,2
2016-07-25_21:00:50.00,1296.0,-87.39,-87.44,2
2016-07-25_21:00:50.00,1298.0,-86.52,-85.09,2
2016-07-25_21:00:50.00,1300.0,-86.56,-86.33,2
2016-07-25_21:00:50.00,1302.0,-85.43,-88.78,1
2016-07-25_21:00:50.00,1304.0,-84.57,-87.67,1
2016-07-25_21:00:50.00,1306.0,-85.89,-83.64,2
2016-07-25_21:00:50.00,1308.0,-87.34,-86.31,2
2016-07-25_21:00:50.00,1310.0,-86.66,-84.9,2
2016-07-25_21:00:50.00,1312.0,-85.7,-82.28,3
2016-07-25_21:00:50.00,1314.0,-85.74,-86.66,2
2016-07-25_21:00:50.00,1316.0,-86.69,-87.41,2
2016-07-25_21:01:00.00,1284.0,-88.31,-87.05,2
2016-07-25_21:01:00.00,1286.0,-88.29,-88.93,2
2016-07-25_21:01:00.00,1288.0,-86.0,-85.94,2
2016-07-25_21:01:00.00,1290.0,-87.35,-86.69,2
2016-07-25_21:01:00.00,1292.0,-85.07,-85.6,2
2016-07-25_21:01:00.00,1294.0,-88.21,-85.96,2
2016-07-25_21:01:00.00,1296.0,-86.36,-87.55,2
2016-07-25_21:01:00.00,1298.0,-90.4,-87.71,2
2016-07-25_21:01:00.00,1300.0,-86.45,-87.14,2
2016-07-25_21:01:00.00,1302.0,-86.49,-86.6,2
2016-07-25_21:01:00.00,1304.0,-87.32,-85.59,2
2016-07-25_21:01:00.00,1306.0,-87.84,-82.69,3
2016-07-25_21:01:00.00,1308.0,-86.09,-84.57,2
2016-07-25_21:01:00.00,1310.0,-85.97,-84.72,2
2016-07-25_21:01:00.00,1312.0,-87.48,-85.3,2
2016-07-25_21:01:00.00,1314.0,-87.71,-86.17,2
2016-07-25_21:01:00.00,1316.0,-85.15,-84.81,2
2016-07-25_21:01:00.00,1318.0,-83.45,-87.28,1
2016-07-25_21:01:00.00,1320.0,-81.82,-86.4,1
2016-07-25_21:01:00.00,1322.0,-85.89,-86.84,2
2016-07-25_21:01:00.00,1324.0,-85.37,-85.96,2
2016-07-25_21:01:00.00,1326.0,-85.94,-85.27,2
2016-07-25_21:01:10.00,1288.0,-87.54,-87.06,2
2016-07-25_21:01:10.00,1290.0,-83.76,-88.37,1
2016-07-25_21:01:10.00,1292.0,-86.86,-87.58,2
2016-07-25_21:01:10.00,1294.0,-85.76,-85.87,2
2016-07-25_21:01:10.00,1296.0,-86.39,-85.94,2
2016-07-25_21:01:10.00,1298.0,-84.97,-87.3,2
2016-07-25_21:01:10.00,1300.0,-86.24,-88.25,2
2016-07-25_21:01:10.00,1302.0,-86.9,-86.66,2
2016-07-25_21:01:10.00,1304.0,-89.37,-83.67,3
2016-07-25_21:01:10.00,1306.0,-84.81,-86.89,2
2016-07-25_21:01:10.00,1308.0,-84.19,-89.17,1
2016-07-25_21:01:10.00,1310.0,-85.23,-82.39,2
2016-07-25_21:01:10.00,1312.0,-84.3,-86.78,2
2016-07-25_21:01:10.00,1314.0,-84.25,-85.52,2
2016-07-25_21:01:10.00,1316.0,-83.03,-87.07,1
2016-07-25_21:01:10.00,1318.0,-86.76,-87.68,2
2016-07-25_21:01:10.00,1320.0,-86.58,-85.09,2
2016-07-25_21:01:10.00,1322.0,-85.89,-88.43,2
2016-07-25_21:01:10.00,1324.0,-83.34,-86.31,2
2016-07-25_21:01:10.00,1326.0,-86.05,-89.05,2
2016-07-25_21:01:10.00,1328.0,-86.7,-83.65,3
2016-07-25_21:01:20.00,1286.0,-87.8,-85.08,2
2016-07-25_21:01:20.00,1288.0,-85.54,-86.78,2
2016-07-25_21:01:20.00,1290.0,-85.43,-85.62,2
2016-07-25_21:01:20.00,1292.0,-87.62,-87.31,2
2016-07-25_21:01:20.00,1294.0,-87.23,-86.73,2
2016-07-25_21:01:20.00,1296.0,-86.32,-86.44,2
2016-07-25_21:01:20.00,1298.0,-86.76,-86.7,2
2016-07-25_21:01:20.00,1300.0,-87.44,-86.12,2
2016-07-25_21:01:20.00,1302.0,-86.22,-88.59,2
2016-07-25_21:01:20.00,1304.0,-84.96,-85.22,2
2016-07-25_21:01:20.00,1306.0,-88.08,-85.82,2
2016-07-25_21:01:20.00,1308.0,-84.21,-85.67,2
2016-07-25_21:01:20.00,1310.0,-86.28,-85.12,2
2016-07-25_21:01:20.00,1312.0,-85.54,-87.5,2
2016-07-25_21:01:20.00,1314.0,-86.99,-85.82,2
2016-07-25_21:01:20.00,1316.0,-85.89,-84.87,2
2016-07-25_21:01:20.00,1318.0,-86.25,-83.86,2
2016-07-25_21:01:20.00,1320.0,-87.18,-86.17,2
2016-07-25_21:01:20.00,1322.0,-87.25,-86.19,2
2016-07-25_21:01:20.00,1324.0,-85.95,-86.5,2
2016-07-25_21:01:20.00,1326.0,-85.61,-87.35,2
2016-07-25_21:01:30.00,1280.0,-83.36,-86.87,1
2016-07-25_21:01:30.00,1282.0,-83.71,-89.65,1
2016-07-25_21:01:30.00,1284.0,-87.83,-86.33,2
2016-07-25_21:01:30.00,1286.0,-85.91,-87.93,2
2016-07-25_21:01:30.00,1288.0,-82.95,-86.3,1
2016-07-25_21:01:30.00,1290.0,-84.11,-85.46,2
2016-07-25_21:01:30.00,1292.0,-83.73,-85.67,2
2016-07-25_21:01:30.00,1294.0,-84.42,-86.87,2
2016-07-25_21:01:30.00,1296.0,-85.76,-84.91,2
2016-07-25_21:01:30.00,1298.0,-86.13,-86.18,2
2016-07-25_21:01:30.00,1300.0,-84.46,-87.41,2
2016-07-25_21:01:30.00,1302.0,-85.1,-87.43,2
2016-07-25_21:01:30.00,1304.0,-84.18,-86.14,2
2016-07-25_21:01:30.00,1306.0,-85.03,-87.04,2
2016-07-25_21:01:30.00,1308.0,-85.65,-83.12,2
2016-07-25_21:01:30.00,1310.0,-84.58,-85.38,2
2016-07-25_21:01:30.00,1312.0,-85.2,-84.94,2
2016-07-25_21:01:30.00,1314.0,-88.53,-89.84,2
2016-07-25_21:01:30.00,1316.0,-87.19,-85.73,2
2016-07-25_21:01:30.00,1318.0,-86.2,-84.89,2
2016-07-25_21:01:30.00,1320.0,-85.37,-85.29,2
2016-07-25_21:01:40.00,1274.0,-88.41,-87.95,2
2016-07-25_21:01:40.00,1276.0,-89.41,-87.5,2
2016-07-25_21:01:40.00,1278.0,-87.94,-85.94,2
2016-07-25_21:01:40.00,1280.0,-85.35,-85.43,2
2016-07-25_21:01:40.00,1282.0,-85.57,-83.69,2
2016-07-25_21:01:40.00,1284.0,-89.0,-85.79,3
2016-07-25_21:01:40.00,1286.0,-85.07,-84.95,2
2016-07-25_21:01:40.00,1288.0,-90.48,-87.72,2
2016-07-25_21:01:40.00,1290.0,-85.58,-88.76,1
2016-07-25_21:01:40.00,1292.0,-86.39,-86.7,2
2016-07-25_21:01:40.00,1294.0,-88.3,-85.06,3
2016-07-25_21:01:40.00,1296.0,-87.79,-88.32,2
2016-07-25_21:01:40.00,1298.0,-86.53,-85.72,2
2016-07-25_21:01:40.00,1300.0,-84.58,-87.56,2
2016-07-25_21:01:40.00,1302.0,-85.9,-86.51,2
2016-07-25_21:01:40.00,1304.0,-84.91,-89.5,1
2016-07-25_21:01:40.00,1306.0,-89.04,-86.23,2
2016-07-25_21:01:40.00,1308.0,-88.23,-89.7,2
2016-07-25_21:01:40.00,1310.0,-85.27,-85.14,2
2016-07-25_21:01:40.00,1312.0,-86.04,-87.31,2
2016-07-25_21:01:40.00,1314.0,-87.67,-89.74,2
2016-07-25_21:01:50.00,1274.0,-87.0,-85.76,2
2016-07-25_21:01:50.00,1276.0,-86.86,-87.25,2
2016-07-25_21:01:50.00,1278.0,-88.22,-84.66,3
2016-07-25_21:01:50.00,1280.0,-86.37,-88.45,2
2016-07-25_21:01:50.00,1282.0,-86.81,-86.24,2
2016-07-25_21:01:50.00,1284.0,-87.19,-88.4,2
2016-07-25_21:01:50.00,1286.0,-86.05,-88.48,2
2016-07-25_21:01:50.00,1288.0,-87.99,-86.45,2
2016-07-25_21:01:50.00,1290.0,-89.04,-85.73,3
2016-07-25_21:01:50.00,1292.0,-86.69,-87.66,2
2016-07-25_21:01:50.00,1294.0,-86.1,-88.37,2
2016-07-25_21:01:50.00,1296.0,-87.83,-86.73,2
2016-07-25_21:01:50.00,1298.0,-87.32,-84.24,3
2016-07-25_21:01:50.00,1300.0,-87.51,-87.58,2
2016-07-25_21:01:50.00,1302.0,-83.96,-86.12,2
2016-07-25_21:01:50.00,1304.0,-87.27,-89.53,2
2016-07-25_21:01:50.00,1306.0,-85.7,-86.29,2
2016-07-25_21:01:50.00,1308.0,-84.92,-89.3,1
2016-07-25_21:01:50.00,1310.0,-87.58,-86.45,2
2016-07-25_21:01:50.00,1312.0,-87.43,-87.91,2
2016-07-25_21:01:50.00,1314.0,-86.61,-88.47,2
2016-07-25_21:02:00.00,1254.0,-83.94,-85.98,2
2016-07-25_21:02:00.00,1256.0,-83.81,-88.84,1
2016-07-25_21:02:00.00,1258.0,-85.29,-87.36,2
2016-07-25_21:02:00.00,1260.0,-82.66,-86.83,1
2016-07-25_21:02:00.00,1262.0,-84.65,-87.03,2
2016-07-25_21:02:00.00,1264.0,-83.19,-86.17,2
2016-07-25_21:02:00.00,1266.0,-84.08,-88.89,1
2016-07-25_21:02:00.00,1268.0,-86.6,-88.51,2
2016-07-25_21:02:00.00,1270.0,-85.43,-87.62,2
2016-07-25_21:02:00.00,1272.0,-84.24,-86.82,2
2016-07-25_21:02:00.00,1274.0,-84.26,-84.97,2
2016-07-25_21:02:00.00,1276.0,-86.75,-85.28,2
2016-07-25_21:02:00.00,1278.0,-84.73,-85.73,2
2016-07-25_21:02:00.00,1280.0,-85.85,-86.89,2
2016-07-25_21:02:00.00,1282.0,-87.23,-88.24,2
2016-07-25_21:02:00.00,1284.0,-85.88,-88.19,2
2016-07-25_21:02:00.00,1286.0,-85.87,-87.12,2
2016-07-25_21:02:00.00,1288.0,-86.44,-87.98,2
2016-07-25_21:02:00.00,1290.0,-82.6,-86.38,1
2016-07-25_21:02:00.00,1292.0,-86.06,-86.4,2
2016-07-25_21:02:00.00,1294.0,-87.25,-85.76,2
2016-07-25_21:02:00.00,1296.0,-85.43,-84.5,2
2016-07-25_21:02:00.00,1298.0,-85.24,-86.25,2
2016-07-25_21:02:00.00,1300.0,-84.37,-86.15,2
2016-07-25_21:02:10.00,1250.0,-87.29,-89.75,2
2016-07-25_21:02:10.00,1252.0,-87.82,-88.04,2
2016-07-25_21:02:10.00,1254.0,-87.13,-87.66,2
2016-07-25_21:02:10.00,1256.0,-88.14,-84.7,3
2016-07-25_21:02:10.00,1258.0,-85.08,-88.2,1
2016-07-25_21:02:10.00,1260.0,-87.06,-84.68,2
2016-07-25_21:02:10.00,1262.0,-86.98,-88.15,2
2016-07-25_21:02:10.00,1264.0,-85.82,-86.01,2
2016-07-25_21:02:10.00,1266.0,-86.51,-86.18,2
2016-07-25_21:02:10.00,1268.0,-86.41,-86.69,2
2016-07-25_21:02:10.00,1270.0,-85.42,-85.94,2
2016-07-25_21:02:10.00,1272.0,-87.5,-87.99,2
2016-07-25_21:02:10.00,1274.0,-89.53,-83.94,3
2016-07-25_21:02:10.00,1276.0,-87.78,-85.87,2
2016-07-25_21:02:10.00,1278.0,-88.41,-85.2,3
2016-07-25_21:02:10.00,1280.0,-88.49,-87.89,2
2016-07-25_21:02:10.00,1282.0,-86.22,-85.55,2
2016-07-25_21:02:10.00,1284.0,-85.87,-89.46,1
2016-07-25_21:02:10.00,1286.0,-86.07,-86.06,2
2016-07-25_21:02:10.00,1288.0,-87.5,-87.61,2
2016-07-25_21:02:10.00,1290.0,-85.3,-87.09,2
2016-07-25_21:02:10.00,1292.0,-88.04,-89.2,2
2016-07-25_21:02:10.00,1294.0,-88.84,-85.78,3
2016-07-25_21:02:20.00,1248.0,-89.18,-87.95,2
2016-07-25_21:02:20.00,1250.0,-88.6,-86.0,2
2016-07-25_21:02:20.00,1252.0,-86.44,-86.86,2
2016-07-25_21:02:20.00,1254.0,-87.79,-82.38,3
2016-07-25_21:02:20.00,1256.0,-87.73,-88.99,2
2016-07-25_21:02:20.00,1258.0,-84.71,-86.73,2
2016-07-25_21:02:20.00,1260.0,-87.08,-86.83,2
2016-07-25_21:02:20.00,1262.0,-88.41,-85.3,3
2016-07-25_21:02:20.00,1264.0,-87.98,-88.28,2
2016-07-25_21:02:20.00,1266.0,-89.17,-89.8,2
2016-07-25_21:02:20.00,1268.0,-85.89,-89.59,1
2016-07-25_21:02:20.00,1270.0,-88.48,-87.07,2
2016-07-25_21:02:20.00,1272.0,-87.44,-85.82,2
2016-07-25_21:02:20.00,1274.0,-87.71,-85.85,2
2016-07-25_21:02:20.00,1276.0,-87.09,-86.78,2
2016-07-25_21:02:20.00,1278.0,-86.7,-87.41,2
2016-07-25_21:02:20.00,1280.0,-84.05,-87.63,1
2016-07-25_21:02:20.00,1282.0,-89.43,-85.49,3
2016-07-25_21:02:20.00,1284.0,-87.27,-86.86,2
2016-07-25_21:02:20.00,1286.0,-87.52,-88.09,2
2016-07-25_21:02:20.00,1288.0,-86.72,-89.19,2
2016-07-25_21:02:20.00,1290.0,-87.76,-89.31,2
2016-07-25_21:02:20.00,1292.0,-85.45,-89.37,1
2016-07-25_21:02:30.00,1240.0,-87.89,-88.28,2
2016-07-25_21:02:30.00,1242.0,-84.59,-89.14,1
2016-07-25_21:02:30.00,1244.0,-86.08,-89.96,1
2016-07-25_21:02:30.00,1246.0,-85.09,-89.21,1
2016-07-25_21:02:30.00,1248.0,-84.5,-87.27,2
2016-07-25_21:02:30.00,1250.0,-85.26,-88.18,2
2016-07-25_21:02:30.00,1252.0,-85.51,-85.6,2
2016-07-25_21:02:30.00,1254.0,-86.68,-88.08,2
2016-07-25_21:02:30.00,1256.0,-84.83,-87.11,2
2016-07-25_21:02:30.00,1258.0,-84.57,-86.15,2
2016-07-25_21:02:30.00,1260.0,-86.19,-87.54,2
2016-07-25_21:02:30.00,1262.0,-85.49,-90.77,1
2016-07-25_21:02:30.00,1264.0,-83.57,-85.43,2
2016-07-25_21:02:30.00,1266.0,-86.37,-89.72,1
2016-07-25_21:02:30.00,1268.0,-85.92,-86.38,2
2016-07-25_21:02:30.00,1270.0,-84.97,-85.7,2
2016-07-25_21:02:30.00,1272.0,-87.4,-85.49,2
2016-07-25_21:02:30.00,1274.0,-87.13,-84.74,2
2016-07-25_21:02:30.00,1276.0,-88.07,-85.87,2
2016-07-25_21:02:30.00,1278.0,-85.59,-84.39,2
2016-07-25_21:02:30.00,1280.0,-87.56,-85.53,2
2016-07-25_21:02:30.00,1282.0,-85.99,-84.57,2
2016-07-25_21:02:40.00,1232.0,-87.92,-84.78,3
2016-07-25_21:02:40.00,1234.0,-85.25,-87.41,2
2016-07-25_21:02:40.00,1236.0,-85.3,-84.19,2
2016-07-25_21:02:40.00,1238.0,-83.7,-88.51,1
2016-07-25_21:02:40.00,1240.0,-84.29,-86.38,2
2016-07-25_21:02:40.00,1242.0,-79.85,-85.29,1
2016-07-25_21:02:40.00,1244.0,-80.56,-85.03,1
2016-07-25_21:02:40.00,1246.0,-81.78,-87.66,1
2016-07-25_21:02:40.00,1248.0,-82.64,-88.48,1
2016-07-25_21:02:40.00,1250.0,-82.47,-87.38,1
2016-07-25_21:02:40.00,1252.0,-83.01,-85.87,2
2016-07-25_21:02:40.00,1254.0,-82.33,-86.42,1
2016-07-25_21:02:40.00,1256.0,-83.23,-85.47,2
2016-07-25_21:02:40.00,1258.0,-81.53,-87.2,1
2016-07-25_21:02:40.00,1260.0,-82.82,-85.5,2
2016-07-25_21:02:40.00,1262.0,-84.02,-87.18,1
2016-07-25_21:02:40.00,1264.0,-82.34,-83.53,2
2016-07-25_21:02:40.00,1266.0,-78.41,-85.84,1
2016-07-25_21:02:40.00,1268.0,-76.42,-81.6,1
2016-07-25_21:02:40.00,1270.0,-80.53,-84.88,1
2016-07-25_21:02:40.00,1272.0,-79.15,-86.71,1
2016-07-25_21:02:50.00,1224.0,-88.54,-87.78,2
2016-07-25_21:02:50.00,1226.0,-88.19,-88.03,2
2016-07-25_21:02:50.00,1228.0,-88.17,-87.01,2
2016-07-25_21:02:50.00,1230.0,-85.95,-89.31,1
2016-07-25_21:02:50.00,1232.0,-87.81,-87.99,2
2016-07-25_21:02:50.00,1234.0,-88.47,-86.01,2
2016-07-25_21:02:50.00,1236.0,-85.83,-87.39,2
2016-07-25_21:02:50.00,1238.0,-89.57,-84.51,3
2016-07-25_21:02:50.00,1240.0,-85.52,-86.77,2
2016-07-25_21:02:50.00,1242.0,-87.18,-86.97,2
2016-07-25_21:02:50.00,1244.0,-85.99,-87.96,2
2016-07-25_21:02:50.00,1246.0,-88.06,-88.13,2
2016-07-25_21:02:50.00,1248.0,-87.21,-88.41,2
2016-07-25_21:02:50.00,1250.0,-86.98,-88.75,2
2016-07-25_21:02:50.00,1252.0,-88.28,-88.17,2
2016-07-25_21:02:50.00,1254.0,-86.71,-87.05,2
2016-07-25_21:02:50.00,1256.0,-87.31,-83.87,3
2016-07-25_21:02:50.00,1258.0,-85.15,-87.79,2
2016-07-25_21:02:50.00,1260.0,-86.08,-84.97,2
2016-07-25_21:02:50.00,1262.0,-86.56,-85.86,2
2016-07-25_21:02:50.00,1264.0,-87.75,-84.8,2
2016-07-25_21:03:00.00,1216.0,-87.78,-87.31,2
2016-07-25_21:03:00.00,1218.0,-84.98,-86.57,2
2016-07-25_21:03:00.00,1220.0,-86.11,-88.07,2
2016-07-25_21:03:00.00,1222.0,-86.78,-86.93,2
2016-07-25_21:03:00.00,1224.0,-85.56,-88.04,2
2016-07-25_21:03:00.00,1226.0,-86.52,-86.62,2
2016-07-25_21:03:00.00,1228.0,-86.74,-90.77,1
2016-07-25_21:03:00.00,1230.0,-86.46,-88.83,2
2016-07-25_21:03:00.00,1232.0,-84.17,-86.05,2
2016-07-25_21:03:00.00,1234.0,-86.15,-88.16,2
2016-07-25_21:03:00.00,1236.0,-83.98,-85.82,2
2016-07-25_21:03:00.00,1238.0,-88.47,-87.06,2
2016-07-25_21:03:00.00,1240.0,-85.58,-87.06,2
2016-07-25_21:03:00.00,1242.0,-88.35,-83.41,3
2016-07-25_21:03:00.00,1244.0,-86.97,-84.96,2
2016-07-25_21:03:00.00,1246.0,-86.52,-87.81,2
2016-07-25_21:03:00.00,1248.0,-87.2,-88.01,2
2016-07-25_21:03:00.00,1250.0,-87.59,-88.45,2
2016-07-25_21:03:00.00,1252.0,-83.92,-86.94,1
2016-07-25_21:03:00.00,1254.0,-88.65,-83.84,3
2016-07-25_21:03:00.00,1256.0,-87.88,-86.46,2
2016-07-25_21:03:10.00,1206.0,-88.96,-86.3,2
2016-07-25_21:03:10.00,1208.0,-86.69,-84.87,2
2016-07-25_21:03:10.00,1210.0,-85.92,-85.1,2
2016-07-25_21:03:10.00,1212.0,-88.17,-85.84,2
2016-07-25_21:03:10.00,1214.0,-86.96,-81.91,3
2016-07-25_21:03:10.00,1216.0,-85.71,-85.16,2
2016-07-25_21:03:10.00,1218.0,-88.0,-89.33,2
2016-07-25_21:03:10.00,1220.0,-87.79,-84.63,3
2016-07-25_21:03:10.00,1222.0,-87.19,-88.64,2
2016-07-25_21:03:10.00,1224.0,-87.54,-86.17,2
2016-07-25_21:03:10.00,1226.0,-86.34,-85.18,2
2016-07-25_21:03:10.00,1228.0,-86.48,-84.1,2
2016-07-25_21:03:10.00,1230.0,-89.59,-84.95,3
2016-07-25_21:03:10.00,1232.0,-88.22,-88.19,2
2016-07-25_21:03:10.00,1234.0,-88.33,-87.17,2
2016-07-25_21:03:10.00,1236.0,-86.12,-86.35,2
2016-07-25_21:03:10.00,1238.0,-88.23,-89.77,2
2016-07-25_21:03:10.00,1240.0,-89.74,-89.05,2
2016-07-25_21:03:10.00,1242.0,-87.77,-85.63,2
2016-07-25_21:03:10.00,1244.0,-87.38,-85.38,2
2016-07-25_21:03:20.00,1196.0,-84.18,-86.16,2
2016-07-25_21:03:20.00,1198.0,-82.45,-87.06,1
2016-07-25_21:03:20.00,1200.0,-83.39,-85.31,2
2016-07-25_21:03:20.00,1202.0,-84.03,-85.04,2
2016-07-25_21:03:20.00,1204.0,-86.71,-89.03,2
2016-07-25_21:03:20.00,1206.0,-87.24,-86.7,2
2016-07-25_21:03:20.00,1208.0,-85.71,-87.43,2
2016-07-25_21:03:20.00,1210.0,-84.14,-87.04,2
2016-07-25_21:03:20.00,1212.0,-85.25,-84.86,2
2016-07-25_21:03:20.00,1214.0,-82.63,-83.69,2
2016-07-25_21:03:20.00,1216.0,-85.75,-83.9,2
2016-07-25_21:03:20.00,1218.0,-84.69,-87.48,2
2016-07-25_21:03:20.00,1220.0,-85.88,-86.74,2
2016-07-25_21:03:20.00,1222.0,-87.29,-84.9,2
2016-07-25_21:03:20.00,1224.0,-84.37,-85.72,2
2016-07-25_21:03:20.00,1226.0,-86.88,-85.74,2
2016-07-25_21:03:20.00,1228.0,-85.69,-86.2,2
2016-07-25_21:03:20.00,1230.0,-86.68,-87.23,2
2016-07-25_21:03:20.00,1232.0,-84.42,-86.98,2
2016-07-25_21:03:20.00,1234.0,-88.66,-87.77,2
2016-07-25_21:03:30.00,1186.0,-86.7,-88.31,2
2016-07-25_21:03:30.00,1188.0,-86.28,-88.76,2
2016-07-25_21:03:30.00,1190.0,-86.25,-83.89,2
2016-07-25_21:03:30.00,1192.0,-87.4,-84.55,2
2016-07-25_21:03:30.00,1194.0,-87.51,-85.27,2
2016-07-25_21:03:30.00,1196.0,-86.71,-85.62,2
2016-07-25_21:03:30.00,1198.0,-83.11,-85.09,2
2016-07-25_21:03:30.00,1200.0,-81.99,-83.92,2
2016-07-25_21:03:30.00,1202.0,-86.96,-84.33,2
2016-07-25_21:03:30.00,1204.0,-85.2,-86.58,2
2016-07-25_21:03:30.00,1206.0,-84.34,-87.33,2
2016-07-25_21:03:30.00,1208.0,-85.64,-83.73,2
2016-07-25_21:03:30.00,1210.0,-84.15,-87.76,1
2016-07-25_21:03:30.00,1212.0,-87.14,-87.63,2
2016-07-25_21:03:30.00,1214.0,-83.25,-88.88,1
2016-07-25_21:03:30.00,1216.0,-88.62,-86.45,2
2016-07-25_21:03:30.00,1218.0,-86.31,-87.92,2
2016-07-25_21:03:30.00,1220.0,-84.5,-89.18,1
2016-07-25_21:03:30.00,1222.0,-85.79,-90.06,1
2016-07-25_21:03:40.00,1174.0,-84.77,-87.96,1
2016-07-25_21:03:40.00,1176.0,-87.06,-91.44,1
2016-07-25_21:03:40.00,1178.0,-86.56,-86.78,2
2016-07-25_21:03:40.00,1180.0,-86.3,-86.32,2
2016-07-25_21:03:40.00,1182.0,-85.87,-85.46,2
2016-07-25_21:03:40.00,1184.0,-84.72,-89.43,1
2016-07-25_21:03:40.00,1186.0,-84.5,-88.51,1
2016-07-25_21:03:40.00,1188.0,-85.07,-86.87,2
2016-07-25_21:03:40.00,1190.0,-87.95,-90.47,2
2016-07-25_21:03:40.00,1192.0,-89.11,-87.65,2
2016-07-25_21:03:40.00,1194.0,-85.86,-88.08,2
2016-07-25_21:03:40.00,1196.0,-87.07,-87.72,2
2016-07-25_21:03:40.00,1198.0,-87.22,-83.37,3
2016-07-25_21:03:40.00,1200.0,-85.48,-82.3,3
2016-07-25_21:03:40.00,1202.0,-84.21,-84.8,2
2016-07-25_21:03:40.00,1204.0,-85.59,-87.84,2
2016-07-25_21:03:40.00,1206.0,-86.2,-86.77,2
2016-07-25_21:03:40.00,1208.0,-85.37,-88.02,2
2016-07-25_21:03:40.00,1210.0,-85.17,-86.59,2
2016-07-25_21:03:40.00,1212.0,-82.76,-87.7,1
2016-07-25_21:03:50.00,1162.0,-88.87,-85.25,3
2016-07-25_21:03:50.00,1164.0,-85.18,-88.54,1
2016-07-25_21:03:50.00,1166.0,-88.24,-85.39,2
2016-07-25_21:03:50.00,1168.0,-87.02,-84.7,2
2016-07-25_21:03:50.00,1170.0,-86.48,-84.77,2
2016-07-25_21:03:50.00,1172.0,-74.07,-79.3,1
2016-07-25_21:03:50.00,1174.0,-78.45,-85.43,1
2016-07-25_21:03:50.00,1176.0,-73.38,-84.73,1
2016-07-25_21:03:50.00,1178.0,-78.87,-86.81,1
2016-07-25_21:03:50.00,1180.0,-79.82,-87.29,1
2016-07-25_21:03:50.00,1182.0,-86.1,-83.3,2
2016-07-25_21:03:50.00,1184.0,-84.05,-86.9,2
2016-07-25_21:03:50.00,1186.0,-83.01,-87.51,1
2016-07-25_21:03:50.00,1188.0,-86.88,-83.29,3
2016-07-25_21:03:50.00,1190.0,-88.78,-87.73,2
2016-07-25_21:03:50.00,1192.0,-84.61,-87.23,2
2016-07-25_21:03:50.00,1194.0,-86.71,-90.37,1
2016-07-25_21:03:50.00,1196.0,-86.1,-86.76,2
2016-07-25_21:03:50.00,1198.0,-87.61,-89.18,2
2016-07-25_21:03:50.00,1200.0,-86.03,-82.13,3
2016-07-25_21:04:00.00,1148.0,-85.86,-83.79,2
2016-07-25_21:04:00.00,1150.0,-81.82,-87.93,1
2016-07-25_21:04:00.00,1152.0,-85.57,-86.64,2
2016-07-25_21:04:00.00,1154.0,-87.99,-82.58,3
2016-07-25_21:04:00.00,1156.0,-85.13,-86.8,2
2016-07-25_21:04:00.00,1158.0,-85.56,-88.52,2
2016-07-25_21:04:00.00,1160.0,-84.22,-86.49,2
2016-07-25_21:04:00.00,1162.0,-87.89,-86.23,2
2016-07-25_21:04:00.00,1164.0,-86.79,-85.66,2
2016-07-25_21:04:00.00,1166.0,-88.45,-85.54,2
2016-07-25_21:04:00.00,1168.0,-85.46,-87.3,2
2016-07-25_21:04:00.00,1170.0,-85.92,-88.06,2
2016-07-25_21:04:00.00,1172.0,-85.82,-88.09,2
2016-07-25_21:04:00.00,1174.0,-86.82,-86.23,2
2016-07-25_21:04:00.00,1176.0,-87.84,-87.18,2
2016-07-25_21:04:00.00,1178.0,-85.49,-86.35,2
2016-07-25_21:04:00.00,1180.0,-86.13,-86.63,2
2016-07-25_21:04:00.00,1182.0,-86.14,-86.63,2
2016-07-25_21:04:00.00,1184.0,-86.15,-86.37,2
2016-07-25_21:04:00.00,1186.0,-86.39,-85.56,2
2016-07-25_21:04:10.00,1136.0,-86.42,-87.56,2
2016-07-25_21:04:10.00,1138.0,-85.48,-85.61,2
2016-07-25_21:04:10.00,1140.0,-89.04,-84.66,3
2016-07-25_21:04:10.00,1142.0,-85.8,-83.79,2
2016-07-25_21:04:10.00,1144.0,-85.08,-84.92,2
2016-07-25_21:04:10.00,1146.0,-82.16,-89.64,1
2016-07-25_21:04:10.00,1148.0,-85.05,-84.34,2
2016-07-25_21:04:10.00,1150.0,-83.6,-86.49,2
2016-07-25_21:04:10.00,1152.0,-84.06,-83.76,2
2016-07-25_21:04:10.00,1154.0,-85.83,-88.04,2
2016-07-25_21:04:10.00,1156.0,-89.04,-86.04,2
2016-07-25_21:04:10.00,1158.0,-85.84,-86.38,2
2016-07-25_21:04:10.00,1160.0,-85.85,-86.35,2
2016-07-25_21:04:10.00,1162.0,-87.4,-86.33,2
2016-07-25_21:04:10.00,1164.0,-84.26,-85.0,2
2016-07-25_21:04:10.00,1166.0,-86.99,-83.09,3
2016-07-25_21:04:10.00,1168.0,-85.44,-86.64,2
2016-07-25_21:04:10.00,1170.0,-84.35,-90.33,1
2016-07-25_21:04:10.00,1172.0,-84.46,-88.28,1
2016-07-25_21:04:10.00,1174.0,-84.66,-87.59,2
2016-07-25_21:04:10.00,1176.0,-86.4,-86.95,2
2016-07-25_21:04:20.00,1124.0,-85.62,-82.81,2
2016-07-25_21:04:20.00,1126.0,-87.48,-84.4,3
2016-07-25_21:04:20.00,1128.0,-88.26,-86.54,2
2016-07-25_21:04:20.00,1130.0,-85.0,-82.42,2
2016-07-25_21:04:20.00,1132.0,-85.66,-86.7,2
2016-07-25_21:04:20.00,1134.0,-83.58,-85.28,2
2016-07-25_21:04:20.00,1136.0,-88.35,-87.95,2
2016-07-25_21:04:20.00,1138.0,-86.43,-83.28,3
2016-07-25_21:04:20.00,1140.0,-86.62,-87.24,2
2016-07-25_21:04:20.00,1142.0,-81.6,-87.97,1
2016-07-25_21:04:20.00,1144.0,-82.31,-85.76,1
2016-07-25_21:04:20.00,1146.0,-82.04,-83.27,2
2016-07-25_21:04:20.00,1148.0,-85.99,-84.76,2
2016-07-25_21:04:20.00,1150.0,-83.57,-87.3,1
2016-07-25_21:04:20.00,1152.0,-87.09,-85.92,2
2016-07-25_21:04:20.00,1154.0,-86.93,-88.99,2
2016-07-25_21:04:20.00,1156.0,-85.35,-85.4,2
2016-07-25_21:04:20.00,1158.0,-84.9,-86.64,2
2016-07-25_21:04:20.00,1160.0,-86.39,-90.81,1
2016-07-25_21:04:20.00,1162.0,-87.45,-84.79,2
2016-07-25_21:04:20.00,1164.0,-85.15,-88.87,1
2016-07-25_21:04:30.00,1110.0,-86.48,-88.63,2
2016-07-25_21:04:30.00,1112.0,-85.36,-82.99,2
2016-07-25_21:04:30.00,1114.0,-87.01,-84.92,2
2016-07-25_21:04:30.00,1116.0,-86.97,-87.58,2
2016-07-25_21:04:30.00,1118.0,-90.87,-85.56,3
2016-07-25_21:04:30.00,1120.0,-85.1,-87.96,2
2016-07-25_21:04:30.00,1122.0,-87.53,-85.03,2
2016-07-25_21:04:30.00,1124.0,-88.47,-88.54,2
2016-07-25_21:04:30.00,1126.0,-86.22,-85.02,2
2016-07-25_21:04:30.00,1128.0,-84.79,-84.14,2
2016-07-25_21:04:30.00,1130.0,-83.11,-86.06,2
2016-07-25_21:04:30.00,1132.0,-86.9,-84.89,2
2016-07-25_21:04:30.00,1134.0,-85.11,-84.71,2
2016-07-25_21:04:30.00,1136.0,-84.09,-83.66,2
2016-07-25_21:04:30.00,1138.0,-87.91,-86.43,2
2016-07-25_21:04:30.00,1140.0,-86.7,-83.87,2
2016-07-25_21:04:30.00,1142.0,-83.02,-84.02,2
2016-07-25_21:04:30.00,1144.0,-84.48,-82.99,2
2016-07-25_21:04:30.00,1146.0,-86.69,-81.94,3
2016-07-25_21:04:30.00,1148.0,-87.4,-86.84,2
2016-07-25_21:04:40.00,1096.0,-85.75,-86.25,2
2016-07-25_21:04:40.00,1098.0,-84.46,-84.86,2
2016-07-25_21:04:40.00,1100.0,-87.28,-86.18,2
2016-07-25_21:04:40.00,1102.0,-83.18,-86.22,1
2016-07-25_21:04:40.00,1104.0,-84.26,-85.96,2
2016-07-25_21:04:40.00,1106.0,-82.68,-85.9,1
2016-07-25_21:04:40.00,1108.0,-85.45,-88.31,2
2016-07-25_21:04:40.00,1110.0,-84.52,-86.13,2
2016-07-25_21:04:40.00,1112.0,-84.55,-84.88,2
2016-07-25_21:04:40.00,1114.0,-86.6,-86.71,2
2016-07-25_21:04:40.00,1116.0,-85.02,-86.24,2
2016-07-25_21:04:40.00,1118.0,-85.55,-86.43,2
2016-07-25_21:04:40.00,1120.0,-88.2,-87.71,2
2016-07-25_21:04:40.00,1122.0,-87.98,-85.93,2
2016-07-25_21:04:40.00,1124.0,-85.12,-86.41,2
2016-07-25_21:04:40.00,1126.0,-86.62,-86.61,2
2016-07-25_21:04:40.00,1128.0,-86.14,-88.38,2
2016-07-25_21:04:40.00,1130.0,-84.68,-86.02,2
2016-07-25_21:04:40.00,1132.0,-85.98,-87.71,2
2016-07-25_21:04:40.00,1134.0,-86.05,-84.57,2
2016-07-25_21:04:50.00,1090.0,-84.04,-88.22,1
2016-07-25_21:04:50.00,1092.0,-85.45,-87.3,2
2016-07-25_21:04:50.00,1094.0,-83.88,-83.1,2
2016-07-25_21:04:50.00,1096.0,-84.25,-87.12,2
2016-07-25_21:04:50.00,1098.0,-84.16,-87.33,1
2016-07-25_21:04:50.00,1100.0,-83.77,-83.58,2
2016-07-25_21:04:50.00,1102.0,-86.19,-87.24,2
2016-07-25_21:04:50.00,1104.0,-82.9,-87.05,1
2016-07-25_21:04:50.00,1106.0,-83.12,-87.6,1
2016-07-25_21:04:50.00,1108.0,-83.32,-88.11,1
2016-07-25_21:04:50.00,1110.0,-84.62,-88.17,1
2016-07-25_21:04:50.00,1112.0,-85.69,-84.14,2
2016-07-25_21:04:50.00,1114.0,-84.67,-85.35,2
2016-07-25_21:04:50.00,1116.0,-82.84,-86.86,1
2016-07-25_21:04:50.00,1118.0,-84.41,-83.97,2
2016-07-25_21:04:50.00,1120.0,-91.22,-85.85,3
2016-07-25_21:04:50.00,1122.0,-85.5,-84.33,2
2016-07-25_21:04:50.00,1124.0,-86.93,-89.48,2
2016-07-25_21:04:50.00,1126.0,-84.44,-86.45,2
2016-07-25_21:04:50.00,1128.0,-84.47,-87.81,1
2016-07-25_21:05:00.00,1070.0,-85.53,-90.51,1
2016-07-25_21:05:00.00,1072.0,-87.15,-87.64,2
2016-07-25_21:05:00.00,1074.0,-84.29,-87.34,1
2016-07-25_21:05:00.00,1076.0,-85.75,-84.3,2
2016-07-25_21:05:00.00,1078.0,-84.56,-84.03,2
2016-07-25_21:05:00.00,1080.0,-80.78,-87.6,1
2016-07-25_21:05:00.00,1082.0,-80.94,-84.81,1
2016-07-25_21:05:00.00,1084.0,-85.65,-88.3,2
2016-07-25_21:05:00.00,1086.0,-88.33,-86.62,2
2016-07-25_21:05:00.00,1088.0,-83.98,-85.86,2
2016-07-25_21:05:00.00,1090.0,-81.83,-83.91,2
2016-07-25_21:05:00.00,1092.0,-82.03,-84.28,2
2016-07-25_21:05:00.00,1094.0,-86.57,-89.59,1
2016-07-25_21:05:00.00,1096.0,-88.22,-85.96,2
2016-07-25_21:05:00.00,1098.0,-86.93,-85.3,2
2016-07-25_21:05:00.00,1100.0,-83.41,-87.76,1
2016-07-25_21:05:00.00,1102.0,-85.47,-87.53,2
2016-07-25_21:05:00.00,1104.0,-85.48,-86.18,2
2016-07-25_21:05:00.00,1106.0,-82.2,-86.2,1
2016-07-25_21:05:00.00,1108.0,-85.19,-83.18,2
2016-07-25_21:05:00.00,1110.0,-83.84,-88.1,1
2016-07-25_21:05:00.00,1112.0,-83.03,-83.46,2
2016-07-25_21:05:10.00,1064.0,-83.87,-91.47,1
2016-07-25_21:05:10.00,1066.0,-85.64,-93.02,1
2016-07-25_21:05:10.00,1068.0,-85.77,-88.21,2
2016-07-25_21:05:10.00,1070.0,-86.34,-88.03,2
2016-07-25_21:05:10.00,1072.0,-87.53,-89.26,2
2016-07-25_21:05:10.00,1074.0,-86.28,-87.52,2
2016-07-25_21:05:10.00,1076.0,-85.07,-84.84,2
2016-07-25_21:05:10.00,1078.0,-84.99,-86.93,2
2016-07-25_21:05:10.00,1080.0,-86.03,-85.9,2
2016-07-25_21:05:10.00,1082.0,-81.67,-86.21,1
2016-07-25_21:05:10.00,1084.0,-83.59,-84.03,2
2016-07-25_21:05:10.00,1086.0,-84.99,-87.11,2
2016-07-25_21:05:10.00,1088.0,-86.09,-86.55,2
2016-07-25_21:05:10.00,1090.0,-85.41,-88.35,2
2016-07-25_21:05:10.00,1092.0,-82.17,-90.28,1
2016-07-25_21:05:10.00,1094.0,-84.21,-88.58,1
2016-07-25_21:05:10.00,1096.0,-86.93,-90.39,1
2016-07-25_21:05:10.00,1098.0,-84.04,-87.71,1
2016-07-25_21:05:10.00,1100.0,-86.31,-90.08,1
2016-07-25_21:05:10.00,1102.0,-82.91,-85.39,2
2016-07-25_21:05:10.00,1104.0,-81.52,-85.89,1
2016-07-25_21:05:20.00,1058.0,-86.96,-88.17,2
2016-07-25_21:05:20.00,1060.0,-83.98,-85.8,2
2016-07-25_21:05:20.00,1062.0,-87.35,-88.89,2
2016-07-25_21:05:20.00,1064.0,-85.59,-87.22,2
2016-07-25_21:05:20.00,1066.0,-84.7,-84.89,2
2016-07-25_21:05:20.00,1068.0,-84.28,-90.56,1
2016-07-25_21:05:20.00,1070.0,-85.48,-86.32,2
2016-07-25_21:05:20.00,1072.0,-84.33,-86.26,2
2016-07-25_21:05:20.00,1074.0,-87.41,-91.15,1
2016-07-25_21:05:20.00,1076.0,-88.48,-88.07,2
2016-07-25_21:05:20.00,1078.0,-84.31,-86.19,2
2016-07-25_21:05:20.00,1080.0,-85.83,-87.07,2
2016-07-25_21:05:20.00,1082.0,-85.68,-89.44,1
2016-07-25_21:05:20.00,1084.0,-84.37,-85.75,2
2016-07-25_21:05:20.00,1086.0,-83.97,-88.93,1
2016-07-25_21:05:20.00,1088.0,-86.5,-87.11,2
2016-07-25_21:05:20.00,1090.0,-84.96,-89.61,1
2016-07-25_21:05:20.00,1092.0,-83.33,-87.53,1
2016-07-25_21:05:20.00,1094.0,-82.69,-85.39,2
2016-07-25_21:05:20.00,1096.0,-83.87,-86.28,2
2016-07-25_21:05:30.00,1050.0,-84.9,-85.02,2
2016-07-25_21:05:30.00,1052.0,-80.68,-85.99,1
2016-07-25_21:05:30.00,1054.0,-81.67,-88.3,1
2016-07-25_21:05:30.00,1056.0,-81.56,-83.52,2
2016-07-25_21:05:30.00,1058.0,-84.89,-86.21,2
2016-07-25_21:05:30.00,1060.0,-83.81,-85.44,2
2016-07-25_21:05:30.00,1062.0,-82.13,-91.03,1
2016-07-25_21:05:30.00,1064.0,-87.94,-87.88,2
2016-07-25_21:05:30.00,1066.0,-82.54,-88.64,1
2016-07-25_21:05:30.00,1068.0,-84.37,-85.67,2
2016-07-25_21:05:30.00,1070.0,-89.2,-82.79,3
2016-07-25_21:05:30.00,1072.0,-84.42,-87.91,1
2016-07-25_21:05:30.00,1074.0,-81.85,-86.02,1
2016-07-25_21:05:30.00,1076.0,-87.86,-88.48,2
2016-07-25_21:05:30.00,1078.0,-83.81,-87.31,1
2016-07-25_21:05:30.00,1080.0,-85.45,-87.59,2
2016-07-25_21:05:30.00,1082.0,-85.29,-85.19,2
2016-07-25_21:05:30.00,1084.0,-88.08,-87.48,2
2016-07-25_21:05:30.00,1086.0,-85.74,-85.81,2
2016-07-25_21:05:30.00,1088.0,-84.68,-82.62,2
2016-07-25_21:05:30.00,1090.0,-87.52,-86.19,2
2016-07-25_21:05:40.00,1048.0,-82.51,-84.57,2
2016-07-25_21:05:40.00,1050.0,-85.24,-86.6,2
2016-07-25_21:05:40.00,1052.0,-80.52,-84.97,1
2016-07-25_21:05:40.00,1054.0,-85.13,-87.51,2
2016-07-25_21:05:40.00,1056.0,-87.22,-85.61,2
2016-07-25_21:05:40.00,1058.0,-84.83,-89.92,1
2016-07-25_21:05:40.00,1060.0,-83.49,-86.79,1
2016-07-25_21:05:40.00,1062.0,-84.61,-91.61,1
2016-07-25_21:05:40.00,1064.0,-86.43,-86.79,2
2016-07-25_21:05:40.00,1066.0,-83.23,-87.62,1
2016-07-25_21:05:40.00,1068.0,-83.6,-90.21,1
2016-07-25_21:05:40.00,1070.0,-83.78,-87.61,1
2016-07-25_21:05:40.00,1072.0,-83.33,-86.95,1
2016-07-25_21:05:40.00,1074.0,-83.32,-92.8,1
2016-07-25_21:05:40.00,1076.0,-81.65,-88.35,1
2016-07-25_21:05:40.00,1078.0,-84.73,-87.4,2
2016-07-25_21:05:40.00,1080.0,-81.86,-83.62,2
2016-07-25_21:05:40.00,1082.0,-84.35,-84.86,2
2016-07-25_21:05:40.00,1084.0,-85.95,-90.27,1
2016-07-25_21:05:50.00,1042.0,-82.58,-82.39,2
2016-07-25_21:05:50.00,1044.0,-83.09,-86.31,1
2016-07-25_21:05:50.00,1046.0,-83.99,-85.26,2
2016-07-25_21:05:50.00,1048.0,-84.73,-82.51,2
2016-07-25_21:05:50.00,1050.0,-85.09,-87.48,2
2016-07-25_21:05:50.00,1052.0,-87.18,-84.22,2
2016-07-25_21:05:50.00,1054.0,-82.29,-87.88,1
2016-07-25_21:05:50.00,1056.0,-88.84,-87.54,2
2016-07-25_21:05:50.00,1058.0,-84.31,-86.18,2
2016-07-25_21:05:50.00,1060.0,-83.79,-89.07,1
2016-07-25_21:05:50.00,1062.0,-82.18,-83.68,2
2016-07-25_21:05:50.00,1064.0,-86.26,-86.45,2
2016-07-25_21:05:50.00,1066.0,-85.36,-85.6,2
2016-07-25_21:05:50.00,1068.0,-86.15,-87.57,2
2016-07-25_21:05:50.00,1070.0,-85.04,-86.06,2
2016-07-25_21:05:50.00,1072.0,-84.54,-87.87,1
2016-07-25_21:05:50.00,1074.0,-82.78,-86.81,1
2016-07-25_21:05:50.00,1076.0,-84.22,-85.74,2
2016-07-25_21:05:50.00,1078.0,-83.5,-88.05,1
2016-07-25_21:05:50.00,1080.0,-84.13,-87.07,2
2016-07-25_21:06:00.00,1042.0,-79.8,-87.99,1
2016-07-25_21:06:00.00,1044.0,-82.27,-84.54,2
2016-07-25_21:06:00.00,1046.0,-80.84,-86.55,1
2016-07-25_21:06:00.00,1048.0,-81.94,-85.06,1
2016-07-25_21:06:00.00,1050.0,-86.05,-85.45,2
2016-07-25_21:06:00.00,1052.0,-83.77,-84.17,2
2016-07-25_21:06:00.00,1054.0,-83.17,-88.2,1
2016-07-25_21:06:00.00,1056.0,-84.7,-86.75,2
2016-07-25_21:06:00.00,1058.0,-84.61,-89.0,1
2016-07-25_21:06:00.00,1060.0,-83.04,-88.49,1
2016-07-25_21:06:00.00,1062.0,-82.11,-89.33,1
2016-07-25_21:06:00.00,1064.0,-83.7,-86.09,2
2016-07-25_21:06:00.00,1066.0,-83.35,-84.69,2
2016-07-25_21:06:00.00,1068.0,-84.69,-88.59,1
2016-07-25_21:06:00.00,1070.0,-84.42,-88.16,1
2016-07-25_21:06:00.00,1072.0,-84.71,-84.54,2
2016-07-25_21:06:00.00,1074.0,-84.2,-86.03,2
2016-07-25_21:06:00.00,1076.0,-86.05,-88.68,2
2016-07-25_21:06:00.00,1078.0,-84.64,-88.67,1
2016-07-25_21:06:10.00,1040.0,-82.24,-87.19,1
2016-07-25_21:06:10.00,1042.0,-81.08,-85.01,1
2016-07-25_21:06:10.00,1044.0,-81.22,-88.19,1
2016-07-25_21:06:10.00,1046.0,-80.12,-86.71,1
2016-07-25_21:06:10.00,1048.0,-80.87,-86.61,1
2016-07-25_21:06:10.00,1050.0,-84.28,-88.83,1
2016-07-25_21:06:10.00,1052.0,-81.59,-85.69,1
2016-07-25_21:06:10.00,1054.0,-83.75,-90.1,1
2016-07-25_21:06:10.00,1056.0,-86.77,-85.58,2
2016-07-25_21:06:10.00,1058.0,-83.93,-86.5,2
2016-07-25_21:06:10.00,1060.0,-82.02,-84.44,2
2016-07-25_21:06:10.00,1062.0,-83.24,-91.29,1
2016-07-25_21:06:10.00,1064.0,-83.91,-85.19,2
2016-07-25_21:06:10.00,1066.0,-84.32,-87.29,2
2016-07-25_21:06:10.00,1068.0,-85.56,-87.76,2
2016-07-25_21:06:10.00,1070.0,-84.14,-86.59,2
2016-07-25_21:06:10.00,1072.0,-84.61,-83.35,2
2016-07-25_21:06:10.00,1074.0,-84.33,-86.08,2
2016-07-25_21:06:10.00,1076.0,-88.0,-86.38,2
2016-07-25_21:06:20.00,1038.0,-83.34,-83.21,2
2016-07-25_21:06:20.00,1040.0,-79.69,-85.77,1
2016-07-25_21:06:20.00,1042.0,-84.07,-92.16,1
2016-07-25_21:06:20.00,1044.0,-80.05,-90.62,1
2016-07-25_21:06:20.00,1046.0,-81.82,-84.14,2
2016-07-25_21:06:20.00,1048.0,-82.42,-88.04,1
2016-07-25_21:06:20.00,1050.0,-81.58,-90.11,1
2016-07-25_21:06:20.00,1052.0,-81.7,-88.0,1
2016-07-25_21:06:20.00,1054.0,-86.68,-85.69,2
2016-07-25_21:06:20.00,1056.0,-83.0,-89.28,1
2016-07-25_21:06:20.00,1058.0,-83.12,-87.34,1
2016-07-25_21:06:20.00,1060.0,-86.49,-87.63,2
2016-07-25_21:06:20.00,1062.0,-86.99,-87.48,2
2016-07-25_21:06:20.00,1064.0,-80.91,-88.67,1
2016-07-25_21:06:20.00,1066.0,-89.17,-86.51,2
2016-07-25_21:06:20.00,1068.0,-81.85,-89.36,1
2016-07-25_21:06:20.00,1070.0,-83.17,-88.24,1
2016-07-25_21:06:20.00,1072.0,-87.09,-85.04,2
2016-07-25_21:06:20.00,1074.0,-83.43,-85.4,2
2016-07-25_21:06:20.00,1076.0,-86.16,-85.76,2
2016-07-25_21:06:30.00,1038.0,-82.78,-87.68,1
2016-07-25_21:06:30.00,1040.0,-83.18,-91.2,1
2016-07-25_21:06:30.00,1042.0,-81.55,-87.82,1
2016-07-25_21:06:30.00,1044.0,-79.77,-85.89,1
2016-07-25_21:06:30.00,1046.0,-81.43,-86.82,1
2016-07-25_21:06:30.00,1048.0,-85.24,-91.03,1
2016-07-25_21:06:30.00,1050.0,-84.15,-92.19,1
2016-07-25_21:06:30.00,1052.0,-80.81,-92.29,1
2016-07-25_21:06:30.00,1054.0,-84.3,-88.69,1
2016-07-25_21:06:30.00,1056.0,-87.22,-85.88,2
2016-07-25_21:06:30.00,1058.0,-82.76,-86.09,1
2016-07-25_21:06:30.00,1060.0,-83.22,-85.18,2
2016-07-25_21:06:30.00,1062.0,-86.29,-87.32,2
2016-07-25_21:06:30.00,1064.0,-83.69,-85.34,2
2016-07-25_21:06:30.00,1066.0,-80.54,-87.46,1
2016-07-25_21:06:30.00,1068.0,-78.46,-85.74,1
2016-07-25_21:06:30.00,1070.0,-85.25,-87.58,2
2016-07-25_21:06:30.00,1072.0,-85.72,-84.57,2
2016-07-25_21:06:30.00,1074.0,-85.87,-83.02,2
2016-07-25_21:06:30.00,1076.0,-89.0,-88.11,2
2016-07-25_21:06:30.00,1078.0,-86.03,-88.71,2
2016-07-25_21:06:40.00,1038.0,-82.78,-88.11,1
2016-07-25_21:06:40.00,1040.0,-81.05,-90.03,1
2016-07-25_21:06:40.00,1042.0,-83.27,-82.6,2
2016-07-25_21:06:40.00,1044.0,-79.92,-87.08,1
2016-07-25_21:06:40.00,1046.0,-82.43,-85.66,1
2016-07-25_21:06:40.00,1048.0,-85.23,-86.02,2
2016-07-25_21:06:40.00,1050.0,-85.35,-86.64,2
2016-07-25_21:06:40.00,1052.0,-85.59,-89.84,1
2016-07-25_21:06:40.00,1054.0,-86.04,-89.1,1
2016-07-25_21:06:40.00,1056.0,-83.49,-84.88,2
2016-07-25_21:06:40.00,1058.0,-83.22,-85.72,2
2016-07-25_21:06:40.00,1060.0,-83.06,-88.07,1
2016-07-25_21:06:40.00,1062.0,-84.7,-86.46,2
2016-07-25_21:06:40.00,1064.0,-85.74,-85.05,2
2016-07-25_21:06:40.00,1066.0,-85.86,-88.38,2
2016-07-25_21:06:40.00,1068.0,-84.88,-88.88,1
2016-07-25_21:06:40.00,1070.0,-86.68,-84.73,2
2016-07-25_21:06:40.00,1072.0,-84.68,-88.67,1
2016-07-25_21:06:40.00,1074.0,-83.07,-87.6,1
2016-07-25_21:06:40.00,1076.0,-84.85,-87.1,2
2016-07-25_21:06:40.00,1078.0,-87.86,-84.46,3
2016-07-25_21:06:40.00,1080.0,-88.31,-87.34,2
2016-07-25_21:06:40.00,1082.0,-84.69,-85.27,2
2016-07-25_21:06:50.00,1036.0,-87.18,-84.63,2
2016-07-25_21:06:50.00,1038.0,-78.8,-84.95,1
2016-07-25_21:06:50.00,1040.0,-77.65,-84.42,1
2016-07-25_21:06:50.00,1042.0,-84.3,-88.5,1
2016-07-25_21:06:50.00,1044.0,-84.3,-83.96,2
2016-07-25_21:06:50.00,1046.0,-81.63,-86.38,1
2016-07-25_21:06:50.00,1048.0,-86.26,-86.14,2
2016-07-25_21:06:50.00,1050.0,-83.97,-85.49,2
2016-07-25_21:06:50.00,1052.0,-84.75,-81.82,2
2016-07-25_21:06:50.00,1054.0,-81.72,-83.88,2
2016-07-25_21:06:50.00,1056.0,-84.85,-86.76,2
2016-07-25_21:06:50.00,1058.0,-79.07,-87.79,1
2016-07-25_21:06:50.00,1060.0,-85.34,-88.03,2
2016-07-25_21:06:50.00,1062.0,-81.92,-88.76,1
2016-07-25_21:06:50.00,1064.0,-86.23,-89.13,2
2016-07-25_21:06:50.00,1066.0,-86.04,-85.07,2
2016-07-25_21:06:50.00,1068.0,-83.82,-85.18,2
2016-07-25_21:06:50.00,1070.0,-84.96,-83.39,2
2016-07-25_21:06:50.00,1072.0,-84.65,-84.96,2
2016-07-25_21:06:50.00,1074.0,-84.37,-85.93,2
2016-07-25_21:06:50.00,1076.0,-82.81,-84.22,2
2016-07-25_21:06:50.00,1078.0,-84.89,-87.56,2
2016-07-25_21:06:50.00,1080.0,-83.16,-82.92,2
2016-07-25_21:07:00.00,1034.0,-86.73,-89.98,1
2016-07-25_21:07:00.00,1036.0,-84.48,-90.95,1
2016-07-25_21:07:00.00,1038.0,-78.55,-86.22,1
2016-07-25_21:07:00.00,1040.0,-85.42,-85.54,2
2016-07-25_21:07:00.00,1042.0,-85.62,-84.48,2
2016-07-25_21:07:00.00,1044.0,-84.37,-84.21,2
2016-07-25_21:07:00.00,1046.0,-83.19,-87.08,1
2016-07-25_21:07:00.00,1048.0,-81.86,-85.36,1
2016-07-25_21:07:00.00,1050.0,-84.63,-85.79,2
2016-07-25_21:07:00.00,1052.0,-84.65,-87.74,1
2016-07-25_21:07:00.00,1054.0,-80.47,-87.2,1
2016-07-25_21:07:00.00,1056.0,-83.33,-86.69,1
2016-07-25_21:07:00.00,1058.0,-82.97,-85.75,2
2016-07-25_21:07:00.00,1060.0,-85.65,-86.11,2
2016-07-25_21:07:00.00,1062.0,-82.76,-94.17,1
2016-07-25_21:07:00.00,1064.0,-82.78,-89.87,1
2016-07-25_21:07:00.00,1066.0,-85.63,-84.75,2
2016-07-25_21:07:00.00,1068.0,-83.31,-85.36,2
2016-07-25_21:07:00.00,1070.0,-84.36,-87.53,1
2016-07-25_21:07:00.00,1072.0,-85.75,-89.99,1
2016-07-25_21:07:00.00,1074.0,-83.69,-84.53,2
2016-07-25_21:07:00.00,1076.0,-82.26,-87.85,1
2016-07-25_21:07:10.00,1032.0,-82.62,-89.09,1
2016-07-25_21:07:10.00,1034.0,-86.5,-84.52,2
2016-07-25_21:07:10.00,1036.0,-80.89,-89.78,1
2016-07-25_21:07:10.00,1038.0,-82.26,-88.22,1
2016-07-25_21:07:10.00,1040.0,-81.76,-89.1,1
2016-07-25_21:07:10.00,1042.0,-85.13,-83.02,2
2016-07-25_21:07:10.00,1044.0,-84.35,-85.63,2
2016-07-25_21:07:10.00,1046.0,-85.28,-88.22,2
2016-07-25_21:07:10.00,1048.0,-84.6,-84.8,2
2016-07-25_21:07:10.00,1050.0,-84.28,-87.5,1
2016-07-25_21:07:10.00,1052.0,-83.81,-89.51,1
2016-07-25_21:07:10.00,1054.0,-88.57,-89.27,2
2016-07-25_21:07:10.00,1056.0,-81.56,-86.68,1
2016-07-25_21:07:10.00,1058.0,-84.51,-87.25,2
2016-07-25_21:07:10.00,1060.0,-84.74,-89.94,1
2016-07-25_21:07:10.00,1062.0,-82.22,-87.69,1
2016-07-25_21:07:10.00,1064.0,-80.79,-92.3,1
2016-07-25_21:07:10.00,1066.0,-86.32,-89.07,2
2016-07-25_21:07:10.00,1068.0,-83.57,-87.32,1
2016-07-25_21:07:10.00,1070.0,-82.72,-86.84,1
2016-07-25_21:07:10.00,1072.0,-86.62,-84.49,2
2016-07-25_21:07:20.00,1018.0,-84.15,-86.57,2
2016-07-25_21:07:20.00,1020.0,-78.9,-87.62,1
2016-07-25_21:07:20.00,1022.0,-82.83,-87.62,1
2016-07-25_21:07:20.00,1024.0,-83.31,-90.28,1
2016-07-25_21:07:20.00,1026.0,-83.28,-85.73,2
2016-07-25_21:07:20.00,1028.0,-81.86,-87.33,1
2016-07-25_21:07:20.00,1030.0,-80.91,-88.0,1
2016-07-25_21:07:20.00,1032.0,-80.82,-87.99,1
2016-07-25_21:07:20.00,1034.0,-83.18,-88.94,1
2016-07-25_21:07:20.00,1036.0,-85.71,-85.36,2
2016-07-25_21:07:20.00,1038.0,-86.45,-88.07,2
2016-07-25_21:07:20.00,1040.0,-82.34,-90.07,1
2016-07-25_21:07:20.00,1042.0,-84.07,-87.46,1
2016-07-25_21:07:20.00,1044.0,-84.26,-86.06,2
2016-07-25_21:07:20.00,1046.0,-84.96,-87.55,2
2016-07-25_21:07:20.00,1048.0,-83.67,-90.17,1
2016-07-25_21:07:20.00,1050.0,-83.57,-88.93,1
2016-07-25_21:07:20.00,1052.0,-85.91,-87.47,2
2016-07-25_21:07:20.00,1054.0,-84.45,-86.54,2
2016-07-25_21:07:20.00,1056.0,-83.77,-84.35,2
2016-07-25_21:07:20.00,1058.0,-85.29,-87.14,2
2016-07-25_21:07:20.00,1060.0,-84.78,-86.89,2
2016-07-25_21:07:30.00,1010.0,-82.48,-83.6,2
2016-07-25_21:07:30.00,1012.0,-86.02,-90.01,1
2016-07-25_21:07:30.00,1014.0,-82.45,-91.71,1
2016-07-25_21:07:30.00,1016.0,-81.35,-84.02,2
2016-07-25_21:07:30.00,1018.0,-81.91,-87.68,1
2016-07-25_21:07:30.00,1020.0,-83.19,-87.22,1
2016-07-25_21:07:30.00,1022.0,-84.8,-84.07,2
2016-07-25_21:07:30.00,1024.0,-86.6,-87.25,2
2016-07-25_21:07:30.00,1026.0,-81.3,-87.26,1
2016-07-25_21:07:30.00,1028.0,-79.5,-83.1,1
2016-07-25_21:07:30.00,1030.0,-85.48,-85.93,2
2016-07-25_21:07:30.00,1032.0,-85.37,-88.39,1
2016-07-25_21:07:30.00,1034.0,-85.14,-86.83,2
2016-07-25_21:07:30.00,1036.0,-85.03,-89.19,1
2016-07-25_21:07:30.00,1038.0,-83.73,-89.96,1
2016-07-25_21:07:30.00,1040.0,-83.7,-84.69,2
2016-07-25_21:07:30.00,1042.0,-88.93,-87.12,2
2016-07-25_21:07:30.00,1044.0,-85.92,-86.83,2
2016-07-25_21:07:30.00,1046.0,-80.3,-86.36,1
2016-07-25_21:07:30.00,1048.0,-84.66,-86.29,2
2016-07-25_21:07:30.00,1050.0,-87.07,-89.8,2
2016-07-25_21:07:30.00,1052.0,-85.61,-87.81,2
2016-07-25_21:07:40.00,992.0,-84.93,-89.41,1
2016-07-25_21:07:40.00,994.0,-82.83,-88.67,1
2016-07-25_21:07:40.00,996.0,-81.52,-88.67,1
2016-07-25_21:07:40.00,998.0,-81.18,-89.17,1
2016-07-25_21:07:40.00,1000.0,-82.05,-88.08,1
2016-07-25_21:07:40.00,1002.0,-78.2,-89.77,1
2016-07-25_21:07:40.00,1004.0,-78.0,-88.36,1
2016-07-25_21:07:40.00,1006.0,-79.02,-86.3,1
2016-07-25_21:07:40.00,1008.0,-85.61,-84.24,2
2016-07-25_21:07:40.00,1010.0,-81.88,-82.9,2
2016-07-25_21:07:40.00,1012.0,-77.01,-87.85,1
2016-07-25_21:07:40.00,1014.0,-79.52,-83.4,1
2016-07-25_21:07:40.00,1016.0,-84.12,-87.96,1
2016-07-25_21:07:40.00,1018.0,-83.83,-86.28,2
2016-07-25_21:07:40.00,1020.0,-83.5,-82.96,2
2016-07-25_21:07:40.00,1022.0,-80.86,-87.81,1
2016-07-25_21:07:40.00,1024.0,-85.8,-89.1,1
2016-07-25_21:07:40.00,1026.0,-79.37,-91.18,1
2016-07-25_21:07:40.00,1028.0,-78.56,-85.21,1
2016-07-25_21:07:40.00,1030.0,-82.51,-88.52,1
2016-07-25_21:07:40.00,1032.0,-82.04,-81.94,2
2016-07-25_21:07:40.00,1034.0,-82.68,-90.24,1
2016-07-25_21:07:50.00,970.0,-80.9,-88.84,1
2016-07-25_21:07:50.00,972.0,-83.62,-84.03,2
2016-07-25_21:07:50.00,974.0,-79.04,-87.33,1
2016-07-25_21:07:50.00,976.0,-81.8,-89.98,1
2016-07-25_21:07:50.00,978.0,-83.54,-89.47,1
2016-07-25_21:07:50.00,980.0,-84.15,-85.37,2
2016-07-25_21:07:50.00,982.0,-83.24,-85.6,2
2016-07-25_21:07:50.00,984.0,-79.56,-86.96,1
2016-07-25_21:07:50.00,986.0,-84.29,-87.51,1
2016-07-25_21:07:50.00,988.0,-81.08,-81.16,2
2016-07-25_21:07:50.00,990.0,-83.61,-85.93,2
2016-07-25_21:07:50.00,992.0,-84.76,-90.86,1
2016-07-25_21:07:50.00,994.0,-80.24,-90.88,1
2016-07-25_21:07:50.00,996.0,-84.36,-84.0,2
2016-07-25_21:07:50.00,998.0,-80.59,-82.41,2
2016-07-25_21:07:50.00,1000.0,-81.25,-84.37,1
2016-07-25_21:07:50.00,1002.0,-85.61,-87.16,2
2016-07-25_21:07:50.00,1004.0,-84.06,-87.48,1
2016-07-25_21:07:50.00,1006.0,-84.85,-86.98,2
2016-07-25_21:07:50.00,1008.0,-81.78,-84.48,2
2016-07-25_21:08:00.00,948.0,-81.11,-84.56,1
2016-07-25_21:08:00.00,950.0,-78.71,-88.45,1
2016-07-25_21:08:00.00,952.0,-84.57,-86.75,2
2016-07-25_21:08:00.00,954.0,-79.87,-87.22,1
2016-07-25_21:08:00.00,956.0,-81.86,-86.56,1
2016-07-25_21:08:00.00,958.0,-82.53,-88.25,1
2016-07-25_21:08:00.00,960.0,-79.8,-86.88,1
2016-07-25_21:08:00.00,962.0,-82.04,-86.73,1
2016-07-25_21:08:00.00,964.0,-79.93,-86.27,1
2016-07-25_21:08:00.00,966.0,-79.26,-86.31,1
2016-07-25_21:08:00.00,968.0,-80.26,-85.73,1
2016-07-25_21:08:00.00,970.0,-80.94,-87.6,1
2016-07-25_21:08:00.00,972.0,-83.61,-88.97,1
2016-07-25_21:08:00.00,974.0,-80.95,-83.89,2
2016-07-25_21:08:00.00,976.0,-83.76,-83.29,2
2016-07-25_21:08:00.00,978.0,-83.0,-84.12,2
2016-07-25_21:08:00.00,980.0,-82.36,-87.17,1
2016-07-25_21:08:00.00,982.0,-82.41,-84.33,2
2016-07-25_21:08:00.00,984.0,-81.01,-83.68,2
2016-07-25_21:08:10.00,922.0,-79.77,-85.17,1
2016-07-25_21:08:10.00,924.0,-82.62,-83.86,2
2016-07-25_21:08:10.00,926.0,-82.87,-85.05,2
2016-07-25_21:08:10.00,928.0,-82.05,-89.48,1
2016-07-25_21:08:10.00,930.0,-83.35,-89.32,1
2016-07-25_21:08:10.00,932.0,-80.9,-83.64,2
2016-07-25_21:08:10.00,934.0,-81.94,-87.13,1
2016-07-25_21:08:10.00,936.0,-81.26,-83.57,2
2016-07-25_21:08:10.00,938.0,-80.71,-88.5,1
2016-07-25_21:08:10.00,940.0,-80.49,-88.61,1
2016-07-25_21:08:10.00,942.0,-83.08,-86.14,1
2016-07-25_21:08:10.00,944.0,-82.72,-90.64,1
2016-07-25_21:08:10.00,946.0,-85.31,-88.95,1
2016-07-25_21:08:10.00,948.0,-87.16,-85.42,2
2016-07-25_21:08:10.00,950.0,-81.09,-85.38,1
2016-07-25_21:08:10.00,952.0,-82.44,-85.49,1
2016-07-25_21:08:10.00,954.0,-84.73,-85.48,2
2016-07-25_21:08:10.00,956.0,-75.85,-87.1,1
2016-07-25_21:08:10.00,958.0,-82.88,-86.65,1
2016-07-25_21:08:20.00,894.0,-76.03,-84.58,1
2016-07-25_21:08:20.00,896.0,-73.83,-88.96,1
2016-07-25_21:08:20.00,898.0,-78.26,-86.1,1
2016-07-25_21:08:20.00,900.0,-79.46,-83.54,1
2016-07-25_21:08:20.00,902.0,-77.27,-82.32,1
2016-07-25_21:08:20.00,904.0,-81.72,-87.36,1
2016-07-25_21:08:20.00,906.0,-80.55,-85.46,1
2016-07-25_21:08:20.00,908.0,-79.45,-85.84,1
2016-07-25_21:08:20.00,910.0,-76.0,-84.36,1
2016-07-25_21:08:20.00,912.0,-81.91,-85.42,1
2016-07-25_21:08:20.00,914.0,-81.19,-85.15,1
2016-07-25_21:08:20.00,916.0,-78.6,-90.06,1
2016-07-25_21:08:20.00,918.0,-79.79,-85.57,1
2016-07-25_21:08:20.00,920.0,-82.82,-86.27,1
2016-07-25_21:08:20.00,922.0,-79.59,-88.89,1
2016-07-25_21:08:20.00,924.0,-83.57,-84.83,2
2016-07-25_21:08:20.00,926.0,-79.77,-83.9,1
2016-07-25_21:08:20.00,928.0,-84.39,-89.7,1
2016-07-25_21:08:20.00,930.0,-79.7,-87.57,1
2016-07-25_21:08:30.00,870.0,-76.49,-83.22,1
2016-07-25_21:08:30.00,872.0,-80.79,-87.21,1
2016-07-25_21:08:30.00,874.0,-79.81,-81.25,2
2016-07-25_21:08:30.00,876.0,-82.15,-80.86,2
2016-07-25_21:08:30.00,878.0,-83.02,-80.54,2
2016-07-25_21:08:30.00,880.0,-77.12,-81.4,1
2016-07-25_21:08:30.00,882.0,-77.34,-85.53,1
2016-07-25_21:08:30.00,884.0,-82.98,-84.73,2
2016-07-25_21:08:30.00,886.0,-75.77,-90.08,1
2016-07-25_21:08:30.00,888.0,-75.82,-89.15,1
2016-07-25_21:08:30.00,890.0,-77.03,-85.65,1
2016-07-25_21:08:30.00,892.0,-82.66,-85.1,2
2016-07-25_21:08:30.00,894.0,-83.31,-83.48,2
2016-07-25_21:08:30.00,896.0,-81.16,-86.8,1
2016-07-25_21:08:30.00,898.0,-75.76,-86.37,1
2016-07-25_21:08:30.00,900.0,-80.24,-87.11,1
2016-07-25_21:08:30.00,902.0,-80.73,-86.87,1
2016-07-25_21:08:30.00,904.0,-79.01,-83.95,1
2016-07-25_21:08:30.00,906.0,-80.35,-88.95,1
2016-07-25_21:08:40.00,844.0,-79.73,-84.88,1
2016-07-25_21:08:40.00,846.0,-78.45,-84.74,1
2016-07-25_21:08:40.00,848.0,-79.08,-83.59,1
2016-07-25_21:08:40.00,850.0,-80.58,-86.75,1
2016-07-25_21:08:40.00,852.0,-76.7,-83.08,1
2016-07-25_21:08:40.00,854.0,-78.19,-84.17,1
2016-07-25_21:08:40.00,856.0,-77.93,-84.15,1
2016-07-25_21:08:40.00,858.0,-80.18,-82.61,2
2016-07-25_21:08:40.00,860.0,-81.99,-83.7,2
2016-07-25_21:08:40.00,862.0,-81.78,-87.0,1
2016-07-25_21:08:40.00,864.0,-81.06,-80.76,2
2016-07-25_21:08:40.00,866.0,-76.49,-81.27,1
2016-07-25_21:08:40.00,868.0,-79.29,-84.65,1
2016-07-25_21:08:40.00,870.0,-78.4,-82.08,1
2016-07-25_21:08:40.00,872.0,-77.22,-84.46,1
2016-07-25_21:08:40.00,874.0,-77.86,-84.58,1
2016-07-25_21:08:40.00,876.0,-75.75,-82.08,1
2016-07-25_21:08:40.00,878.0,-78.83,-82.48,1
2016-07-25_21:08:40.00,880.0,-78.82,-81.15,2
2016-07-25_21:08:40.00,882.0,-79.35,-82.74,1
2016-07-25_21:08:50.00,820.0,-78.94,-80.31,2
2016-07-25_21:08:50.00,822.0,-78.71,-84.54,1
2016-07-25_21:08:50.00,824.0,-78.65,-88.71,1
2016-07-25_21:08:50.00,826.0,-76.92,-86.84,1
2016-07-25_21:08:50.00,828.0,-79.76,-85.66,1
2016-07-25_21:08:50.00,830.0,-83.62,-89.32,1
2016-07-25_21:08:50.00,832.0,-82.32,-85.87,1
2016-07-25_21:08:50.00,834.0,-78.02,-87.09,1
2016-07-25_21:08:50.00,836.0,-75.45,-81.93,1
2016-07-25_21:08:50.00,838.0,-79.38,-82.59,1
2016-07-25_21:08:50.00,840.0,-79.37,-85.6,1
2016-07-25_21:08:50.00,842.0,-73.5,-85.91,1
2016-07-25_21:08:50.00,844.0,-79.43,-85.97,1
2016-07-25_21:08:50.00,846.0,-75.31,-83.21,1
2016-07-25_21:08:50.00,848.0,-76.79,-87.81,1
2016-07-25_21:08:50.00,850.0,-77.23,-85.85,1
2016-07-25_21:08:50.00,852.0,-82.19,-83.25,2
2016-07-25_21:08:50.00,854.0,-78.92,-84.62,1
2016-07-25_21:08:50.00,856.0,-74.82,-84.89,1
2016-07-25_21:08:50.00,858.0,-78.17,-89.29,1
2016-07-25_21:08:50.00,860.0,-78.85,-85.9,1
2016-07-25_21:09:00.00,798.0,-78.79,-87.33,1
2016-07-25_21:09:00.00,800.0,-78.63,-81.74,1
2016-07-25_21:09:00.00,802.0,-69.38,-87.26,1
2016-07-25_21:09:00.00,804.0,-74.81,-85.32,1
2016-07-25_21:09:00.00,806.0,-75.97,-84.6,1
2016-07-25_21:09:00.00,808.0,-84.05,-84.43,2
2016-07-25_21:09:00.00,810.0,-75.72,-85.61,1
2016-07-25_21:09:00.00,812.0,-79.76,-81.24,2
2016-07-25_21:09:00.00,814.0,-78.41,-81.64,1
2016-07-25_21:09:00.00,816.0,-84.17,-84.48,2
2016-07-25_21:09:00.00,818.0,-76.65,-82.59,1
2016-07-25_21:09:00.00,820.0,-78.57,-84.83,1
2016-07-25_21:09:00.00,822.0,-79.91,-86.89,1
2016-07-25_21:09:00.00,824.0,-76.7,-88.74,1
2016-07-25_21:09:00.00,826.0,-76.72,-90.95,1
2016-07-25_21:09:00.00,828.0,-78.43,-87.44,1
2016-07-25_21:09:00.00,830.0,-82.67,-84.01,2
2016-07-25_21:09:00.00,832.0,-79.86,-87.66,1
2016-07-25_21:09:00.00,834.0,-75.53,-80.76,1
2016-07-25_21:09:00.00,836.0,-85.0,-86.16,2
2016-07-25_21:09:00.00,838.0,-80.51,-88.54,1
2016-07-25_21:09:10.00,776.0,-82.9,-84.11,2
2016-07-25_21:09:10.00,778.0,-75.5,-88.81,1
2016-07-25_21:09:10.00,780.0,-78.88,-83.13,1
2016-07-25_21:09:10.00,782.0,-77.86,-92.88,1
2016-07-25_21:09:10.00,784.0,-84.06,-88.68,1
2016-07-25_21:09:10.00,786.0,-81.77,-84.05,2
2016-07-25_21:09:10.00,788.0,-81.41,-89.04,1
2016-07-25_21:09:10.00,790.0,-76.4,-91.49,1
2016-07-25_21:09:10.00,792.0,-80.82,-89.24,1
2016-07-25_21:09:10.00,794.0,-79.39,-86.25,1
2016-07-25_21:09:10.00,796.0,-80.59,-83.4,2
2016-07-25_21:09:10.00,798.0,-81.4,-81.43,2
2016-07-25_21:09:10.00,800.0,-79.02,-83.73,1
2016-07-25_21:09:10.00,802.0,-82.14,-89.74,1
2016-07-25_21:09:10.00,804.0,-80.04,-86.65,1
2016-07-25_21:09:10.00,806.0,-78.24,-84.84,1
2016-07-25_21:09:10.00,808.0,-74.8,-81.33,1
2016-07-25_21:09:10.00,810.0,-73.45,-82.0,1
2016-07-25_21:09:10.00,812.0,-77.44,-81.27,1
2016-07-25_21:09:10.00,814.0,-81.77,-81.59,2
2016-07-25_21:09:10.00,816.0,-78.55,-84.06,1
2016-07-25_21:09:10.00,818.0,-77.11,-82.48,1
2016-07-25_21:09:10.00,820.0,-80.64,-87.65,1
2016-07-25_21:09:20.00,754.0,-77.93,-85.82,1
2016-07-25_21:09:20.00,756.0,-78.99,-83.93,1
2016-07-25_21:09:20.00,758.0,-77.07,-85.83,1
2016-07-25_21:09:20.00,760.0,-80.32,-88.2,1
2016-07-25_21:09:20.00,762.0,-77.87,-89.69,1
2016-07-25_21:09:20.00,764.0,-78.67,-86.61,1
2016-07-25_21:09:20.00,766.0,-77.61,-86.05,1
2016-07-25_21:09:20.00,768.0,-77.51,-87.54,1
2016-07-25_21:09:20.00,770.0,-78.69,-86.81,1
2016-07-25_21:09:20.00,772.0,-80.68,-87.6,1
2016-07-25_21:09:20.00,774.0,-82.68,-86.83,1
2016-07-25_21:09:20.00,776.0,-81.69,-89.92,1
2016-07-25_21:09:20.00,778.0,-79.08,-88.17,1
2016-07-25_21:09:20.00,780.0,-78.91,-89.98,1
2016-07-25_21:09:20.00,782.0,-80.32,-88.19,1
2016-07-25_21:09:20.00,784.0,-78.21,-85.03,1
2016-07-25_21:09:20.00,786.0,-79.24,-83.05,1
2016-07-25_21:09:20.00,788.0,-78.24,-86.41,1
2016-07-25_21:09:20.00,790.0,-80.74,-81.37,2
2016-07-25_21:09:20.00,792.0,-78.64,-83.07,1
2016-07-25_21:09:20.00,794.0,-80.59,-86.31,1
2016-07-25_21:09:20.00,796.0,-78.43,-82.45,1
2016-07-25_21:09:20.00,798.0,-79.31,-79.66,2
2016-07-25_21:09:30.00,726.0,-73.59,-85.01,1
2016-07-25_21:09:30.00,728.0,-78.62,-86.85,1
2016-07-25_21:09:30.00,730.0,-78.69,-82.64,1
2016-07-25_21:09:30.00,732.0,-77.7,-85.12,1
2016-07-25_21:09:30.00,734.0,-70.83,-83.85,1
2016-07-25_21:09:30.00,736.0,-72.16,-85.31,1
2016-07-25_21:09:30.00,738.0,-78.26,-87.43,1
2016-07-25_21:09:30.00,740.0,-80.6,-87.22,1
2016-07-25_21:09:30.00,742.0,-78.79,-92.81,1
2016-07-25_21:09:30.00,744.0,-79.3,-88.55,1
2016-07-25_21:09:30.00,746.0,-82.29,-84.24,2
2016-07-25_21:09:30.00,748.0,-79.71,-89.49,1
2016-07-25_21:09:30.00,750.0,-76.77,-86.47,1
2016-07-25_21:09:30.00,752.0,-79.72,-86.0,1
2016-07-25_21:09:30.00,754.0,-77.15,-82.56,1
2016-07-25_21:09:30.00,756.0,-77.64,-85.14,1
2016-07-25_21:09:30.00,758.0,-81.8,-87.18,1
2016-07-25_21:09:30.00,760.0,-82.51,-90.04,1
2016-07-25_21:09:30.00,762.0,-83.84,-87.55,1
2016-07-25_21:09:30.00,764.0,-78.83,-89.51,1
2016-07-25_21:09:30.00,766.0,-80.42,-86.66,1
2016-07-25_21:09:30.00,768.0,-83.02,-89.39,1
2016-07-25_21:09:40.00,704.0,-76.45,-77.52,2
2016-07-25_21:09:40.00,706.0,-76.22,-82.37,1
2016-07-25_21:09:40.00,708.0,-77.17,-81.12,1
2016-07-25_21:09:40.00,710.0,-80.17,-82.84,2
2016-07-25_21:09:40.00,712.0,-81.41,-85.61,1
2016-07-25_21:09:40.00,714.0,-77.2,-84.97,1
2016-07-25_21:09:40.00,716.0,-79.49,-81.68,2
2016-07-25_21:09:40.00,718.0,-77.06,-87.42,1
2016-07-25_21:09:40.00,720.0,-78.79,-79.56,2
2016-07-25_21:09:40.00,722.0,-75.82,-84.42,1
2016-07-25_21:09:40.00,724.0,-74.41,-84.3,1
2016-07-25_21:09:40.00,726.0,-75.79,-84.29,1
2016-07-25_21:09:40.00,728.0,-79.92,-84.49,1
2016-07-25_21:09:40.00,730.0,-75.76,-84.62,1
2016-07-25_21:09:40.00,732.0,-79.12,-79.13,2
2016-07-25_21:09:40.00,734.0,-74.78,-84.2,1
2016-07-25_21:09:40.00,736.0,-75.88,-83.21,1
2016-07-25_21:09:40.00,738.0,-74.29,-81.29,1
2016-07-25_21:09:40.00,740.0,-78.2,-86.04,1
2016-07-25_21:09:40.00,742.0,-80.41,-85.68,1
2016-07-25_21:09:40.00,744.0,-80.72,-88.62,1
2016-07-25_21:09:50.00,678.0,-82.41,-79.67,2
2016-07-25_21:09:50.00,680.0,-82.41,-83.43,2
2016-07-25_21:09:50.00,682.0,-73.67,-79.17,1
2016-07-25_21:09:50.00,684.0,-80.27,-78.75,2
2016-07-25_21:09:50.00,686.0,-78.46,-84.53,1
2016-07-25_21:09:50.00,688.0,-78.01,-83.08,1
2016-07-25_21:09:50.00,690.0,-76.83,-79.12,2
2016-07-25_21:09:50.00,692.0,-77.13,-78.06,2
2016-07-25_21:09:50.00,694.0,-75.48,-80.09,1
2016-07-25_21:09:50.00,696.0,-70.51,-72.81,2
2016-07-25_21:09:50.00,698.0,-82.5,-75.84,3
2016-07-25_21:09:50.00,700.0,-79.02,-77.35,2
2016-07-25_21:09:50.00,702.0,-75.7,-79.86,1
2016-07-25_21:09:50.00,704.0,-74.84,-77.18,2
2016-07-25_21:09:50.00,706.0,-76.66,-78.04,2
2016-07-25_21:09:50.00,708.0,-75.44,-82.11,1
2016-07-25_21:09:50.00,710.0,-77.1,-80.66,1
2016-07-25_21:09:50.00,712.0,-76.33,-77.11,2
2016-07-25_21:09:50.00,714.0,-74.41,-83.4,1
2016-07-25_21:09:50.00,716.0,-78.88,-84.1,1
2016-07-25_21:09:50.00,718.0,-79.98,-84.05,1
2016-07-25_21:09:50.00,720.0,-82.69,-85.34,2
2016-07-25_21:10:00.00,656.0,-84.27,-82.39,2
2016-07-25_21:10:00.00,658.0,-85.2,-80.88,3
2016-07-25_21:10:00.00,660.0,-84.36,-80.94,3
2016-07-25_21:10:00.00,662.0,-81.72,-77.05,3
2016-07-25_21:10:00.00,664.0,-81.7,-74.37,3
2016-07-25_21:10:00.00,666.0,-82.31,-76.94,3
2016-07-25_21:10:00.00,668.0,-76.66,-79.31,2
2016-07-25_21:10:00.00,670.0,-81.94,-78.56,3
2016-07-25_21:10:00.00,672.0,-80.78,-77.87,2
2016-07-25_21:10:00.00,674.0,-79.35,-80.24,2
2016-07-25_21:10:00.00,676.0,-81.28,-81.24,2
2016-07-25_21:10:00.00,678.0,-80.34,-80.44,2
2016-07-25_21:10:00.00,680.0,-79.8,-82.74,2
2016-07-25_21:10:00.00,682.0,-81.45,-86.72,1
2016-07-25_21:10:00.00,684.0,-76.33,-83.18,1
2016-07-25_21:10:00.00,686.0,-77.3,-82.05,1
2016-07-25_21:10:00.00,688.0,-75.29,-79.92,1
2016-07-25_21:10:00.00,690.0,-74.93,-84.38,1
2016-07-25_21:10:00.00,692.0,-75.92,-78.04,2
2016-07-25_21:10:00.00,694.0,-74.21,-76.72,2
2016-07-25_21:10:10.00,634.0,-80.94,-79.6,2
2016-07-25_21:10:10.00,636.0,-80.79,-77.93,2
2016-07-25_21:10:10.00,638.0,-83.93,-77.32,3
2016-07-25_21:10:10.00,640.0,-79.32,-78.69,2
2016-07-25_21:10:10.00,642.0,-84.87,-77.22,3
2016-07-25_21:10:10.00,644.0,-83.76,-79.86,3
2016-07-25_21:10:10.00,646.0,-80.96,-77.85,3
2016-07-25_21:10:10.00,648.0,-85.16,-82.8,2
2016-07-25_21:10:10.00,650.0,-84.89,-79.45,3
2016-07-25_21:10:10.00,652.0,-85.74,-77.41,3
2016-07-25_21:10:10.00,654.0,-81.94,-79.58,2
2016-07-25_21:10:10.00,656.0,-82.92,-77.46,3
2016-07-25_21:10:10.00,658.0,-81.43,-77.09,3
2016-07-25_21:10:10.00,660.0,-83.35,-78.05,3
2016-07-25_21:10:10.00,662.0,-79.67,-76.13,3
2016-07-25_21:10:10.00,664.0,-83.46,-73.99,3
2016-07-25_21:10:10.00,666.0,-80.31,-73.89,3
2016-07-25_21:10:10.00,668.0,-82.82,-74.04,3
2016-07-25_21:10:20.00,610.0,-80.57,-78.81,2
2016-07-25_21:10:20.00,612.0,-86.2,-81.05,3
2016-07-25_21:10:20.00,614.0,-83.83,-76.77,3
2016-07-25_21:10:20.00,616.0,-86.61,-79.45,3
2016-07-25_21:10:20.00,618.0,-82.13,-74.04,3
2016-07-25_21:10:20.00,620.0,-84.6,-78.54,3
2016-07-25_21:10:20.00,622.0,-81.85,-73.41,3
2016-07-25_21:10:20.00,624.0,-79.72,-71.71,3
2016-07-25_21:10:20.00,626.0,-84.34,-79.72,3
2016-07-25_21:10:20.00,628.0,-79.47,-79.58,2
2016-07-25_21:10:20.00,630.0,-84.65,-84.21,2
2016-07-25_21:10:20.00,632.0,-80.84,-78.01,2
2016-07-25_21:10:20.00,634.0,-83.18,-76.44,3
2016-07-25_21:10:20.00,636.0,-78.12,-77.81,2
2016-07-25_21:10:20.00,638.0,-79.56,-79.41,2
2016-07-25_21:10:20.00,640.0,-86.46,-79.11,3
2016-07-25_21:10:20.00,642.0,-84.48,-80.81,3
2016-07-25_21:10:20.00,644.0,-85.73,-81.04,3
2016-07-25_21:10:20.00,646.0,-86.33,-77.55,3
2016-07-25_21:10:30.00,586.0,-82.92,-73.69,3
2016-07-25_21:10:30.00,588.0,-82.34,-74.25,3
2016-07-25_21:10:30.00,590.0,-79.85,-72.93,3
2016-07-25_21:10:30.00,592.0,-77.65,-73.48,3
2016-07-25_21:10:30.00,594.0,-84.07,-71.69,3
2016-07-25_21:10:30.00,596.0,-83.08,-73.02,3
2016-07-25_21:10:30.00,598.0,-83.79,-76.88,3
2016-07-25_21:10:30.00,600.0,-78.9,-73.95,3
2016-07-25_21:10:30.00,602.0,-84.44,-75.7,3
2016-07-25_21:10:30.00,604.0,-83.38,-81.07,2
2016-07-25_21:10:30.00,606.0,-83.78,-74.29,3
2016-07-25_21:10:30.00,608.0,-81.4,-78.86,2
2016-07-25_21:10:30.00,610.0,-87.88,-79.56,3
2016-07-25_21:10:30.00,612.0,-80.86,-81.56,2
2016-07-25_21:10:30.00,614.0,-77.37,-79.08,2
2016-07-25_21:10:30.00,616.0,-79.06,-77.5,2
2016-07-25_21:10:30.00,618.0,-78.64,-75.58,3
2016-07-25_21:10:30.00,620.0,-83.16,-71.59,3
2016-07-25_21:10:30.00,622.0,-82.71,-76.81,3
2016-07-25_21:10:30.00,624.0,-84.45,-81.75,2
2016-07-25_21:10:40.00,562.0,-80.58,-71.38,3
2016-07-25_21:10:40.00,564.0,-75.26,-71.31,3
2016-07-25_21:10:40.00,566.0,-78.89,-68.01,3
2016-07-25_21:10:40.00,568.0,-78.52,-70.81,3
2016-07-25_21:10:40.00,570.0,-79.53,-68.19,3
2016-07-25_21:10:40.00,572.0,-78.33,-70.55,3
2016-07-25_21:10:40.00,574.0,-83.0,-69.18,3
2016-07-25_21:10:40.00,576.0,-79.5,-74.13,3
2016-07-25_21:10:40.00,578.0,-80.78,-71.11,3
2016-07-25_21:10:40.00,580.0,-77.01,-74.65,2
2016-07-25_21:10:40.00,582.0,-79.56,-74.98,3
2016-07-25_21:10:40.00,584.0,-81.36,-70.21,3
2016-07-25_21:10:40.00,586.0,-77.97,-73.28,3
2016-07-25_21:10:40.00,588.0,-78.91,-74.22,3
2016-07-25_21:10:40.00,590.0,-80.46,-72.0,3
2016-07-25_21:10:40.00,592.0,-83.32,-72.91,3
2016-07-25_21:10:40.00,594.0,-82.42,-71.83,3
2016-07-25_21:10:40.00,596.0,-81.88,-73.23,3
2016-07-25_21:10:40.00,598.0,-80.46,-71.86,3
2016-07-25_21:10:40.00,600.0,-81.63,-75.88,3
2016-07-25_21:10:40.00,602.0,-81.3,-78.0,3
2016-07-25_21:10:40.00,604.0,-80.34,-75.34,3
2016-07-25_21:10:50.00,536.0,-80.26,-72.81,3
2016-07-25_21:10:50.00,538.0,-75.46,-74.54,2
2016-07-25_21:10:50.00,540.0,-78.06,-71.06,3
2016-07-25_21:10:50.00,542.0,-77.06,-74.04,3
2016-07-25_21:10:50.00,544.0,-73.32,-74.82,2
2016-07-25_21:10:50.00,546.0,-79.66,-76.87,2
2016-07-25_21:10:50.00,548.0,-75.9,-71.69,3
2016-07-25_21:10:50.00,550.0,-76.03,-72.26,3
2016-07-25_21:10:50.00,552.0,-76.1,-72.15,3
2016-07-25_21:10:50.00,554.0,-81.97,-71.37,3
2016-07-25_21:10:50.00,556.0,-87.12,-72.02,3
2016-07-25_21:10:50.00,558.0,-80.94,-74.14,3
2016-07-25_21:10:50.00,560.0,-80.71,-74.1,3
2016-07-25_21:10:50.00,562.0,-80.85,-72.11,3
2016-07-25_21:10:50.00,564.0,-72.71,-72.34,2
2016-07-25_21:10:50.00,566.0,-82.2,-70.77,3
2016-07-25_21:10:50.00,568.0,-78.53,-70.7,3
2016-07-25_21:10:50.00,570.0,-81.32,-69.25,3
2016-07-25_21:10:50.00,572.0,-85.38,-67.81,3
2016-07-25_21:10:50.00,574.0,-84.63,-70.95,3
2016-07-25_21:10:50.00,576.0,-77.11,-76.14,2
2016-07-25_21:10:50.00,578.0,-82.13,-74.72,3
2016-07-25_21:10:50.00,580.0,-77.12,-74.57,2
2016-07-25_21:11:00.00,512.0,-79.49,-74.48,3
2016-07-25_21:11:00.00,514.0,-75.59,-72.51,3
2016-07-25_21:11:00.00,516.0,-76.82,-74.56,2
2016-07-25_21:11:00.00,518.0,-76.31,-73.14,3
2016-07-25_21:11:00.00,520.0,-75.72,-74.66,2
2016-07-25_21:11:00.00,522.0,-77.45,-72.88,3
2016-07-25_21:11:00.00,524.0,-81.84,-77.53,3
2016-07-25_21:11:00.00,526.0,-76.33,-70.43,3
2016-07-25_21:11:00.00,528.0,-78.51,-74.63,3
2016-07-25_21:11:00.00,530.0,-78.3,-79.24,2
2016-07-25_21:11:00.00,532.0,-78.86,-76.57,2
2016-07-25_21:11:00.00,534.0,-77.55,-68.83,3
2016-07-25_21:11:00.00,536.0,-83.0,-73.69,3
2016-07-25_21:11:00.00,538.0,-80.3,-72.18,3
2016-07-25_21:11:00.00,540.0,-82.37,-78.17,3
2016-07-25_21:11:00.00,542.0,-80.54,-74.48,3
2016-07-25_21:11:00.00,544.0,-80.73,-72.76,3
2016-07-25_21:11:00.00,546.0,-82.83,-69.77,3
2016-07-25_21:11:00.00,548.0,-78.2,-69.78,3
2016-07-25_21:11:00.00,550.0,-84.3,-74.86,3
2016-07-25_21:11:00.00,552.0,-81.09,-76.63,3
2016-07-25_21:11:00.00,554.0,-82.48,-71.9,3
2016-07-25_21:11:00.00,556.0,-81.26,-73.05,3
2016-07-25_21:11:10.00,496.0,-72.08,-70.76,2
2016-07-25_21:11:10.00,498.0,-70.84,-72.39,2
2016-07-25_21:11:10.00,500.0,-69.4,-74.73,1
2016-07-25_21:11:10.00,502.0,-71.74,-74.92,1
2016-07-25_21:11:10.00,504.0,-75.28,-77.9,2
2016-07-25_21:11:10.00,506.0,-77.49,-77.91,2
2016-07-25_21:11:10.00,508.0,-75.58,-74.45,2
2016-07-25_21:11:10.00,510.0,-77.98,-72.53,3
2016-07-25_21:11:10.00,512.0,-76.75,-73.9,2
2016-07-25_21:11:10.00,514.0,-80.55,-78.03,2
2016-07-25_21:11:10.00,516.0,-76.39,-73.09,3
2016-07-25_21:11:10.00,518.0,-70.84,-75.44,1
2016-07-25_21:11:10.00,520.0,-75.29,-80.15,1
2016-07-25_21:11:10.00,522.0,-78.56,-71.36,3
2016-07-25_21:11:10.00,524.0,-76.86,-71.82,3
2016-07-25_21:11:10.00,526.0,-80.5,-77.25,3
2016-07-25_21:11:10.00,528.0,-80.18,-70.46,3
2016-07-25_21:11:10.00,530.0,-79.95,-75.67,3
2016-07-25_21:11:10.00,532.0,-82.67,-75.5,3
2016-07-25_21:11:10.00,534.0,-84.35,-70.9,3
2016-07-25_21:11:10.00,536.0,-76.31,-74.93,2
2016-07-25_21:11:10.00,538.0,-79.72,-70.92,3
2016-07-25_21:11:10.00,540.0,-76.01,-73.79,2
2016-07-25_21:11:20.00,496.0,-68.96,-73.8,1
2016-07-25_21:11:20.00,498.0,-72.59,-69.32,3
2016-07-25_21:11:20.00,500.0,-71.42,-75.63,1
2016-07-25_21:11:20.00,502.0,-76.41,-74.73,2
2016-07-25_21:11:20.00,504.0,-73.27,-73.41,2
2016-07-25_21:11:20.00,506.0,-72.93,-76.31,1
2016-07-25_21:11:20.00,508.0,-75.36,-74.15,2
2016-07-25_21:11:20.00,510.0,-77.76,-72.94,3
2016-07-25_21:11:20.00,512.0,-76.29,-72.53,3
2016-07-25_21:11:20.00,514.0,-75.9,-74.08,2
2016-07-25_21:11:20.00,516.0,-75.92,-73.87,2
2016-07-25_21:11:20.00,518.0,-77.14,-72.55,3
2016-07-25_21:11:20.00,520.0,-75.46,-73.16,2
2016-07-25_21:11:20.00,522.0,-76.31,-72.38,3
2016-07-25_21:11:20.00,524.0,-76.55,-72.45,3
2016-07-25_21:11:20.00,526.0,-75.7,-71.67,3
2016-07-25_21:11:20.00,528.0,-74.84,-74.31,2
2016-07-25_21:11:20.00,530.0,-78.12,-68.95,3
2016-07-25_21:11:20.00,532.0,-76.94,-73.72,3
2016-07-25_21:11:20.00,534.0,-77.73,-72.11,3
2016-07-25_21:11:20.00,536.0,-80.47,-74.42,3
2016-07-25_21:11:20.00,538.0,-79.95,-72.95,3
2016-07-25_21:11:20.00,540.0,-84.62,-75.8,3
2016-07-25_21:11:30.00,370.0,-65.61,-74.06,1
2016-07-25_21:11:30.00,372.0,-63.11,-69.86,1
2016-07-25_21:11:30.00,374.0,-62.78,-72.62,1
2016-07-25_21:11:30.00,376.0,-65.59,-71.81,1
2016-07-25_21:11:30.00,378.0,-67.05,-74.23,1
2016-07-25_21:11:30.00,380.0,-67.82,-78.9,1
2016-07-25_21:11:30.00,382.0,-70.0,-75.41,1
2016-07-25_21:11:30.00,384.0,-68.4,-73.41,1
2016-07-25_21:11:30.00,386.0,-70.99,-72.7,2
2016-07-25_21:11:30.00,388.0,-67.69,-71.52,1
2016-07-25_21:11:30.00,390.0,-66.69,-73.57,1
2016-07-25_21:11:30.00,392.0,-68.82,-77.63,1
2016-07-25_21:11:30.00,394.0,-72.28,-72.0,2
2016-07-25_21:11:30.00,396.0,-70.44,-79.22,1
2016-07-25_21:11:30.00,398.0,-67.37,-75.48,1
2016-07-25_21:11:30.00,400.0,-68.75,-73.58,1
2016-07-25_21:11:30.00,402.0,-68.09,-77.39,1
2016-07-25_21:11:30.00,404.0,-73.36,-72.21,2
2016-07-25_21:11:30.00,406.0,-68.71,-74.97,1
2016-07-25_21:11:30.00,408.0,-66.75,-73.93,1
2016-07-25_21:11:30.00,410.0,-66.26,-75.98,1
2016-07-25_21:11:30.00,412.0,-70.91,-79.73,1
2016-07-25_21:11:40.00,370.0,-67.72,-75.87,1
2016-07-25_21:11:40.00,372.0,-69.13,-72.57,1
2016-07-25_21:11:40.00,374.0,-69.08,-69.81,2
2016-07-25_21:11:40.00,376.0,-64.37,-71.12,1
2016-07-25_21:11:40.00,378.0,-67.79,-77.52,1
2016-07-25_21:11:40.00,380.0,-68.08,-72.45,1
2016-07-25_21:11:40.00,382.0,-69.22,-73.64,1
2016-07-25_21:11:40.00,384.0,-73.11,-74.39,2
2016-07-25_21:11:40.00,386.0,-68.42,-74.47,1
2016-07-25_21:11:40.00,388.0,-71.36,-75.59,1
2016-07-25_21:11:40.00,390.0,-71.2,-74.7,1
2016-07-25_21:11:40.00,392.0,-72.98,-77.22,1
2016-07-25_21:11:40.00,394.0,-65.21,-73.73,1
2016-07-25_21:11:40.00,396.0,-68.75,-78.2,1
2016-07-25_21:11:40.00,398.0,-69.93,-71.25,2
2016-07-25_21:11:40.00,400.0,-69.15,-74.6,1
2016-07-25_21:11:40.00,402.0,-68.93,-77.11,1
2016-07-25_21:11:40.00,404.0,-70.28,-77.21,1
2016-07-25_21:11:40.00,406.0,-71.81,-78.6,1
2016-07-25_21:11:40.00,408.0,-71.11,-84.18,1
2016-07-25_21:11:40.00,410.0,-73.14,-78.47,1
2016-07-25_21:11:40.00,412.0,-67.98,-72.43,1
2016-07-25_21:11:50.00,366.0,-66.2,-75.72,1
2016-07-25_21:11:50.00,368.0,-71.01,-73.16,2
2016-07-25_21:11:50.00,370.0,-66.83,-74.44,1
2016-07-25_21:11:50.00,372.0,-68.61,-76.61,1
2016-07-25_21:11:50.00,374.0,-66.23,-78.25,1
2016-07-25_21:11:50.00,376.0,-65.7,-75.56,1
2016-07-25_21:11:50.00,378.0,-65.21,-73.51,1
2016-07-25_21:11:50.00,380.0,-62.55,-79.56,1
2016-07-25_21:11:50.00,382.0,-63.88,-72.31,1
2016-07-25_21:11:50.00,384.0,-65.42,-74.26,1
2016-07-25_21:11:50.00,386.0,-68.65,-74.72,1
2016-07-25_21:11:50.00,388.0,-72.57,-80.53,1
2016-07-25_21:11:50.00,390.0,-64.24,-75.16,1
2016-07-25_21:11:50.00,392.0,-71.45,-76.72,1
2016-07-25_21:11:50.00,394.0,-68.72,-73.76,1
2016-07-25_21:11:50.00,396.0,-68.46,-80.17,1
2016-07-25_21:11:50.00,398.0,-72.82,-73.34,2
2016-07-25_21:11:50.00,400.0,-66.93,-74.14,1
2016-07-25_21:11:50.00,402.0,-68.04,-77.83,1
2016-07-25_21:11:50.00,404.0,-66.72,-75.85,1
2016-07-25_21:11:50.00,406.0,-69.72,-78.86,1
2016-07-25_21:12:00.00,336.0,-74.62,-77.22,2
2016-07-25_21:12:00.00,338.0,-74.64,-77.78,1
2016-07-25_21:12:00.00,340.0,-70.03,-75.22,1
2016-07-25_21:12:00.00,342.0,-72.72,-77.33,1
2016-07-25_21:12:00.00,344.0,-69.91,-75.12,1
2016-07-25_21:12:00.00,346.0,-72.13,-77.67,1
2016-07-25_21:12:00.00,348.0,-70.37,-76.8,1
2016-07-25_21:12:00.00,350.0,-71.93,-78.38,1
2016-07-25_21:12:00.00,352.0,-70.26,-78.65,1
2016-07-25_21:12:00.00,354.0,-71.13,-77.7,1
2016-07-25_21:12:00.00,356.0,-71.52,-79.05,1
2016-07-25_21:12:00.00,358.0,-70.65,-77.37,1
2016-07-25_21:12:00.00,360.0,-68.26,-76.34,1
2016-07-25_21:12:00.00,362.0,-68.28,-76.37,1
2016-07-25_21:12:00.00,364.0,-71.15,-75.74,1
2016-07-25_21:12:00.00,366.0,-64.64,-77.56,1
2016-07-25_21:12:00.00,368.0,-69.12,-75.35,1
2016-07-25_21:12:00.00,370.0,-67.31,-77.3,1
2016-07-25_21:12:00.00,372.0,-67.68,-74.85,1
2016-07-25_21:12:00.00,374.0,-69.0,-77.24,1
2016-07-25_21:12:10.00,302.0,-86.37,-95.27,1
2016-07-25_21:12:10.00,304.0,-87.9,-93.51,1
2016-07-25_21:12:10.00,306.0,-88.42,-88.06,2
2016-07-25_21:12:10.00,308.0,-89.48,-86.57,2
2016-07-25_21:12:10.00,310.0,-77.42,-82.07,1
2016-07-25_21:12:10.00,312.0,-87.05,-82.37,3
2016-07-25_21:12:10.00,314.0,-84.93,-80.97,3
2016-07-25_21:12:10.00,316.0,-79.27,-79.12,2
2016-07-25_21:12:10.00,318.0,-80.42,-80.99,2
2016-07-25_21:12:10.00,320.0,-75.28,-79.75,1
2016-07-25_21:12:10.00,322.0,-74.34,-79.08,1
2016-07-25_21:12:10.00,324.0,-77.3,-75.97,2
2016-07-25_21:12:10.00,326.0,-79.69,-79.59,2
2016-07-25_21:12:10.00,328.0,-77.1,-77.08,2
2016-07-25_21:12:10.00,330.0,-75.4,-76.4,2
2016-07-25_21:12:10.00,332.0,-70.66,-80.63,1
2016-07-25_21:12:10.00,334.0,-77.62,-75.38,2
2016-07-25_21:12:10.00,336.0,-78.83,-75.46,3
2016-07-25_21:12:10.00,338.0,-75.84,-76.84,2
2016-07-25_21:12:20.00,264.0,-81.68,-85.07,1
2016-07-25_21:12:20.00,266.0,-85.16,-87.1,2
2016-07-25_21:12:20.00,268.0,-82.39,-89.19,1
2016-07-25_21:12:20.00,270.0,-88.92,-90.57,2
2016-07-25_21:12:20.00,272.0,-84.85,-89.39,1
2016-07-25_21:12:20.00,274.0,-86.75,-89.61,2
2016-07-25_21:12:20.00,276.0,-79.72,-88.45,1
2016-07-25_21:12:20.00,278.0,-86.81,-94.51,1
2016-07-25_21:12:20.00,280.0,-86.48,-93.13,1
2016-07-25_21:12:20.00,282.0,-88.01,-91.0,2
2016-07-25_21:12:20.00,284.0,-86.29,-89.64,1
2016-07-25_21:12:20.00,286.0,-90.79,-93.66,2
2016-07-25_21:12:20.00,288.0,-89.47,-95.89,1
2016-07-25_21:12:20.00,290.0,-89.51,-103.42,1
2016-07-25_21:12:20.00,292.0,-86.67,-99.44,1
2016-07-25_21:12:20.00,294.0,-78.88,-89.05,1
2016-07-25_21:12:20.00,296.0,-81.05,-80.14,2
2016-07-25_21:12:20.00,298.0,-89.09,-88.67,2
2016-07-25_21:12:20.00,300.0,-90.12,-88.7,2
2016-07-25_21:12:20.00,302.0,-80.41,-85.52,1
2016-07-25_21:12:20.00,304.0,-90.27,-83.39,3
2016-07-25_21:12:20.00,306.0,-81.26,-80.97,2
2016-07-25_21:12:30.00,220.0,-91.36,-87.63,3
2016-07-25_21:12:30.00,222.0,-98.08,-91.75,3
2016-07-25_21:12:30.00,224.0,-99.12,-94.78,3
2016-07-25_21:12:30.00,226.0,-95.22,-87.89,3
2016-07-25_21:12:30.00,228.0,-90.98,-88.3,2
2016-07-25_21:12:30.00,230.0,-88.68,-89.41,2
2016-07-25_21:12:30.00,232.0,-91.44,-96.32,1
2016-07-25_21:12:30.00,234.0,-97.18,-94.73,2
2016-07-25_21:12:30.00,236.0,-89.02,-93.49,1
2016-07-25_21:12:30.00,238.0,-87.41,-85.27,2
2016-07-25_21:12:30.00,240.0,-92.64,-88.1,3
2016-07-25_21:12:30.00,242.0,-86.25,-83.54,2
2016-07-25_21:12:30.00,244.0,-88.5,-82.19,3
2016-07-25_21:12:30.00,246.0,-83.14,-84.45,2
2016-07-25_21:12:30.00,248.0,-83.4,-86.19,2
2016-07-25_21:12:30.00,250.0,-82.31,-80.13,2
2016-07-25_21:12:30.00,252.0,-94.06,-82.43,3
2016-07-25_21:12:30.00,254.0,-88.75,-97.02,1
2016-07-25_21:12:30.00,256.0,-86.08,-88.12,2
2016-07-25_21:12:30.00,258.0,-86.2,-87.56,2
2016-07-25_21:12:30.00,260.0,-89.18,-89.49,2
2016-07-25_21:12:30.00,262.0,-82.36,-85.59,1
2016-07-25_21:12:30.00,264.0,-82.81,-89.95,1
2016-07-25_21:12:30.00,266.0,-85.91,-89.3,1
2016-07-25_21:12:30.00,268.0,-86.72,-93.95,1
2016-07-25_21:12:30.00,270.0,-93.03,-92.62,2
2016-07-25_21:12:30.00,272.0,-90.43,-98.72,1
2016-07-25_21:12:30.00,274.0,-88.65,-89.6,2
