DateTime,depth_m,18kHz_Sv,38kHz_Sv,code
2016-08-14_14:54:30.00,954.0,-79.58,-81.55,2
2016-08-14_14:54:30.00,956.0,-79.36,-81.36,2
2016-08-14_14:54:30.00,958.0,-81.11,-81.8,2
2016-08-14_14:54:30.00,960.0,-82.34,-81.23,2
2016-08-14_14:54:30.00,962.0,-77.61,-82.98,1
2016-08-14_14:54:30.00,964.0,-82.6,-84.95,2
2016-08-14_14:54:30.00,966.0,-79.5,-85.42,1
2016-08-14_14:54:30.00,968.0,-76.69,-84.76,1
2016-08-14_14:54:30.00,970.0,-85.05,-86.35,2
2016-08-14_14:54:30.00,972.0,-81.98,-83.34,2
2016-08-14_14:54:30.00,974.0,-78.23,-84.34,1
2016-08-14_14:54:30.00,976.0,-77.74,-82.35,1
2016-08-14_14:54:30.00,978.0,-81.84,-82.33,2
2016-08-14_14:54:30.00,980.0,-79.91,-80.48,2
2016-08-14_14:54:30.00,982.0,-75.39,-83.63,1
2016-08-14_14:54:30.00,984.0,-79.34,-83.47,1
2016-08-14_14:54:30.00,986.0,-77.36,-80.39,1
2016-08-14_14:54:30.00,988.0,-79.79,-84.15,1
2016-08-14_14:54:30.00,990.0,-77.31,-81.19,1
2016-08-14_14:54:30.00,992.0,-82.93,-85.79,2
2016-08-14_14:54:30.00,994.0,-84.58,-85.89,2
2016-08-14_14:54:30.00,996.0,-85.71,-82.49,3
2016-08-14_14:54:30.00,998.0,-85.54,-84.23,2
2016-08-14_14:54:30.00,1000.0,-84.49,-82.44,2
2016-08-14_14:54:30.00,1002.0,-88.02,-81.9,3
2016-08-14_14:54:30.00,1004.0,-78.58,-85.87,1
2016-08-14_14:54:30.00,1006.0,-80.85,-86.38,1
2016-08-14_14:54:30.00,1008.0,-85.96,-84.5,2
2016-08-14_14:54:30.00,1010.0,-81.17,-86.97,1
2016-08-14_14:54:30.00,1012.0,-82.34,-84.44,2
2016-08-14_14:54:30.00,1014.0,-83.01,-86.11,1
2016-08-14_14:54:30.00,1016.0,-85.3,-85.96,2
2016-08-14_14:54:30.00,1018.0,-79.91,-86.66,1
2016-08-14_14:54:30.00,1020.0,-79.83,-84.23,1
2016-08-14_14:54:30.00,1022.0,-84.49,-82.73,2
2016-08-14_14:54:30.00,1024.0,-87.0,-84.37,2
2016-08-14_14:54:30.00,1026.0,-87.16,-82.54,3
2016-08-14_14:54:30.00,1028.0,-78.69,-84.21,1
2016-08-14_14:54:30.00,1030.0,-81.91,-85.72,1
2016-08-14_14:54:30.00,1032.0,-80.88,-83.02,2
2016-08-14_14:54:30.00,1034.0,-86.31,-84.72,2
2016-08-14_14:54:30.00,1036.0,-82.18,-81.71,2
2016-08-14_14:54:30.00,1038.0,-84.68,-83.17,2
2016-08-14_14:54:30.00,1040.0,-84.53,-87.74,1
2016-08-14_14:54:30.00,1042.0,-84.79,-84.9,2
2016-08-14_14:54:30.00,1044.0,-85.35,-81.81,3
2016-08-14_14:54:30.00,1046.0,-83.92,-86.26,2
2016-08-14_14:54:30.00,1048.0,-80.7,-83.9,1
2016-08-14_14:54:30.00,1050.0,-83.32,-82.63,2
2016-08-14_14:54:30.00,1052.0,-84.4,-81.77,2
2016-08-14_14:54:30.00,1054.0,-84.4,-84.89,2
2016-08-14_14:54:30.00,1056.0,-86.29,-86.0,2
2016-08-14_14:54:30.00,1058.0,-81.53,-83.97,2
2016-08-14_14:54:30.00,1060.0,-84.57,-81.77,2
2016-08-14_14:54:30.00,1062.0,-83.12,-86.17,1
2016-08-14_14:54:30.00,1064.0,-82.98,-86.11,1
2016-08-14_14:54:30.00,1066.0,-89.05,-85.77,3
2016-08-14_14:54:30.00,1068.0,-83.45,-86.37,2
2016-08-14_14:54:30.00,1070.0,-83.95,-83.41,2
2016-08-14_14:54:30.00,1072.0,-82.29,-84.98,2
2016-08-14_14:54:30.00,1074.0,-85.57,-85.68,2
2016-08-14_14:54:30.00,1076.0,-86.59,-84.18,2
2016-08-14_14:54:40.00,902.0,-79.52,-82.61,1
2016-08-14_14:54:40.00,904.0,-75.33,-84.18,1
2016-08-14_14:54:40.00,906.0,-81.0,-84.06,1
2016-08-14_14:54:40.00,908.0,-76.95,-73.97,2
2016-08-14_14:54:40.00,910.0,-77.14,-80.53,1
2016-08-14_14:54:40.00,912.0,-72.68,-78.41,1
2016-08-14_14:54:40.00,914.0,-77.73,-81.0,1
2016-08-14_14:54:40.00,916.0,-80.35,-85.29,1
2016-08-14_14:54:40.00,918.0,-83.41,-85.87,2
2016-08-14_14:54:40.00,920.0,-82.06,-81.8,2
2016-08-14_14:54:40.00,922.0,-82.91,-83.13,2
2016-08-14_14:54:40.00,924.0,-79.25,-86.17,1
2016-08-14_14:54:40.00,926.0,-82.23,-84.88,2
2016-08-14_14:54:40.00,928.0,-85.87,-85.03,2
2016-08-14_14:54:40.00,930.0,-84.12,-83.43,2
2016-08-14_14:54:40.00,932.0,-81.64,-84.98,1
2016-08-14_14:54:40.00,934.0,-84.11,-81.85,2
2016-08-14_14:54:40.00,936.0,-77.07,-80.79,1
2016-08-14_14:54:40.00,938.0,-80.92,-81.69,2
2016-08-14_14:54:40.00,940.0,-84.15,-83.02,2
2016-08-14_14:54:40.00,942.0,-77.21,-85.43,1
2016-08-14_14:54:40.00,944.0,-79.71,-84.86,1
2016-08-14_14:54:40.00,946.0,-82.61,-85.79,1
2016-08-14_14:54:40.00,948.0,-79.98,-85.03,1
2016-08-14_14:54:40.00,950.0,-81.97,-83.97,2
2016-08-14_14:54:40.00,952.0,-82.89,-86.24,1
2016-08-14_14:54:40.00,954.0,-78.29,-79.36,2
2016-08-14_14:54:40.00,956.0,-80.48,-82.14,2
2016-08-14_14:54:40.00,958.0,-79.16,-83.66,1
2016-08-14_14:54:40.00,960.0,-81.53,-83.85,2
2016-08-14_14:54:40.00,962.0,-81.25,-85.15,1
2016-08-14_14:54:40.00,964.0,-80.16,-82.7,2
2016-08-14_14:54:40.00,966.0,-83.11,-83.42,2
2016-08-14_14:54:40.00,968.0,-80.48,-84.4,1
2016-08-14_14:54:40.00,970.0,-81.18,-82.68,2
2016-08-14_14:54:40.00,972.0,-81.85,-83.02,2
2016-08-14_14:54:40.00,974.0,-82.74,-83.51,2
2016-08-14_14:54:40.00,976.0,-82.01,-84.58,2
2016-08-14_14:54:40.00,978.0,-78.91,-84.72,1
2016-08-14_14:54:40.00,980.0,-83.34,-80.49,2
2016-08-14_14:54:40.00,982.0,-81.36,-81.59,2
2016-08-14_14:54:40.00,984.0,-79.15,-83.6,1
2016-08-14_14:54:40.00,986.0,-82.87,-81.54,2
2016-08-14_14:54:40.00,988.0,-80.88,-80.02,2
2016-08-14_14:54:40.00,990.0,-81.89,-82.96,2
2016-08-14_14:54:40.00,992.0,-82.51,-82.52,2
2016-08-14_14:54:50.00,860.0,-82.17,-85.75,1
2016-08-14_14:54:50.00,862.0,-82.95,-82.05,2
2016-08-14_14:54:50.00,864.0,-80.64,-85.0,1
2016-08-14_14:54:50.00,866.0,-77.19,-79.79,2
2016-08-14_14:54:50.00,868.0,-81.67,-82.89,2
2016-08-14_14:54:50.00,870.0,-75.61,-83.89,1
2016-08-14_14:54:50.00,872.0,-80.17,-83.82,1
2016-08-14_14:54:50.00,874.0,-81.22,-81.42,2
2016-08-14_14:54:50.00,876.0,-82.59,-81.1,2
2016-08-14_14:54:50.00,878.0,-80.75,-82.19,2
2016-08-14_14:54:50.00,880.0,-84.87,-82.74,2
2016-08-14_14:54:50.00,882.0,-79.38,-81.88,2
2016-08-14_14:54:50.00,884.0,-78.37,-80.79,2
2016-08-14_14:54:50.00,886.0,-80.38,-79.75,2
2016-08-14_14:54:50.00,888.0,-77.22,-80.6,1
2016-08-14_14:54:50.00,890.0,-78.5,-82.39,1
2016-08-14_14:54:50.00,892.0,-78.67,-84.32,1
2016-08-14_14:54:50.00,894.0,-75.95,-85.79,1
2016-08-14_14:54:50.00,896.0,-80.23,-85.34,1
2016-08-14_14:54:50.00,898.0,-80.65,-83.58,2
2016-08-14_14:54:50.00,900.0,-79.97,-87.2,1
2016-08-14_14:54:50.00,902.0,-73.86,-83.33,1
2016-08-14_14:54:50.00,904.0,-78.77,-80.34,2
2016-08-14_14:54:50.00,906.0,-74.68,-84.86,1
2016-08-14_14:54:50.00,908.0,-79.62,-84.22,1
2016-08-14_14:54:50.00,910.0,-81.5,-83.31,2
2016-08-14_14:54:50.00,912.0,-77.34,-86.07,1
2016-08-14_14:54:50.00,914.0,-82.78,-83.76,2
2016-08-14_14:54:50.00,916.0,-80.36,-82.73,2
2016-08-14_14:54:50.00,918.0,-85.46,-82.46,2
2016-08-14_14:54:50.00,920.0,-83.29,-86.83,1
2016-08-14_14:54:50.00,922.0,-77.31,-83.16,1
2016-08-14_14:54:50.00,924.0,-85.16,-82.79,2
2016-08-14_14:54:50.00,926.0,-86.14,-83.74,2
2016-08-14_14:54:50.00,928.0,-83.43,-82.39,2
2016-08-14_14:54:50.00,930.0,-78.41,-87.18,1
2016-08-14_14:54:50.00,932.0,-86.73,-81.44,3
2016-08-14_14:54:50.00,934.0,-85.13,-84.01,2
2016-08-14_14:54:50.00,936.0,-68.98,-74.62,1
2016-08-14_14:54:50.00,938.0,-74.59,-81.54,1
2016-08-14_14:54:50.00,940.0,-79.73,-80.62,2
2016-08-14_14:54:50.00,942.0,-76.97,-84.37,1
2016-08-14_14:55:00.00,842.0,-75.98,-80.98,1
2016-08-14_14:55:00.00,844.0,-78.1,-81.1,1
2016-08-14_14:55:00.00,846.0,-79.86,-80.81,2
2016-08-14_14:55:00.00,848.0,-77.4,-80.73,1
2016-08-14_14:55:00.00,850.0,-77.18,-81.8,1
2016-08-14_14:55:00.00,852.0,-80.67,-82.6,2
2016-08-14_14:55:00.00,854.0,-78.77,-82.64,1
2016-08-14_14:55:00.00,856.0,-79.93,-81.15,2
2016-08-14_14:55:00.00,858.0,-77.37,-82.98,1
2016-08-14_14:55:00.00,860.0,-80.9,-84.08,1
2016-08-14_14:55:00.00,862.0,-75.07,-83.38,1
2016-08-14_14:55:00.00,864.0,-79.95,-81.22,2
2016-08-14_14:55:00.00,866.0,-77.6,-81.2,1
2016-08-14_14:55:00.00,868.0,-79.43,-83.65,1
2016-08-14_14:55:00.00,870.0,-80.15,-83.33,1
2016-08-14_14:55:00.00,872.0,-78.88,-86.49,1
2016-08-14_14:55:00.00,874.0,-79.4,-85.66,1
2016-08-14_14:55:00.00,876.0,-78.27,-84.09,1
2016-08-14_14:55:00.00,878.0,-78.89,-82.4,1
2016-08-14_14:55:00.00,880.0,-76.13,-85.8,1
2016-08-14_14:55:00.00,882.0,-81.86,-84.8,2
2016-08-14_14:55:00.00,884.0,-78.96,-84.93,1
2016-08-14_14:55:00.00,886.0,-75.45,-82.68,1
2016-08-14_14:55:00.00,888.0,-81.88,-81.64,2
2016-08-14_14:55:00.00,890.0,-75.46,-82.24,1
2016-08-14_14:55:00.00,892.0,-77.21,-82.22,1
2016-08-14_14:55:00.00,894.0,-77.49,-83.68,1
2016-08-14_14:55:00.00,896.0,-76.71,-83.08,1
2016-08-14_14:55:00.00,898.0,-78.79,-80.06,2
2016-08-14_14:55:00.00,900.0,-75.43,-83.86,1
2016-08-14_14:55:00.00,902.0,-77.58,-84.7,1
2016-08-14_14:55:00.00,904.0,-77.38,-83.36,1
2016-08-14_14:55:00.00,906.0,-80.08,-83.03,2
2016-08-14_14:55:00.00,908.0,-77.82,-83.2,1
2016-08-14_14:55:00.00,910.0,-77.08,-82.29,1
2016-08-14_14:55:00.00,912.0,-81.19,-80.25,2
2016-08-14_14:55:00.00,914.0,-82.88,-82.41,2
2016-08-14_14:55:00.00,916.0,-81.75,-80.4,2
2016-08-14_14:55:00.00,918.0,-81.46,-84.74,1
2016-08-14_14:55:00.00,920.0,-78.38,-82.92,1
2016-08-14_14:55:00.00,922.0,-79.18,-81.03,2
2016-08-14_14:55:00.00,924.0,-81.11,-83.18,2
2016-08-14_14:55:10.00,838.0,-74.55,-83.34,1
2016-08-14_14:55:10.00,840.0,-78.52,-79.03,2
2016-08-14_14:55:10.00,842.0,-78.86,-82.42,1
2016-08-14_14:55:10.00,844.0,-72.41,-80.07,1
2016-08-14_14:55:10.00,846.0,-75.36,-77.78,2
2016-08-14_14:55:10.00,848.0,-78.22,-82.6,1
2016-08-14_14:55:10.00,850.0,-71.29,-80.92,1
2016-08-14_14:55:10.00,852.0,-78.03,-80.01,2
2016-08-14_14:55:10.00,854.0,-81.58,-78.84,2
2016-08-14_14:55:10.00,856.0,-75.51,-82.79,1
2016-08-14_14:55:10.00,858.0,-74.64,-83.63,1
2016-08-14_14:55:10.00,860.0,-76.36,-90.61,1
2016-08-14_14:55:10.00,862.0,-77.85,-84.25,1
2016-08-14_14:55:10.00,864.0,-78.57,-85.6,1
2016-08-14_14:55:10.00,866.0,-82.9,-86.84,1
2016-08-14_14:55:10.00,868.0,-79.1,-85.38,1
2016-08-14_14:55:10.00,870.0,-78.97,-86.26,1
2016-08-14_14:55:10.00,872.0,-79.74,-86.96,1
2016-08-14_14:55:10.00,874.0,-77.79,-80.21,2
2016-08-14_14:55:10.00,876.0,-78.79,-83.41,1
2016-08-14_14:55:10.00,878.0,-82.79,-85.37,2
2016-08-14_14:55:10.00,880.0,-79.4,-88.84,1
2016-08-14_14:55:10.00,882.0,-78.4,-82.61,1
2016-08-14_14:55:10.00,884.0,-78.96,-86.65,1
2016-08-14_14:55:10.00,886.0,-79.06,-84.54,1
2016-08-14_14:55:10.00,888.0,-75.35,-81.8,1
2016-08-14_14:55:10.00,890.0,-79.12,-82.93,1
2016-08-14_14:55:10.00,892.0,-75.57,-84.3,1
2016-08-14_14:55:10.00,894.0,-76.66,-81.51,1
2016-08-14_14:55:10.00,896.0,-77.44,-82.01,1
2016-08-14_14:55:10.00,898.0,-75.89,-86.97,1
2016-08-14_14:55:10.00,900.0,-77.08,-87.22,1
2016-08-14_14:55:10.00,902.0,-78.67,-82.12,1
2016-08-14_14:55:10.00,904.0,-77.98,-81.54,1
2016-08-14_14:55:10.00,906.0,-84.53,-82.45,2
2016-08-14_14:55:10.00,908.0,-81.49,-82.13,2
2016-08-14_14:55:10.00,910.0,-78.26,-81.47,1
2016-08-14_14:55:10.00,912.0,-78.7,-82.15,1
2016-08-14_14:55:10.00,914.0,-84.31,-83.04,2
2016-08-14_14:55:10.00,916.0,-81.19,-86.1,1
2016-08-14_14:55:10.00,918.0,-83.78,-87.68,1
2016-08-14_14:55:10.00,920.0,-75.42,-84.03,1
2016-08-14_14:55:10.00,922.0,-85.27,-83.17,2
2016-08-14_14:55:10.00,924.0,-80.23,-79.79,2
2016-08-14_14:55:20.00,856.0,-75.46,-80.84,1
2016-08-14_14:55:20.00,858.0,-83.79,-81.46,2
2016-08-14_14:55:20.00,860.0,-81.6,-85.79,1
2016-08-14_14:55:20.00,862.0,-76.26,-81.4,1
2016-08-14_14:55:20.00,864.0,-77.2,-85.41,1
2016-08-14_14:55:20.00,866.0,-81.11,-86.32,1
2016-08-14_14:55:20.00,868.0,-78.75,-85.79,1
2016-08-14_14:55:20.00,870.0,-80.19,-85.32,1
2016-08-14_14:55:20.00,872.0,-78.52,-86.75,1
2016-08-14_14:55:20.00,874.0,-82.7,-84.78,2
2016-08-14_14:55:20.00,876.0,-82.14,-84.34,2
2016-08-14_14:55:20.00,878.0,-75.75,-85.06,1
2016-08-14_14:55:20.00,880.0,-77.63,-84.58,1
2016-08-14_14:55:20.00,882.0,-79.39,-81.02,2
2016-08-14_14:55:20.00,884.0,-79.93,-80.18,2
2016-08-14_14:55:20.00,886.0,-76.35,-79.62,1
2016-08-14_14:55:20.00,888.0,-77.8,-83.28,1
2016-08-14_14:55:20.00,890.0,-75.48,-83.46,1
2016-08-14_14:55:20.00,892.0,-79.28,-83.0,1
2016-08-14_14:55:20.00,894.0,-77.11,-82.86,1
2016-08-14_14:55:20.00,896.0,-75.67,-77.33,2
2016-08-14_14:55:20.00,898.0,-74.87,-84.01,1
2016-08-14_14:55:20.00,900.0,-75.65,-79.18,1
2016-08-14_14:55:20.00,902.0,-74.82,-82.1,1
2016-08-14_14:55:20.00,904.0,-79.58,-84.3,1
2016-08-14_14:55:20.00,906.0,-78.45,-83.06,1
2016-08-14_14:55:20.00,908.0,-79.02,-83.7,1
2016-08-14_14:55:20.00,910.0,-79.1,-84.81,1
2016-08-14_14:55:20.00,912.0,-78.91,-82.42,1
2016-08-14_14:55:20.00,914.0,-77.07,-84.6,1
2016-08-14_14:55:20.00,916.0,-80.4,-86.46,1
2016-08-14_14:55:20.00,918.0,-78.42,-86.5,1
2016-08-14_14:55:20.00,920.0,-82.73,-85.88,1
2016-08-14_14:55:20.00,922.0,-83.52,-83.01,2
2016-08-14_14:55:20.00,924.0,-84.43,-82.61,2
2016-08-14_14:55:20.00,926.0,-83.71,-85.5,2
2016-08-14_14:55:20.00,928.0,-79.21,-88.14,1
2016-08-14_14:55:20.00,930.0,-81.49,-88.69,1
2016-08-14_14:55:20.00,932.0,-78.9,-83.13,1
2016-08-14_14:55:20.00,934.0,-81.6,-87.02,1
2016-08-14_14:55:20.00,936.0,-87.23,-89.76,2
2016-08-14_14:55:20.00,938.0,-85.18,-82.28,2
2016-08-14_14:55:20.00,940.0,-81.1,-83.23,2
2016-08-14_14:55:20.00,942.0,-81.69,-83.32,2
2016-08-14_14:55:20.00,944.0,-81.19,-81.68,2
2016-08-14_14:55:20.00,946.0,-81.32,-81.39,2
2016-08-14_14:55:30.00,906.0,-79.71,-83.54,1
2016-08-14_14:55:30.00,908.0,-81.31,-83.45,2
2016-08-14_14:55:30.00,910.0,-80.72,-80.95,2
2016-08-14_14:55:30.00,912.0,-82.54,-81.55,2
2016-08-14_14:55:30.00,914.0,-82.07,-83.49,2
2016-08-14_14:55:30.00,916.0,-82.54,-83.75,2
2016-08-14_14:55:30.00,918.0,-81.09,-82.67,2
2016-08-14_14:55:30.00,920.0,-82.91,-85.31,2
2016-08-14_14:55:30.00,922.0,-78.66,-81.01,2
2016-08-14_14:55:30.00,924.0,-82.64,-82.35,2
2016-08-14_14:55:30.00,926.0,-87.12,-82.79,3
2016-08-14_14:55:30.00,928.0,-84.08,-84.08,2
2016-08-14_14:55:30.00,930.0,-82.86,-81.45,2
2016-08-14_14:55:30.00,932.0,-84.79,-84.74,2
2016-08-14_14:55:30.00,934.0,-80.05,-80.29,2
2016-08-14_14:55:30.00,936.0,-79.76,-84.0,1
2016-08-14_14:55:30.00,938.0,-78.27,-82.48,1
2016-08-14_14:55:30.00,940.0,-81.52,-82.53,2
2016-08-14_14:55:30.00,942.0,-84.97,-86.08,2
2016-08-14_14:55:30.00,944.0,-87.21,-81.75,3
2016-08-14_14:55:30.00,946.0,-82.16,-82.87,2
2016-08-14_14:55:30.00,948.0,-79.66,-85.86,1
2016-08-14_14:55:30.00,950.0,-81.94,-82.92,2
2016-08-14_14:55:30.00,952.0,-84.96,-87.33,2
2016-08-14_14:55:30.00,954.0,-80.01,-82.74,2
2016-08-14_14:55:30.00,956.0,-79.69,-84.91,1
2016-08-14_14:55:30.00,958.0,-80.25,-85.69,1
2016-08-14_14:55:30.00,960.0,-75.61,-82.45,1
2016-08-14_14:55:30.00,962.0,-85.52,-84.36,2
2016-08-14_14:55:30.00,964.0,-80.28,-84.61,1
2016-08-14_14:55:30.00,966.0,-85.15,-88.4,1
2016-08-14_14:55:30.00,968.0,-85.41,-83.42,2
2016-08-14_14:55:30.00,970.0,-84.98,-85.32,2
2016-08-14_14:55:30.00,972.0,-83.46,-89.38,1
2016-08-14_14:55:30.00,974.0,-78.98,-84.9,1
2016-08-14_14:55:30.00,976.0,-80.88,-85.99,1
2016-08-14_14:55:30.00,978.0,-83.61,-81.69,2
2016-08-14_14:55:30.00,980.0,-82.26,-85.86,1
2016-08-14_14:55:30.00,982.0,-83.13,-84.57,2
2016-08-14_14:55:30.00,984.0,-80.83,-78.01,2
2016-08-14_14:55:30.00,986.0,-78.95,-81.38,2
2016-08-14_14:55:30.00,988.0,-83.64,-82.34,2
2016-08-14_14:55:30.00,990.0,-80.44,-82.51,2
2016-08-14_14:55:30.00,992.0,-77.8,-83.61,1
2016-08-14_14:55:30.00,994.0,-80.76,-85.13,1
2016-08-14_14:55:30.00,996.0,-80.43,-82.18,2
2016-08-14_14:55:40.00,936.0,-81.93,-82.89,2
2016-08-14_14:55:40.00,938.0,-78.59,-79.83,2
2016-08-14_14:55:40.00,940.0,-79.86,-83.88,1
2016-08-14_14:55:40.00,942.0,-82.4,-83.07,2
2016-08-14_14:55:40.00,944.0,-77.97,-84.26,1
2016-08-14_14:55:40.00,946.0,-82.28,-83.48,2
2016-08-14_14:55:40.00,948.0,-81.36,-86.34,1
2016-08-14_14:55:40.00,950.0,-79.97,-84.58,1
2016-08-14_14:55:40.00,952.0,-80.89,-82.18,2
2016-08-14_14:55:40.00,954.0,-80.55,-82.19,2
2016-08-14_14:55:40.00,956.0,-80.34,-81.66,2
2016-08-14_14:55:40.00,958.0,-80.38,-83.89,1
2016-08-14_14:55:40.00,960.0,-79.48,-84.01,1
2016-08-14_14:55:40.00,962.0,-81.87,-84.18,2
2016-08-14_14:55:40.00,964.0,-80.97,-83.59,2
2016-08-14_14:55:40.00,966.0,-82.52,-82.98,2
2016-08-14_14:55:40.00,968.0,-76.89,-83.11,1
2016-08-14_14:55:40.00,970.0,-82.3,-83.73,2
2016-08-14_14:55:40.00,972.0,-79.52,-83.95,1
2016-08-14_14:55:40.00,974.0,-82.58,-84.3,2
2016-08-14_14:55:40.00,976.0,-81.69,-84.41,2
2016-08-14_14:55:40.00,978.0,-81.51,-81.43,2
2016-08-14_14:55:40.00,980.0,-80.59,-83.99,1
2016-08-14_14:55:40.00,982.0,-81.46,-83.97,2
2016-08-14_14:55:40.00,984.0,-83.33,-84.08,2
2016-08-14_14:55:40.00,986.0,-80.17,-84.07,1
2016-08-14_14:55:40.00,988.0,-82.72,-83.64,2
2016-08-14_14:55:40.00,990.0,-84.53,-85.93,2
2016-08-14_14:55:40.00,992.0,-87.95,-86.7,2
2016-08-14_14:55:40.00,994.0,-81.8,-84.06,2
2016-08-14_14:55:40.00,996.0,-80.97,-83.8,2
2016-08-14_14:55:40.00,998.0,-82.32,-84.18,2
2016-08-14_14:55:40.00,1000.0,-81.42,-83.93,2
2016-08-14_14:55:40.00,1002.0,-82.7,-84.26,2
2016-08-14_14:55:40.00,1004.0,-84.38,-86.22,2
2016-08-14_14:55:40.00,1006.0,-85.77,-80.55,3
2016-08-14_14:55:40.00,1008.0,-84.8,-82.9,2
2016-08-14_14:55:40.00,1010.0,-84.41,-82.65,2
2016-08-14_14:55:40.00,1012.0,-80.8,-83.83,1
2016-08-14_14:55:40.00,1014.0,-85.3,-83.41,2
2016-08-14_14:55:40.00,1016.0,-81.41,-85.77,1
2016-08-14_14:55:40.00,1018.0,-77.05,-77.95,2
2016-08-14_14:55:40.00,1020.0,-66.57,-79.34,1
2016-08-14_14:55:40.00,1022.0,-79.11,-83.24,1
2016-08-14_14:55:40.00,1024.0,-84.37,-82.2,2
2016-08-14_14:55:40.00,1026.0,-81.36,-85.17,1
2016-08-14_14:55:50.00,936.0,-79.36,-77.93,2
2016-08-14_14:55:50.00,938.0,-77.65,-83.74,1
2016-08-14_14:55:50.00,940.0,-81.31,-82.42,2
2016-08-14_14:55:50.00,942.0,-77.69,-83.2,1
2016-08-14_14:55:50.00,944.0,-79.6,-84.19,1
2016-08-14_14:55:50.00,946.0,-80.94,-82.01,2
2016-08-14_14:55:50.00,948.0,-80.3,-80.93,2
2016-08-14_14:55:50.00,950.0,-82.62,-84.58,2
2016-08-14_14:55:50.00,952.0,-81.54,-81.85,2
2016-08-14_14:55:50.00,954.0,-82.88,-85.09,2
2016-08-14_14:55:50.00,956.0,-78.73,-80.43,2
2016-08-14_14:55:50.00,958.0,-81.11,-80.8,2
2016-08-14_14:55:50.00,960.0,-76.89,-81.73,1
2016-08-14_14:55:50.00,962.0,-80.32,-82.67,2
2016-08-14_14:55:50.00,964.0,-83.53,-82.52,2
2016-08-14_14:55:50.00,966.0,-83.04,-82.39,2
2016-08-14_14:55:50.00,968.0,-79.82,-85.82,1
2016-08-14_14:55:50.00,970.0,-84.8,-84.03,2
2016-08-14_14:55:50.00,972.0,-86.56,-84.4,2
2016-08-14_14:55:50.00,974.0,-85.91,-83.53,2
2016-08-14_14:55:50.00,976.0,-81.96,-84.26,2
2016-08-14_14:55:50.00,978.0,-78.86,-82.49,1
2016-08-14_14:55:50.00,980.0,-78.99,-85.01,1
2016-08-14_14:55:50.00,982.0,-78.14,-82.77,1
2016-08-14_14:55:50.00,984.0,-85.43,-85.87,2
2016-08-14_14:55:50.00,986.0,-74.94,-84.77,1
2016-08-14_14:55:50.00,988.0,-80.26,-84.05,1
2016-08-14_14:55:50.00,990.0,-78.12,-83.13,1
2016-08-14_14:55:50.00,992.0,-83.42,-84.88,2
2016-08-14_14:55:50.00,994.0,-82.43,-87.23,1
2016-08-14_14:55:50.00,996.0,-86.32,-82.13,3
2016-08-14_14:55:50.00,998.0,-82.56,-86.76,1
2016-08-14_14:55:50.00,1000.0,-83.61,-86.74,1
2016-08-14_14:55:50.00,1002.0,-83.28,-86.99,1
2016-08-14_14:55:50.00,1004.0,-79.88,-83.96,1
2016-08-14_14:55:50.00,1006.0,-82.07,-82.63,2
2016-08-14_14:55:50.00,1008.0,-78.61,-83.44,1
2016-08-14_14:55:50.00,1010.0,-81.03,-83.07,2
2016-08-14_14:55:50.00,1012.0,-84.21,-85.33,2
2016-08-14_14:55:50.00,1014.0,-82.06,-82.27,2
2016-08-14_14:55:50.00,1016.0,-84.99,-88.38,1
2016-08-14_14:55:50.00,1018.0,-83.84,-85.15,2
2016-08-14_14:55:50.00,1020.0,-84.76,-83.42,2
2016-08-14_14:55:50.00,1022.0,-82.68,-85.84,1
2016-08-14_14:55:50.00,1024.0,-83.85,-84.27,2
2016-08-14_14:55:50.00,1026.0,-87.41,-82.16,3
2016-08-14_14:56:00.00,1282.0,-88.45,-78.64,3
2016-08-14_14:56:00.00,1284.0,-89.47,-79.32,3
2016-08-14_14:56:00.00,1286.0,-88.19,-84.19,3
2016-08-14_14:56:00.00,1288.0,-88.2,-79.37,3
2016-08-14_14:56:00.00,1290.0,-92.98,-78.35,3
2016-08-14_14:56:00.00,1292.0,-90.19,-83.81,3
2016-08-14_14:56:00.00,1294.0,-90.79,-83.97,3
2016-08-14_14:56:00.00,1296.0,-91.01,-79.74,3
2016-08-14_14:56:00.00,1298.0,-89.68,-80.51,3
2016-08-14_14:56:00.00,1300.0,-88.72,-79.24,3
2016-08-14_14:56:00.00,1302.0,-90.13,-79.6,3
2016-08-14_14:56:00.00,1304.0,-86.71,-79.3,3
2016-08-14_14:56:00.00,1306.0,-90.7,-80.17,3
2016-08-14_14:56:00.00,1308.0,-88.2,-77.02,3
2016-08-14_14:56:00.00,1310.0,-86.92,-79.28,3
2016-08-14_14:56:00.00,1312.0,-89.77,-80.1,3
2016-08-14_14:56:00.00,1314.0,-91.09,-80.08,3
2016-08-14_14:56:00.00,1316.0,-87.5,-79.59,3
2016-08-14_14:56:00.00,1318.0,-89.01,-79.42,3
2016-08-14_14:56:00.00,1320.0,-91.22,-77.71,3
2016-08-14_14:56:00.00,1322.0,-89.4,-79.88,3
2016-08-14_14:56:00.00,1324.0,-87.0,-80.94,3
2016-08-14_14:56:00.00,1326.0,-88.58,-82.57,3
2016-08-14_14:56:00.00,1328.0,-92.85,-80.75,3
2016-08-14_14:56:00.00,1330.0,-89.55,-80.18,3
2016-08-14_14:56:00.00,1332.0,-91.21,-79.77,3
2016-08-14_14:56:00.00,1334.0,-91.04,-81.89,3
2016-08-14_14:56:00.00,1336.0,-90.93,-79.7,3
2016-08-14_14:56:00.00,1338.0,-93.88,-79.02,3
2016-08-14_14:56:00.00,1340.0,-86.77,-78.78,3
2016-08-14_14:56:00.00,1342.0,-89.22,-80.86,3
2016-08-14_14:56:00.00,1344.0,-85.82,-76.11,3
2016-08-14_14:56:00.00,1346.0,-87.44,-78.77,3
2016-08-14_14:56:00.00,1348.0,-86.59,-77.77,3
2016-08-14_14:56:00.00,1350.0,-89.79,-79.23,3
2016-08-14_14:56:00.00,1352.0,-87.59,-70.21,3
2016-08-14_14:56:00.00,1354.0,-88.26,-78.04,3
2016-08-14_14:56:00.00,1356.0,-88.61,-78.69,3
2016-08-14_14:56:00.00,1358.0,-89.62,-79.16,3
2016-08-14_14:56:00.00,1360.0,-88.27,-79.75,3
2016-08-14_14:56:00.00,1362.0,-86.55,-79.08,3
2016-08-14_14:56:00.00,1364.0,-88.75,-81.15,3
2016-08-14_14:56:00.00,1366.0,-86.27,-81.61,3
2016-08-14_14:56:00.00,1368.0,-84.37,-79.88,3
2016-08-14_14:56:00.00,1370.0,-88.93,-80.56,3
2016-08-14_14:56:00.00,1372.0,-89.47,-75.57,3
2016-08-14_14:56:00.00,1374.0,-88.77,-77.71,3
2016-08-14_14:56:00.00,1376.0,-91.22,-79.64,3
2016-08-14_14:56:10.00,1288.0,-92.61,-82.45,3
2016-08-14_14:56:10.00,1290.0,-94.44,-81.81,3
2016-08-14_14:56:10.00,1292.0,-92.35,-81.13,3
2016-08-14_14:56:10.00,1294.0,-96.6,-83.43,3
2016-08-14_14:56:10.00,1296.0,-92.96,-82.93,3
2016-08-14_14:56:10.00,1298.0,-91.88,-79.64,3
2016-08-14_14:56:10.00,1300.0,-93.03,-81.71,3
2016-08-14_14:56:10.00,1302.0,-90.15,-82.3,3
2016-08-14_14:56:10.00,1304.0,-90.9,-79.9,3
2016-08-14_14:56:10.00,1306.0,-93.77,-79.31,3
2016-08-14_14:56:10.00,1308.0,-90.53,-84.1,3
2016-08-14_14:56:10.00,1310.0,-92.4,-81.94,3
2016-08-14_14:56:10.00,1312.0,-87.43,-83.32,3
2016-08-14_14:56:10.00,1314.0,-92.42,-81.73,3
2016-08-14_14:56:10.00,1316.0,-91.31,-80.55,3
2016-08-14_14:56:10.00,1318.0,-85.94,-80.91,3
2016-08-14_14:56:10.00,1320.0,-91.56,-80.94,3
2016-08-14_14:56:10.00,1322.0,-93.73,-79.97,3
2016-08-14_14:56:10.00,1324.0,-89.75,-81.56,3
2016-08-14_14:56:10.00,1326.0,-88.29,-81.93,3
2016-08-14_14:56:10.00,1328.0,-90.0,-79.55,3
2016-08-14_14:56:10.00,1330.0,-90.41,-78.85,3
2016-08-14_14:56:10.00,1332.0,-89.89,-84.22,3
2016-08-14_14:56:10.00,1334.0,-94.74,-81.39,3
2016-08-14_14:56:10.00,1336.0,-93.95,-80.07,3
2016-08-14_14:56:10.00,1338.0,-95.13,-84.58,3
2016-08-14_14:56:10.00,1340.0,-90.52,-81.14,3
2016-08-14_14:56:10.00,1342.0,-89.09,-80.6,3
2016-08-14_14:56:10.00,1344.0,-87.53,-77.66,3
2016-08-14_14:56:10.00,1346.0,-89.35,-82.64,3
2016-08-14_14:56:10.00,1348.0,-91.14,-79.73,3
2016-08-14_14:56:10.00,1350.0,-88.62,-78.63,3
2016-08-14_14:56:10.00,1352.0,-89.48,-80.55,3
2016-08-14_14:56:10.00,1354.0,-88.97,-77.6,3
2016-08-14_14:56:10.00,1356.0,-94.18,-80.79,3
2016-08-14_14:56:10.00,1358.0,-90.37,-78.37,3
2016-08-14_14:56:10.00,1360.0,-87.16,-80.78,3
2016-08-14_14:56:10.00,1362.0,-90.51,-82.68,3
2016-08-14_14:56:10.00,1364.0,-95.22,-77.22,3
2016-08-14_14:56:10.00,1366.0,-86.55,-80.92,3
2016-08-14_14:56:10.00,1368.0,-85.96,-80.74,3
2016-08-14_14:56:10.00,1370.0,-96.77,-80.03,3
2016-08-14_14:56:10.00,1372.0,-94.11,-79.72,3
2016-08-14_14:56:10.00,1374.0,-92.59,-81.98,3
2016-08-14_14:56:10.00,1376.0,-87.57,-84.15,3
2016-08-14_14:56:10.00,1378.0,-89.36,-79.44,3
2016-08-14_14:56:20.00,1270.0,-87.08,-81.05,3
2016-08-14_14:56:20.00,1272.0,-86.39,-79.91,3
2016-08-14_14:56:20.00,1274.0,-88.6,-79.31,3
2016-08-14_14:56:20.00,1276.0,-87.17,-82.47,3
2016-08-14_14:56:20.00,1278.0,-87.97,-83.0,3
2016-08-14_14:56:20.00,1280.0,-88.07,-81.9,3
2016-08-14_14:56:20.00,1282.0,-88.18,-75.86,3
2016-08-14_14:56:20.00,1284.0,-87.55,-82.14,3
2016-08-14_14:56:20.00,1286.0,-89.36,-80.62,3
2016-08-14_14:56:20.00,1288.0,-89.59,-80.75,3
2016-08-14_14:56:20.00,1290.0,-88.43,-82.97,3
2016-08-14_14:56:20.00,1292.0,-88.13,-81.19,3
2016-08-14_14:56:20.00,1294.0,-88.57,-80.52,3
2016-08-14_14:56:20.00,1296.0,-89.01,-82.56,3
2016-08-14_14:56:20.00,1298.0,-89.38,-83.04,3
2016-08-14_14:56:20.00,1300.0,-92.21,-81.57,3
2016-08-14_14:56:20.00,1302.0,-88.34,-81.97,3
2016-08-14_14:56:20.00,1304.0,-87.17,-81.46,3
2016-08-14_14:56:20.00,1306.0,-91.63,-79.97,3
2016-08-14_14:56:20.00,1308.0,-76.26,-77.51,2
2016-08-14_14:56:20.00,1310.0,-80.32,-79.38,2
2016-08-14_14:56:20.00,1312.0,-82.29,-81.08,2
2016-08-14_14:56:20.00,1314.0,-87.85,-81.05,3
2016-08-14_14:56:20.00,1316.0,-89.09,-81.9,3
2016-08-14_14:56:20.00,1318.0,-90.29,-81.73,3
2016-08-14_14:56:20.00,1320.0,-89.76,-80.03,3
2016-08-14_14:56:20.00,1322.0,-91.02,-80.72,3
2016-08-14_14:56:20.00,1324.0,-90.22,-81.64,3
2016-08-14_14:56:20.00,1326.0,-91.56,-81.67,3
2016-08-14_14:56:20.00,1328.0,-89.5,-77.93,3
2016-08-14_14:56:20.00,1330.0,-91.74,-81.15,3
2016-08-14_14:56:20.00,1332.0,-90.08,-79.27,3
2016-08-14_14:56:20.00,1334.0,-90.82,-80.61,3
2016-08-14_14:56:20.00,1336.0,-91.25,-79.58,3
2016-08-14_14:56:20.00,1338.0,-92.71,-78.51,3
2016-08-14_14:56:20.00,1340.0,-89.53,-79.28,3
2016-08-14_14:56:20.00,1342.0,-87.33,-79.71,3
2016-08-14_14:56:20.00,1344.0,-89.81,-78.05,3
2016-08-14_14:56:20.00,1346.0,-91.45,-80.29,3
2016-08-14_14:56:20.00,1348.0,-89.23,-79.21,3
2016-08-14_14:56:20.00,1350.0,-88.54,-79.67,3
2016-08-14_14:56:30.00,1202.0,-89.99,-80.77,3
2016-08-14_14:56:30.00,1204.0,-90.0,-82.72,3
2016-08-14_14:56:30.00,1206.0,-90.47,-86.27,3
2016-08-14_14:56:30.00,1208.0,-91.03,-81.56,3
2016-08-14_14:56:30.00,1210.0,-91.75,-84.11,3
2016-08-14_14:56:30.00,1212.0,-92.13,-82.5,3
2016-08-14_14:56:30.00,1214.0,-90.59,-80.08,3
2016-08-14_14:56:30.00,1216.0,-94.36,-85.11,3
2016-08-14_14:56:30.00,1218.0,-90.42,-82.8,3
2016-08-14_14:56:30.00,1220.0,-90.34,-78.47,3
2016-08-14_14:56:30.00,1222.0,-89.34,-79.61,3
2016-08-14_14:56:30.00,1224.0,-90.45,-81.7,3
2016-08-14_14:56:30.00,1226.0,-87.82,-83.92,3
2016-08-14_14:56:30.00,1228.0,-89.62,-81.9,3
2016-08-14_14:56:30.00,1230.0,-90.61,-81.9,3
2016-08-14_14:56:30.00,1232.0,-94.33,-82.5,3
2016-08-14_14:56:30.00,1234.0,-90.57,-81.81,3
2016-08-14_14:56:30.00,1236.0,-91.96,-80.84,3
2016-08-14_14:56:30.00,1238.0,-87.13,-82.75,3
2016-08-14_14:56:30.00,1240.0,-89.91,-79.31,3
2016-08-14_14:56:30.00,1242.0,-94.14,-83.53,3
2016-08-14_14:56:30.00,1244.0,-90.78,-79.61,3
2016-08-14_14:56:30.00,1246.0,-87.62,-79.42,3
2016-08-14_14:56:30.00,1248.0,-92.42,-80.69,3
2016-08-14_14:56:30.00,1250.0,-92.31,-82.91,3
2016-08-14_14:56:30.00,1252.0,-90.4,-83.42,3
2016-08-14_14:56:30.00,1254.0,-92.17,-85.61,3
2016-08-14_14:56:30.00,1256.0,-91.39,-81.52,3
2016-08-14_14:56:30.00,1258.0,-91.27,-81.55,3
2016-08-14_14:56:30.00,1260.0,-93.88,-83.06,3
2016-08-14_14:56:30.00,1262.0,-88.38,-83.14,3
2016-08-14_14:56:30.00,1264.0,-88.83,-79.72,3
2016-08-14_14:56:30.00,1266.0,-85.82,-79.41,3
2016-08-14_14:56:30.00,1268.0,-90.28,-82.07,3
2016-08-14_14:56:30.00,1270.0,-91.15,-78.43,3
2016-08-14_14:56:30.00,1272.0,-87.35,-80.61,3
2016-08-14_14:56:30.00,1274.0,-83.9,-77.38,3
2016-08-14_14:56:30.00,1276.0,-88.88,-82.05,3
2016-08-14_14:56:30.00,1278.0,-86.72,-78.06,3
2016-08-14_14:56:30.00,1280.0,-89.17,-81.38,3
2016-08-14_14:56:30.00,1282.0,-87.8,-82.54,3
2016-08-14_14:56:30.00,1284.0,-88.78,-79.97,3
2016-08-14_14:56:30.00,1286.0,-86.27,-79.89,3
2016-08-14_14:56:40.00,1060.0,-88.64,-81.32,3
2016-08-14_14:56:40.00,1062.0,-80.28,-81.23,2
2016-08-14_14:56:40.00,1064.0,-85.26,-84.56,2
2016-08-14_14:56:40.00,1066.0,-83.43,-84.14,2
2016-08-14_14:56:40.00,1068.0,-84.71,-85.79,2
2016-08-14_14:56:40.00,1070.0,-85.62,-83.19,2
2016-08-14_14:56:40.00,1072.0,-85.63,-82.49,3
2016-08-14_14:56:40.00,1074.0,-91.53,-84.35,3
2016-08-14_14:56:40.00,1076.0,-92.0,-80.49,3
2016-08-14_14:56:40.00,1078.0,-86.98,-81.8,3
2016-08-14_14:56:40.00,1080.0,-88.1,-83.15,3
2016-08-14_14:56:40.00,1082.0,-87.59,-85.92,2
2016-08-14_14:56:40.00,1084.0,-84.31,-83.93,2
2016-08-14_14:56:40.00,1086.0,-83.15,-86.53,1
2016-08-14_14:56:40.00,1088.0,-85.83,-87.1,2
2016-08-14_14:56:40.00,1090.0,-83.75,-82.83,2
2016-08-14_14:56:40.00,1092.0,-87.26,-84.15,3
2016-08-14_14:56:40.00,1094.0,-88.09,-84.4,3
2016-08-14_14:56:40.00,1096.0,-84.86,-86.48,2
2016-08-14_14:56:40.00,1098.0,-87.98,-82.1,3
2016-08-14_14:56:40.00,1100.0,-86.86,-80.19,3
2016-08-14_14:56:40.00,1102.0,-81.46,-82.67,2
2016-08-14_14:56:40.00,1104.0,-86.47,-87.66,2
2016-08-14_14:56:40.00,1106.0,-86.81,-86.14,2
2016-08-14_14:56:40.00,1108.0,-83.52,-86.77,1
2016-08-14_14:56:40.00,1110.0,-84.27,-85.97,2
2016-08-14_14:56:40.00,1112.0,-86.77,-82.63,3
2016-08-14_14:56:40.00,1114.0,-86.61,-83.58,3
2016-08-14_14:56:40.00,1116.0,-87.69,-85.9,2
2016-08-14_14:56:40.00,1118.0,-82.6,-84.84,2
2016-08-14_14:56:40.00,1120.0,-86.85,-81.92,3
2016-08-14_14:56:40.00,1122.0,-81.61,-81.22,2
2016-08-14_14:56:40.00,1124.0,-85.75,-80.53,3
2016-08-14_14:56:40.00,1126.0,-85.11,-82.5,2
2016-08-14_14:56:40.00,1128.0,-85.34,-84.25,2
2016-08-14_14:56:40.00,1130.0,-85.99,-86.25,2
2016-08-14_14:56:40.00,1132.0,-86.6,-83.65,2
2016-08-14_14:56:40.00,1134.0,-85.89,-81.13,3
2016-08-14_14:56:40.00,1136.0,-86.69,-83.32,3
2016-08-14_14:56:40.00,1138.0,-87.52,-88.25,2
2016-08-14_14:56:40.00,1140.0,-86.6,-82.67,3
2016-08-14_14:56:40.00,1142.0,-86.27,-83.89,2
2016-08-14_14:56:40.00,1144.0,-83.6,-83.09,2
2016-08-14_14:56:40.00,1146.0,-83.26,-79.91,3
2016-08-14_14:56:40.00,1148.0,-83.54,-82.48,2
2016-08-14_14:56:40.00,1150.0,-82.37,-86.99,1
2016-08-14_14:56:40.00,1152.0,-83.71,-82.25,2
2016-08-14_14:56:40.00,1154.0,-86.62,-83.53,3
2016-08-14_14:56:40.00,1156.0,-82.29,-79.22,3
2016-08-14_14:56:40.00,1158.0,-86.83,-83.86,2
2016-08-14_14:56:40.00,1160.0,-83.87,-79.93,3
2016-08-14_14:56:40.00,1162.0,-85.12,-83.06,2
2016-08-14_14:56:50.00,1042.0,-83.68,-80.22,3
2016-08-14_14:56:50.00,1044.0,-84.53,-82.06,2
2016-08-14_14:56:50.00,1046.0,-87.09,-81.24,3
2016-08-14_14:56:50.00,1048.0,-81.32,-85.97,1
2016-08-14_14:56:50.00,1050.0,-79.54,-86.35,1
2016-08-14_14:56:50.00,1052.0,-86.92,-87.21,2
2016-08-14_14:56:50.00,1054.0,-83.65,-81.54,2
2016-08-14_14:56:50.00,1056.0,-92.81,-81.2,3
2016-08-14_14:56:50.00,1058.0,-89.02,-78.96,3
2016-08-14_14:56:50.00,1060.0,-84.49,-83.94,2
2016-08-14_14:56:50.00,1062.0,-80.5,-81.52,2
2016-08-14_14:56:50.00,1064.0,-81.69,-83.21,2
2016-08-14_14:56:50.00,1066.0,-87.0,-86.47,2
2016-08-14_14:56:50.00,1068.0,-80.72,-84.06,1
2016-08-14_14:56:50.00,1070.0,-89.36,-82.92,3
2016-08-14_14:56:50.00,1072.0,-87.89,-84.42,3
2016-08-14_14:56:50.00,1074.0,-86.27,-83.1,3
2016-08-14_14:56:50.00,1076.0,-84.1,-82.15,2
2016-08-14_14:56:50.00,1078.0,-84.79,-83.91,2
2016-08-14_14:56:50.00,1080.0,-80.5,-82.6,2
2016-08-14_14:56:50.00,1082.0,-85.87,-82.92,2
2016-08-14_14:56:50.00,1084.0,-84.43,-81.67,2
2016-08-14_14:56:50.00,1086.0,-82.83,-84.47,2
2016-08-14_14:56:50.00,1088.0,-85.39,-81.11,3
2016-08-14_14:56:50.00,1090.0,-86.57,-82.03,3
2016-08-14_14:56:50.00,1092.0,-85.48,-84.51,2
2016-08-14_14:56:50.00,1094.0,-84.6,-78.95,3
2016-08-14_14:56:50.00,1096.0,-84.15,-84.55,2
2016-08-14_14:56:50.00,1098.0,-85.78,-82.7,3
2016-08-14_14:56:50.00,1100.0,-82.9,-84.71,2
2016-08-14_14:56:50.00,1102.0,-84.98,-84.66,2
2016-08-14_14:56:50.00,1104.0,-88.51,-80.87,3
2016-08-14_14:56:50.00,1106.0,-83.83,-84.59,2
2016-08-14_14:56:50.00,1108.0,-90.03,-89.47,2
2016-08-14_14:56:50.00,1110.0,-89.83,-83.25,3
2016-08-14_14:56:50.00,1112.0,-85.3,-83.96,2
2016-08-14_14:56:50.00,1114.0,-84.69,-83.17,2
2016-08-14_14:56:50.00,1116.0,-85.87,-85.76,2
2016-08-14_14:56:50.00,1118.0,-85.58,-84.82,2
2016-08-14_14:56:50.00,1120.0,-85.42,-85.63,2
2016-08-14_14:56:50.00,1122.0,-83.09,-86.82,1
2016-08-14_14:56:50.00,1124.0,-86.94,-85.85,2
2016-08-14_14:56:50.00,1126.0,-85.04,-81.25,3
2016-08-14_14:56:50.00,1128.0,-86.93,-83.97,2
2016-08-14_14:56:50.00,1130.0,-93.83,-81.81,3
2016-08-14_14:56:50.00,1132.0,-85.41,-82.1,3
2016-08-14_14:56:50.00,1134.0,-88.88,-83.69,3
2016-08-14_14:56:50.00,1136.0,-88.46,-86.47,2
2016-08-14_14:56:50.00,1138.0,-86.65,-85.43,2
2016-08-14_14:56:50.00,1140.0,-92.1,-85.87,3
2016-08-14_14:56:50.00,1142.0,-87.96,-85.18,2
2016-08-14_14:56:50.00,1144.0,-89.65,-83.64,3
2016-08-14_14:56:50.00,1146.0,-83.85,-81.66,2
2016-08-14_14:56:50.00,1148.0,-91.58,-85.51,3
2016-08-14_14:57:00.00,1038.0,-82.07,-82.79,2
2016-08-14_14:57:00.00,1040.0,-80.67,-81.65,2
2016-08-14_14:57:00.00,1042.0,-81.36,-83.36,2
2016-08-14_14:57:00.00,1044.0,-84.01,-84.15,2
2016-08-14_14:57:00.00,1046.0,-86.33,-81.8,3
2016-08-14_14:57:00.00,1048.0,-85.79,-82.73,3
2016-08-14_14:57:00.00,1050.0,-83.23,-81.67,2
2016-08-14_14:57:00.00,1052.0,-80.83,-83.32,2
2016-08-14_14:57:00.00,1054.0,-83.4,-83.81,2
2016-08-14_14:57:00.00,1056.0,-86.51,-81.12,3
2016-08-14_14:57:00.00,1058.0,-85.57,-82.2,3
2016-08-14_14:57:00.00,1060.0,-83.64,-83.4,2
2016-08-14_14:57:00.00,1062.0,-84.88,-80.19,3
2016-08-14_14:57:00.00,1064.0,-85.63,-81.87,3
2016-08-14_14:57:00.00,1066.0,-83.99,-82.37,2
2016-08-14_14:57:00.00,1068.0,-84.14,-79.68,3
2016-08-14_14:57:00.00,1070.0,-81.05,-84.41,1
2016-08-14_14:57:00.00,1072.0,-86.46,-84.73,2
2016-08-14_14:57:00.00,1074.0,-85.07,-83.46,2
2016-08-14_14:57:00.00,1076.0,-84.6,-82.99,2
2016-08-14_14:57:00.00,1078.0,-84.01,-85.53,2
2016-08-14_14:57:00.00,1080.0,-86.76,-86.19,2
2016-08-14_14:57:00.00,1082.0,-82.85,-83.47,2
2016-08-14_14:57:00.00,1084.0,-83.56,-85.71,2
2016-08-14_14:57:00.00,1086.0,-84.93,-83.5,2
2016-08-14_14:57:00.00,1088.0,-83.46,-85.56,2
2016-08-14_14:57:00.00,1090.0,-82.8,-85.77,2
2016-08-14_14:57:00.00,1092.0,-84.4,-84.44,2
2016-08-14_14:57:00.00,1094.0,-84.06,-84.43,2
2016-08-14_14:57:00.00,1096.0,-88.39,-80.64,3
2016-08-14_14:57:00.00,1098.0,-82.97,-83.54,2
2016-08-14_14:57:00.00,1100.0,-84.58,-84.03,2
2016-08-14_14:57:00.00,1102.0,-84.25,-84.02,2
2016-08-14_14:57:00.00,1104.0,-85.13,-81.71,3
2016-08-14_14:57:00.00,1106.0,-82.62,-82.72,2
2016-08-14_14:57:00.00,1108.0,-84.39,-81.47,2
2016-08-14_14:57:00.00,1110.0,-87.72,-85.51,2
2016-08-14_14:57:00.00,1112.0,-86.85,-83.39,3
2016-08-14_14:57:00.00,1114.0,-85.34,-83.15,2
2016-08-14_14:57:00.00,1116.0,-85.76,-84.68,2
2016-08-14_14:57:00.00,1118.0,-85.03,-83.7,2
2016-08-14_14:57:00.00,1120.0,-81.93,-82.32,2
2016-08-14_14:57:00.00,1122.0,-85.61,-84.09,2
2016-08-14_14:57:00.00,1124.0,-85.03,-83.87,2
2016-08-14_14:57:00.00,1126.0,-87.02,-87.05,2
2016-08-14_14:57:00.00,1128.0,-85.2,-85.64,2
2016-08-14_14:57:00.00,1130.0,-86.3,-84.36,2
2016-08-14_14:57:00.00,1132.0,-86.79,-82.81,3
2016-08-14_14:57:10.00,1054.0,-82.77,-85.36,2
2016-08-14_14:57:10.00,1056.0,-81.92,-82.01,2
2016-08-14_14:57:10.00,1058.0,-85.86,-84.35,2
2016-08-14_14:57:10.00,1060.0,-82.46,-82.39,2
2016-08-14_14:57:10.00,1062.0,-89.61,-80.43,3
2016-08-14_14:57:10.00,1064.0,-84.16,-82.54,2
2016-08-14_14:57:10.00,1066.0,-85.94,-84.56,2
2016-08-14_14:57:10.00,1068.0,-86.74,-81.15,3
2016-08-14_14:57:10.00,1070.0,-83.12,-81.47,2
2016-08-14_14:57:10.00,1072.0,-85.37,-80.47,3
2016-08-14_14:57:10.00,1074.0,-84.26,-85.16,2
2016-08-14_14:57:10.00,1076.0,-83.75,-83.9,2
2016-08-14_14:57:10.00,1078.0,-86.63,-81.65,3
2016-08-14_14:57:10.00,1080.0,-86.22,-81.95,3
2016-08-14_14:57:10.00,1082.0,-89.1,-84.89,3
2016-08-14_14:57:10.00,1084.0,-80.41,-83.85,1
2016-08-14_14:57:10.00,1086.0,-81.14,-85.59,1
2016-08-14_14:57:10.00,1088.0,-85.25,-84.83,2
2016-08-14_14:57:10.00,1090.0,-84.6,-85.21,2
2016-08-14_14:57:10.00,1092.0,-84.25,-85.86,2
2016-08-14_14:57:10.00,1094.0,-85.86,-84.08,2
2016-08-14_14:57:10.00,1096.0,-84.02,-85.12,2
2016-08-14_14:57:10.00,1098.0,-90.5,-80.82,3
2016-08-14_14:57:10.00,1100.0,-88.99,-83.57,3
2016-08-14_14:57:10.00,1102.0,-87.66,-82.78,3
2016-08-14_14:57:10.00,1104.0,-84.71,-84.18,2
2016-08-14_14:57:10.00,1106.0,-85.11,-81.58,3
2016-08-14_14:57:10.00,1108.0,-87.34,-81.34,3
2016-08-14_14:57:10.00,1110.0,-85.82,-83.18,2
2016-08-14_14:57:10.00,1112.0,-85.4,-80.61,3
2016-08-14_14:57:10.00,1114.0,-83.26,-83.88,2
2016-08-14_14:57:10.00,1116.0,-86.04,-84.13,2
2016-08-14_14:57:10.00,1118.0,-80.96,-84.0,1
2016-08-14_14:57:10.00,1120.0,-82.33,-77.79,3
2016-08-14_14:57:10.00,1122.0,-87.19,-83.03,3
2016-08-14_14:57:10.00,1124.0,-91.74,-87.46,3
2016-08-14_14:57:10.00,1126.0,-88.09,-85.35,2
2016-08-14_14:57:10.00,1128.0,-85.19,-81.84,3
2016-08-14_14:57:10.00,1130.0,-90.08,-83.58,3
2016-08-14_14:57:10.00,1132.0,-87.39,-82.25,3
2016-08-14_14:57:10.00,1134.0,-85.34,-84.2,2
2016-08-14_14:57:10.00,1136.0,-83.13,-83.73,2
2016-08-14_14:57:10.00,1138.0,-87.9,-84.42,3
2016-08-14_14:57:10.00,1140.0,-87.42,-85.91,2
2016-08-14_14:57:10.00,1142.0,-89.91,-83.14,3
2016-08-14_14:57:10.00,1144.0,-79.79,-82.77,2
2016-08-14_14:57:10.00,1146.0,-88.58,-83.41,3
2016-08-14_14:57:20.00,1072.0,-82.68,-77.3,3
2016-08-14_14:57:20.00,1074.0,-87.79,-81.98,3
2016-08-14_14:57:20.00,1076.0,-88.19,-81.7,3
2016-08-14_14:57:20.00,1078.0,-82.04,-80.95,2
2016-08-14_14:57:20.00,1080.0,-83.05,-85.99,2
2016-08-14_14:57:20.00,1082.0,-83.78,-81.32,2
2016-08-14_14:57:20.00,1084.0,-85.85,-81.31,3
2016-08-14_14:57:20.00,1086.0,-82.15,-83.69,2
2016-08-14_14:57:20.00,1088.0,-85.34,-83.68,2
2016-08-14_14:57:20.00,1090.0,-77.44,-85.17,1
2016-08-14_14:57:20.00,1092.0,-87.18,-83.32,3
2016-08-14_14:57:20.00,1094.0,-83.69,-82.81,2
2016-08-14_14:57:20.00,1096.0,-86.26,-84.63,2
2016-08-14_14:57:20.00,1098.0,-86.24,-83.71,2
2016-08-14_14:57:20.00,1100.0,-82.25,-83.23,2
2016-08-14_14:57:20.00,1102.0,-87.09,-83.56,3
2016-08-14_14:57:20.00,1104.0,-86.0,-82.26,3
2016-08-14_14:57:20.00,1106.0,-87.78,-84.24,3
2016-08-14_14:57:20.00,1108.0,-89.18,-82.87,3
2016-08-14_14:57:20.00,1110.0,-83.75,-84.11,2
2016-08-14_14:57:20.00,1112.0,-84.05,-81.63,2
2016-08-14_14:57:20.00,1114.0,-85.67,-86.86,2
2016-08-14_14:57:20.00,1116.0,-81.67,-82.27,2
2016-08-14_14:57:20.00,1118.0,-92.64,-78.98,3
2016-08-14_14:57:20.00,1120.0,-80.61,-79.25,2
2016-08-14_14:57:20.00,1122.0,-89.46,-80.91,3
2016-08-14_14:57:20.00,1124.0,-86.61,-83.95,2
2016-08-14_14:57:20.00,1126.0,-85.99,-82.95,3
2016-08-14_14:57:20.00,1128.0,-86.61,-85.03,2
2016-08-14_14:57:20.00,1130.0,-85.54,-85.8,2
2016-08-14_14:57:20.00,1132.0,-85.0,-83.53,2
2016-08-14_14:57:20.00,1134.0,-89.66,-83.98,3
2016-08-14_14:57:20.00,1136.0,-84.97,-83.31,2
2016-08-14_14:57:20.00,1138.0,-85.77,-89.15,1
2016-08-14_14:57:20.00,1140.0,-87.03,-87.62,2
2016-08-14_14:57:20.00,1142.0,-89.74,-84.11,3
2016-08-14_14:57:20.00,1144.0,-89.06,-82.41,3
2016-08-14_14:57:20.00,1146.0,-84.4,-86.43,2
2016-08-14_14:57:20.00,1148.0,-91.77,-84.81,3
2016-08-14_14:57:20.00,1150.0,-92.19,-83.99,3
2016-08-14_14:57:20.00,1152.0,-86.91,-83.08,3
2016-08-14_14:57:20.00,1154.0,-89.14,-81.8,3
2016-08-14_14:57:20.00,1156.0,-90.23,-81.93,3
2016-08-14_14:57:20.00,1158.0,-94.0,-80.14,3
2016-08-14_14:57:20.00,1160.0,-86.19,-82.59,3
2016-08-14_14:57:20.00,1162.0,-87.1,-79.77,3
2016-08-14_14:57:30.00,1078.0,-83.09,-83.35,2
2016-08-14_14:57:30.00,1080.0,-82.98,-85.01,2
2016-08-14_14:57:30.00,1082.0,-81.08,-84.87,1
2016-08-14_14:57:30.00,1084.0,-87.96,-85.06,2
2016-08-14_14:57:30.00,1086.0,-87.3,-85.06,2
2016-08-14_14:57:30.00,1088.0,-84.35,-89.34,1
2016-08-14_14:57:30.00,1090.0,-82.87,-85.03,2
2016-08-14_14:57:30.00,1092.0,-84.51,-83.15,2
2016-08-14_14:57:30.00,1094.0,-83.56,-85.68,2
2016-08-14_14:57:30.00,1096.0,-82.43,-83.76,2
2016-08-14_14:57:30.00,1098.0,-87.66,-86.36,2
2016-08-14_14:57:30.00,1100.0,-86.18,-85.53,2
2016-08-14_14:57:30.00,1102.0,-83.53,-86.23,2
2016-08-14_14:57:30.00,1104.0,-89.91,-84.51,3
2016-08-14_14:57:30.00,1106.0,-90.19,-87.2,2
2016-08-14_14:57:30.00,1108.0,-90.19,-85.5,3
2016-08-14_14:57:30.00,1110.0,-86.78,-86.83,2
2016-08-14_14:57:30.00,1112.0,-88.76,-88.05,2
2016-08-14_14:57:30.00,1114.0,-87.0,-84.96,2
2016-08-14_14:57:30.00,1116.0,-84.7,-87.02,2
2016-08-14_14:57:30.00,1118.0,-84.52,-83.7,2
2016-08-14_14:57:30.00,1120.0,-88.97,-84.45,3
2016-08-14_14:57:30.00,1122.0,-81.04,-81.02,2
2016-08-14_14:57:30.00,1124.0,-85.05,-85.16,2
2016-08-14_14:57:30.00,1126.0,-89.29,-85.76,3
2016-08-14_14:57:30.00,1128.0,-88.26,-83.1,3
2016-08-14_14:57:30.00,1130.0,-88.54,-87.96,2
2016-08-14_14:57:30.00,1132.0,-84.79,-84.73,2
2016-08-14_14:57:30.00,1134.0,-85.86,-86.9,2
2016-08-14_14:57:30.00,1136.0,-84.13,-87.43,1
2016-08-14_14:57:30.00,1138.0,-85.54,-85.05,2
2016-08-14_14:57:30.00,1140.0,-88.78,-83.92,3
2016-08-14_14:57:30.00,1142.0,-87.08,-84.3,2
2016-08-14_14:57:30.00,1144.0,-86.23,-82.7,3
2016-08-14_14:57:30.00,1146.0,-89.97,-85.4,3
2016-08-14_14:57:30.00,1148.0,-86.47,-86.65,2
2016-08-14_14:57:30.00,1150.0,-89.79,-84.3,3
2016-08-14_14:57:30.00,1152.0,-91.13,-86.31,3
2016-08-14_14:57:30.00,1154.0,-84.24,-83.27,2
2016-08-14_14:57:30.00,1156.0,-86.59,-82.7,3
2016-08-14_14:57:30.00,1158.0,-89.8,-85.49,3
2016-08-14_14:57:30.00,1160.0,-87.11,-84.79,2
2016-08-14_14:57:30.00,1162.0,-86.29,-84.48,2
2016-08-14_14:57:30.00,1164.0,-83.51,-80.87,2
2016-08-14_14:57:30.00,1166.0,-88.81,-84.77,3
2016-08-14_14:57:40.00,1086.0,-84.3,-82.9,2
2016-08-14_14:57:40.00,1088.0,-83.02,-83.03,2
2016-08-14_14:57:40.00,1090.0,-86.03,-83.4,2
2016-08-14_14:57:40.00,1092.0,-82.78,-84.42,2
2016-08-14_14:57:40.00,1094.0,-81.71,-84.72,1
2016-08-14_14:57:40.00,1096.0,-84.52,-84.69,2
2016-08-14_14:57:40.00,1098.0,-85.67,-83.0,2
2016-08-14_14:57:40.00,1100.0,-85.83,-83.31,2
2016-08-14_14:57:40.00,1102.0,-84.41,-83.42,2
2016-08-14_14:57:40.00,1104.0,-86.87,-82.63,3
2016-08-14_14:57:40.00,1106.0,-83.96,-81.97,2
2016-08-14_14:57:40.00,1108.0,-83.95,-86.7,2
2016-08-14_14:57:40.00,1110.0,-85.83,-81.28,3
2016-08-14_14:57:40.00,1112.0,-84.36,-83.93,2
2016-08-14_14:57:40.00,1114.0,-86.42,-85.13,2
2016-08-14_14:57:40.00,1116.0,-86.74,-82.36,3
2016-08-14_14:57:40.00,1118.0,-90.64,-84.22,3
2016-08-14_14:57:40.00,1120.0,-86.41,-84.82,2
2016-08-14_14:57:40.00,1122.0,-87.14,-81.65,3
2016-08-14_14:57:40.00,1124.0,-88.84,-80.81,3
2016-08-14_14:57:40.00,1126.0,-87.73,-83.3,3
2016-08-14_14:57:40.00,1128.0,-84.12,-82.23,2
2016-08-14_14:57:40.00,1130.0,-84.68,-82.87,2
2016-08-14_14:57:40.00,1132.0,-87.7,-84.08,3
2016-08-14_14:57:40.00,1134.0,-85.96,-82.71,3
2016-08-14_14:57:40.00,1136.0,-88.29,-84.1,3
2016-08-14_14:57:40.00,1138.0,-87.05,-84.82,2
2016-08-14_14:57:40.00,1140.0,-85.24,-84.52,2
2016-08-14_14:57:40.00,1142.0,-82.8,-82.1,2
2016-08-14_14:57:40.00,1144.0,-86.99,-82.77,3
2016-08-14_14:57:40.00,1146.0,-88.61,-81.56,3
2016-08-14_14:57:40.00,1148.0,-91.52,-85.9,3
2016-08-14_14:57:40.00,1150.0,-87.37,-83.87,3
2016-08-14_14:57:40.00,1152.0,-87.03,-83.84,3
2016-08-14_14:57:40.00,1154.0,-86.66,-82.01,3
2016-08-14_14:57:40.00,1156.0,-89.44,-82.83,3
2016-08-14_14:57:40.00,1158.0,-85.37,-84.81,2
2016-08-14_14:57:40.00,1160.0,-86.5,-82.1,3
2016-08-14_14:57:40.00,1162.0,-87.51,-83.28,3
2016-08-14_14:57:40.00,1164.0,-86.64,-81.74,3
2016-08-14_14:57:40.00,1166.0,-88.18,-82.21,3
2016-08-14_14:57:40.00,1168.0,-92.32,-79.97,3
2016-08-14_14:57:40.00,1170.0,-93.09,-84.21,3
2016-08-14_14:57:40.00,1172.0,-91.33,-83.35,3
2016-08-14_14:57:40.00,1174.0,-90.57,-81.78,3
2016-08-14_14:57:40.00,1176.0,-86.58,-79.92,3
2016-08-14_14:57:50.00,1098.0,-91.37,-88.01,3
2016-08-14_14:57:50.00,1100.0,-85.33,-86.24,2
2016-08-14_14:57:50.00,1102.0,-89.41,-81.76,3
2016-08-14_14:57:50.00,1104.0,-93.94,-86.46,3
2016-08-14_14:57:50.00,1106.0,-83.61,-88.4,1
2016-08-14_14:57:50.00,1108.0,-85.57,-85.44,2
2016-08-14_14:57:50.00,1110.0,-84.36,-86.77,2
2016-08-14_14:57:50.00,1112.0,-84.05,-82.8,2
2016-08-14_14:57:50.00,1114.0,-88.23,-85.84,2
2016-08-14_14:57:50.00,1116.0,-88.97,-83.97,3
2016-08-14_14:57:50.00,1118.0,-88.2,-82.97,3
2016-08-14_14:57:50.00,1120.0,-88.46,-86.44,2
2016-08-14_14:57:50.00,1122.0,-89.24,-82.3,3
2016-08-14_14:57:50.00,1124.0,-85.53,-80.22,3
2016-08-14_14:57:50.00,1126.0,-87.5,-82.17,3
2016-08-14_14:57:50.00,1128.0,-89.3,-83.74,3
2016-08-14_14:57:50.00,1130.0,-87.14,-87.01,2
2016-08-14_14:57:50.00,1132.0,-86.28,-81.41,3
2016-08-14_14:57:50.00,1134.0,-90.84,-84.37,3
2016-08-14_14:57:50.00,1136.0,-90.56,-82.53,3
2016-08-14_14:57:50.00,1138.0,-83.8,-85.15,2
2016-08-14_14:57:50.00,1140.0,-86.68,-83.83,2
2016-08-14_14:57:50.00,1142.0,-91.44,-83.54,3
2016-08-14_14:57:50.00,1144.0,-92.5,-82.41,3
2016-08-14_14:57:50.00,1146.0,-87.89,-82.38,3
2016-08-14_14:57:50.00,1148.0,-85.27,-87.11,2
2016-08-14_14:57:50.00,1150.0,-81.93,-85.16,1
2016-08-14_14:57:50.00,1152.0,-82.89,-84.65,2
2016-08-14_14:57:50.00,1154.0,-87.68,-84.88,2
2016-08-14_14:57:50.00,1156.0,-86.9,-81.48,3
2016-08-14_14:57:50.00,1158.0,-84.89,-83.49,2
2016-08-14_14:57:50.00,1160.0,-84.94,-82.1,2
2016-08-14_14:57:50.00,1162.0,-85.58,-82.43,3
2016-08-14_14:57:50.00,1164.0,-85.38,-84.18,2
2016-08-14_14:57:50.00,1166.0,-89.46,-83.48,3
2016-08-14_14:57:50.00,1168.0,-92.01,-83.14,3
2016-08-14_14:57:50.00,1170.0,-92.02,-79.72,3
2016-08-14_14:57:50.00,1172.0,-91.58,-80.24,3
2016-08-14_14:57:50.00,1174.0,-93.27,-84.64,3
2016-08-14_14:57:50.00,1176.0,-89.23,-84.24,3
2016-08-14_14:57:50.00,1178.0,-91.31,-82.24,3
2016-08-14_14:57:50.00,1180.0,-87.49,-80.89,3
2016-08-14_14:57:50.00,1182.0,-87.69,-83.67,3
2016-08-14_14:57:50.00,1184.0,-91.67,-80.95,3
2016-08-14_14:57:50.00,1186.0,-89.35,-85.6,3
2016-08-14_14:57:50.00,1188.0,-88.11,-85.41,2
2016-08-14_14:57:50.00,1190.0,-60.75,-73.85,1
2016-08-14_14:57:50.00,1192.0,-76.08,-76.09,2
2016-08-14_14:57:50.00,1194.0,-81.83,-81.45,2
2016-08-14_14:57:50.00,1196.0,-86.89,-83.32,3
2016-08-14_14:57:50.00,1198.0,-86.72,-86.68,2
2016-08-14_14:57:50.00,1200.0,-89.42,-83.29,3
2016-08-14_14:57:50.00,1202.0,-86.14,-83.13,3
2016-08-14_14:58:00.00,1102.0,-92.71,-83.41,3
2016-08-14_14:58:00.00,1104.0,-87.37,-88.16,2
2016-08-14_14:58:00.00,1106.0,-86.55,-85.72,2
2016-08-14_14:58:00.00,1108.0,-85.35,-84.91,2
2016-08-14_14:58:00.00,1110.0,-85.17,-83.04,2
2016-08-14_14:58:00.00,1112.0,-94.56,-82.18,3
2016-08-14_14:58:00.00,1114.0,-88.94,-84.22,3
2016-08-14_14:58:00.00,1116.0,-89.14,-81.89,3
2016-08-14_14:58:00.00,1118.0,-91.2,-81.57,3
2016-08-14_14:58:00.00,1120.0,-88.89,-84.6,3
2016-08-14_14:58:00.00,1122.0,-91.17,-83.46,3
2016-08-14_14:58:00.00,1124.0,-91.19,-85.89,3
2016-08-14_14:58:00.00,1126.0,-89.38,-83.37,3
2016-08-14_14:58:00.00,1128.0,-86.89,-82.4,3
2016-08-14_14:58:00.00,1130.0,-84.08,-79.99,3
2016-08-14_14:58:00.00,1132.0,-85.44,-81.39,3
2016-08-14_14:58:00.00,1134.0,-88.82,-85.77,3
2016-08-14_14:58:00.00,1136.0,-92.53,-85.74,3
2016-08-14_14:58:00.00,1138.0,-91.83,-85.23,3
2016-08-14_14:58:00.00,1140.0,-89.38,-83.46,3
2016-08-14_14:58:00.00,1142.0,-91.33,-82.16,3
2016-08-14_14:58:00.00,1144.0,-64.01,-67.38,1
2016-08-14_14:58:00.00,1146.0,-78.97,-78.12,2
2016-08-14_14:58:00.00,1148.0,-85.11,-79.94,3
2016-08-14_14:58:00.00,1150.0,-85.16,-82.45,2
2016-08-14_14:58:00.00,1152.0,-92.28,-80.88,3
2016-08-14_14:58:00.00,1154.0,-89.77,-80.78,3
2016-08-14_14:58:00.00,1156.0,-83.69,-84.31,2
2016-08-14_14:58:00.00,1158.0,-85.31,-82.63,2
2016-08-14_14:58:00.00,1160.0,-85.93,-80.49,3
2016-08-14_14:58:00.00,1162.0,-81.0,-82.75,2
2016-08-14_14:58:00.00,1164.0,-82.04,-84.73,2
2016-08-14_14:58:00.00,1166.0,-84.59,-79.99,3
2016-08-14_14:58:00.00,1168.0,-91.55,-81.02,3
2016-08-14_14:58:00.00,1170.0,-89.0,-82.43,3
2016-08-14_14:58:00.00,1172.0,-91.21,-82.69,3
2016-08-14_14:58:00.00,1174.0,-92.36,-82.86,3
2016-08-14_14:58:00.00,1176.0,-88.13,-81.5,3
2016-08-14_14:58:00.00,1178.0,-87.98,-81.63,3
2016-08-14_14:58:00.00,1180.0,-87.02,-85.96,2
2016-08-14_14:58:00.00,1182.0,-91.28,-82.83,3
2016-08-14_14:58:00.00,1184.0,-92.37,-85.34,3
2016-08-14_14:58:00.00,1186.0,-93.23,-83.75,3
2016-08-14_14:58:00.00,1188.0,-93.09,-84.94,3
2016-08-14_14:58:00.00,1190.0,-92.48,-82.95,3
2016-08-14_14:58:00.00,1192.0,-91.74,-81.45,3
2016-08-14_14:58:00.00,1194.0,-89.0,-81.97,3
2016-08-14_14:58:00.00,1196.0,-85.38,-82.01,3
2016-08-14_14:58:00.00,1198.0,-86.65,-84.11,2
2016-08-14_14:58:00.00,1200.0,-90.06,-84.49,3
2016-08-14_14:58:00.00,1202.0,-89.59,-81.57,3
2016-08-14_14:58:00.00,1204.0,-88.56,-84.03,3
2016-08-14_14:58:00.00,1206.0,-90.1,-82.4,3
2016-08-14_14:58:00.00,1208.0,-90.04,-81.14,3
2016-08-14_14:58:00.00,1210.0,-94.54,-77.98,3
2016-08-14_14:58:10.00,1124.0,-84.31,-86.61,2
2016-08-14_14:58:10.00,1126.0,-92.2,-83.87,3
2016-08-14_14:58:10.00,1128.0,-88.26,-84.19,3
2016-08-14_14:58:10.00,1130.0,-91.76,-85.04,3
2016-08-14_14:58:10.00,1132.0,-85.96,-85.59,2
2016-08-14_14:58:10.00,1134.0,-88.6,-84.05,3
2016-08-14_14:58:10.00,1136.0,-90.32,-82.87,3
2016-08-14_14:58:10.00,1138.0,-82.56,-85.22,2
2016-08-14_14:58:10.00,1140.0,-92.45,-83.42,3
2016-08-14_14:58:10.00,1142.0,-90.5,-87.91,2
2016-08-14_14:58:10.00,1144.0,-90.17,-86.39,3
2016-08-14_14:58:10.00,1146.0,-86.43,-87.64,2
2016-08-14_14:58:10.00,1148.0,-86.79,-85.32,2
2016-08-14_14:58:10.00,1150.0,-93.97,-81.11,3
2016-08-14_14:58:10.00,1152.0,-86.98,-86.02,2
2016-08-14_14:58:10.00,1154.0,-87.22,-82.34,3
2016-08-14_14:58:10.00,1156.0,-89.77,-86.04,3
2016-08-14_14:58:10.00,1158.0,-89.59,-87.4,2
2016-08-14_14:58:10.00,1160.0,-82.6,-85.77,1
2016-08-14_14:58:10.00,1162.0,-82.96,-80.84,2
2016-08-14_14:58:10.00,1164.0,-89.26,-85.26,3
2016-08-14_14:58:10.00,1166.0,-91.93,-86.14,3
2016-08-14_14:58:10.00,1168.0,-88.92,-86.22,2
2016-08-14_14:58:10.00,1170.0,-90.29,-81.79,3
2016-08-14_14:58:10.00,1172.0,-90.18,-84.02,3
2016-08-14_14:58:10.00,1174.0,-92.59,-84.25,3
2016-08-14_14:58:10.00,1176.0,-90.94,-85.17,3
2016-08-14_14:58:10.00,1178.0,-87.78,-81.94,3
2016-08-14_14:58:10.00,1180.0,-90.9,-83.82,3
2016-08-14_14:58:10.00,1182.0,-92.71,-86.03,3
2016-08-14_14:58:10.00,1184.0,-91.5,-85.93,3
2016-08-14_14:58:10.00,1186.0,-89.84,-84.85,3
2016-08-14_14:58:10.00,1188.0,-95.52,-86.35,3
2016-08-14_14:58:10.00,1190.0,-90.87,-86.21,3
2016-08-14_14:58:10.00,1192.0,-94.8,-85.73,3
2016-08-14_14:58:10.00,1194.0,-92.41,-82.76,3
2016-08-14_14:58:10.00,1196.0,-86.98,-84.18,2
2016-08-14_14:58:10.00,1198.0,-92.07,-85.76,3
2016-08-14_14:58:10.00,1200.0,-93.38,-82.58,3
2016-08-14_14:58:10.00,1202.0,-88.37,-85.6,2
2016-08-14_14:58:10.00,1204.0,-92.64,-86.68,3
2016-08-14_14:58:10.00,1206.0,-93.52,-82.49,3
2016-08-14_14:58:10.00,1208.0,-93.69,-85.68,3
2016-08-14_14:58:10.00,1210.0,-90.86,-82.07,3
2016-08-14_14:58:10.00,1212.0,-90.28,-84.78,3
2016-08-14_14:58:10.00,1214.0,-90.33,-85.72,3
2016-08-14_14:58:10.00,1216.0,-92.54,-87.5,3
2016-08-14_14:58:10.00,1218.0,-91.93,-85.36,3
2016-08-14_14:58:10.00,1220.0,-89.09,-83.19,3
2016-08-14_14:58:10.00,1222.0,-89.9,-85.51,3
2016-08-14_14:58:10.00,1224.0,-88.41,-84.67,3
2016-08-14_14:58:10.00,1226.0,-89.58,-80.09,3
2016-08-14_14:58:10.00,1228.0,-89.72,-83.48,3
2016-08-14_14:58:10.00,1230.0,-93.08,-82.47,3
2016-08-14_14:58:10.00,1232.0,-90.82,-83.84,3
2016-08-14_14:58:10.00,1234.0,-79.44,-77.17,2
2016-08-14_14:58:10.00,1236.0,-78.76,-82.78,1
2016-08-14_14:58:10.00,1238.0,-91.76,-86.07,3
2016-08-14_14:58:10.00,1240.0,-91.99,-82.78,3
2016-08-14_14:58:10.00,1242.0,-90.72,-85.36,3
2016-08-14_14:58:20.00,1160.0,-88.18,-82.58,3
2016-08-14_14:58:20.00,1162.0,-88.39,-82.69,3
2016-08-14_14:58:20.00,1164.0,-89.34,-81.21,3
2016-08-14_14:58:20.00,1166.0,-91.26,-78.3,3
2016-08-14_14:58:20.00,1168.0,-84.15,-83.12,2
2016-08-14_14:58:20.00,1170.0,-81.21,-79.3,2
2016-08-14_14:58:20.00,1172.0,-86.78,-79.63,3
2016-08-14_14:58:20.00,1174.0,-92.19,-82.92,3
2016-08-14_14:58:20.00,1176.0,-89.89,-82.59,3
2016-08-14_14:58:20.00,1178.0,-75.75,-80.51,1
2016-08-14_14:58:20.00,1180.0,-81.08,-80.05,2
2016-08-14_14:58:20.00,1182.0,-83.79,-82.85,2
2016-08-14_14:58:20.00,1184.0,-90.76,-81.77,3
2016-08-14_14:58:20.00,1186.0,-91.21,-82.97,3
2016-08-14_14:58:20.00,1188.0,-87.1,-83.02,3
2016-08-14_14:58:20.00,1190.0,-89.96,-79.87,3
2016-08-14_14:58:20.00,1192.0,-90.71,-81.28,3
2016-08-14_14:58:20.00,1194.0,-88.41,-82.48,3
2016-08-14_14:58:20.00,1196.0,-88.81,-81.81,3
2016-08-14_14:58:20.00,1198.0,-88.11,-84.21,3
2016-08-14_14:58:20.00,1200.0,-91.93,-83.62,3
2016-08-14_14:58:20.00,1202.0,-85.94,-82.59,3
2016-08-14_14:58:20.00,1204.0,-84.05,-84.37,2
2016-08-14_14:58:20.00,1206.0,-90.24,-82.26,3
2016-08-14_14:58:20.00,1208.0,-91.72,-82.73,3
2016-08-14_14:58:20.00,1210.0,-90.5,-82.47,3
2016-08-14_14:58:20.00,1212.0,-88.35,-81.7,3
2016-08-14_14:58:20.00,1214.0,-88.74,-82.49,3
2016-08-14_14:58:20.00,1216.0,-88.77,-81.89,3
2016-08-14_14:58:20.00,1218.0,-90.71,-80.89,3
2016-08-14_14:58:20.00,1220.0,-89.67,-81.56,3
2016-08-14_14:58:20.00,1222.0,-88.88,-83.69,3
2016-08-14_14:58:20.00,1224.0,-89.5,-84.41,3
2016-08-14_14:58:20.00,1226.0,-91.69,-81.12,3
2016-08-14_14:58:20.00,1228.0,-88.12,-80.6,3
2016-08-14_14:58:20.00,1230.0,-73.75,-82.98,1
2016-08-14_14:58:20.00,1232.0,-87.2,-81.61,3
2016-08-14_14:58:20.00,1234.0,-87.12,-82.04,3
2016-08-14_14:58:20.00,1236.0,-88.23,-82.72,3
2016-08-14_14:58:20.00,1238.0,-87.84,-81.47,3
2016-08-14_14:58:20.00,1240.0,-91.22,-77.83,3
2016-08-14_14:58:20.00,1242.0,-91.63,-82.56,3
2016-08-14_14:58:20.00,1244.0,-91.14,-81.89,3
2016-08-14_14:58:20.00,1246.0,-89.52,-81.69,3
2016-08-14_14:58:20.00,1248.0,-91.83,-81.9,3
2016-08-14_14:58:20.00,1250.0,-93.16,-83.65,3
2016-08-14_14:58:20.00,1252.0,-91.31,-80.87,3
2016-08-14_14:58:20.00,1254.0,-90.63,-82.18,3
2016-08-14_14:58:20.00,1256.0,-89.61,-80.36,3
2016-08-14_14:58:20.00,1258.0,-90.39,-78.91,3
2016-08-14_14:58:20.00,1260.0,-89.16,-81.98,3
2016-08-14_14:58:20.00,1262.0,-90.84,-82.04,3
2016-08-14_14:58:20.00,1264.0,-91.22,-82.87,3
2016-08-14_14:58:20.00,1266.0,-91.8,-83.15,3
2016-08-14_14:58:20.00,1268.0,-89.24,-83.29,3
2016-08-14_14:58:20.00,1270.0,-91.62,-82.17,3
2016-08-14_14:58:20.00,1272.0,-88.97,-81.96,3
2016-08-14_14:58:30.00,1194.0,-91.64,-84.31,3
2016-08-14_14:58:30.00,1196.0,-90.46,-82.97,3
2016-08-14_14:58:30.00,1198.0,-89.71,-84.53,3
2016-08-14_14:58:30.00,1200.0,-89.11,-85.97,3
2016-08-14_14:58:30.00,1202.0,-91.73,-84.16,3
2016-08-14_14:58:30.00,1204.0,-90.37,-84.2,3
2016-08-14_14:58:30.00,1206.0,-91.56,-81.6,3
2016-08-14_14:58:30.00,1208.0,-89.3,-82.08,3
2016-08-14_14:58:30.00,1210.0,-92.72,-80.48,3
2016-08-14_14:58:30.00,1212.0,-91.31,-80.56,3
2016-08-14_14:58:30.00,1214.0,-90.75,-83.76,3
2016-08-14_14:58:30.00,1216.0,-87.95,-83.66,3
2016-08-14_14:58:30.00,1218.0,-90.72,-85.11,3
2016-08-14_14:58:30.00,1220.0,-91.18,-72.26,3
2016-08-14_14:58:30.00,1222.0,-89.99,-81.83,3
2016-08-14_14:58:30.00,1224.0,-89.16,-82.49,3
2016-08-14_14:58:30.00,1226.0,-90.67,-84.25,3
2016-08-14_14:58:30.00,1228.0,-88.19,-80.49,3
2016-08-14_14:58:30.00,1230.0,-86.45,-81.72,3
2016-08-14_14:58:30.00,1232.0,-88.81,-80.65,3
2016-08-14_14:58:30.00,1234.0,-88.27,-81.87,3
2016-08-14_14:58:30.00,1236.0,-88.77,-81.82,3
2016-08-14_14:58:30.00,1238.0,-92.5,-85.08,3
2016-08-14_14:58:30.00,1240.0,-89.84,-85.42,3
2016-08-14_14:58:30.00,1242.0,-85.57,-80.78,3
2016-08-14_14:58:30.00,1244.0,-88.04,-81.34,3
2016-08-14_14:58:30.00,1246.0,-93.05,-80.94,3
2016-08-14_14:58:30.00,1248.0,-92.35,-82.9,3
2016-08-14_14:58:30.00,1250.0,-94.68,-80.24,3
2016-08-14_14:58:30.00,1252.0,-92.44,-81.69,3
2016-08-14_14:58:30.00,1254.0,-89.34,-81.95,3
2016-08-14_14:58:30.00,1256.0,-91.92,-84.07,3
2016-08-14_14:58:30.00,1258.0,-94.18,-79.11,3
2016-08-14_14:58:30.00,1260.0,-94.22,-79.95,3
2016-08-14_14:58:30.00,1262.0,-89.75,-83.75,3
2016-08-14_14:58:30.00,1264.0,-93.25,-82.86,3
2016-08-14_14:58:30.00,1266.0,-93.23,-80.0,3
2016-08-14_14:58:30.00,1268.0,-89.29,-84.04,3
2016-08-14_14:58:30.00,1270.0,-95.78,-82.77,3
2016-08-14_14:58:30.00,1272.0,-91.13,-82.29,3
2016-08-14_14:58:30.00,1274.0,-92.25,-80.28,3
2016-08-14_14:58:30.00,1276.0,-92.84,-78.79,3
2016-08-14_14:58:30.00,1278.0,-94.5,-83.55,3
2016-08-14_14:58:30.00,1280.0,-90.96,-81.18,3
2016-08-14_14:58:30.00,1282.0,-89.09,-79.48,3
2016-08-14_14:58:30.00,1284.0,-89.3,-82.96,3
2016-08-14_14:58:30.00,1286.0,-88.83,-80.77,3
2016-08-14_14:58:30.00,1288.0,-91.55,-82.75,3
2016-08-14_14:58:30.00,1290.0,-93.05,-80.8,3
2016-08-14_14:58:30.00,1292.0,-92.33,-81.25,3
2016-08-14_14:58:30.00,1294.0,-91.5,-79.1,3
2016-08-14_14:58:30.00,1296.0,-92.96,-83.69,3
2016-08-14_14:58:30.00,1298.0,-93.63,-80.15,3
2016-08-14_14:58:30.00,1300.0,-91.04,-79.78,3
2016-08-14_14:58:40.00,1226.0,-91.6,-78.42,3
2016-08-14_14:58:40.00,1228.0,-91.2,-84.4,3
2016-08-14_14:58:40.00,1230.0,-89.05,-83.61,3
2016-08-14_14:58:40.00,1232.0,-88.73,-82.81,3
2016-08-14_14:58:40.00,1234.0,-91.8,-81.63,3
2016-08-14_14:58:40.00,1236.0,-87.52,-81.5,3
2016-08-14_14:58:40.00,1238.0,-85.64,-80.61,3
2016-08-14_14:58:40.00,1240.0,-89.73,-82.03,3
2016-08-14_14:58:40.00,1242.0,-86.8,-80.6,3
2016-08-14_14:58:40.00,1244.0,-90.02,-80.88,3
2016-08-14_14:58:40.00,1246.0,-87.86,-83.19,3
2016-08-14_14:58:40.00,1248.0,-88.69,-79.51,3
2016-08-14_14:58:40.00,1250.0,-87.12,-84.06,3
2016-08-14_14:58:40.00,1252.0,-87.63,-80.85,3
2016-08-14_14:58:40.00,1254.0,-89.59,-79.7,3
2016-08-14_14:58:40.00,1256.0,-87.93,-79.61,3
2016-08-14_14:58:40.00,1258.0,-88.28,-81.1,3
2016-08-14_14:58:40.00,1260.0,-90.39,-79.93,3
2016-08-14_14:58:40.00,1262.0,-93.43,-78.27,3
2016-08-14_14:58:40.00,1264.0,-90.2,-82.22,3
2016-08-14_14:58:40.00,1266.0,-91.66,-78.65,3
2016-08-14_14:58:40.00,1268.0,-88.21,-77.67,3
2016-08-14_14:58:40.00,1270.0,-90.62,-79.78,3
2016-08-14_14:58:40.00,1272.0,-89.81,-87.93,2
2016-08-14_14:58:40.00,1274.0,-90.19,-80.35,3
2016-08-14_14:58:40.00,1276.0,-87.04,-80.5,3
2016-08-14_14:58:40.00,1278.0,-90.81,-81.7,3
2016-08-14_14:58:40.00,1280.0,-88.79,-81.05,3
2016-08-14_14:58:40.00,1282.0,-88.3,-81.69,3
2016-08-14_14:58:40.00,1284.0,-87.56,-77.77,3
2016-08-14_14:58:40.00,1286.0,-88.85,-78.61,3
2016-08-14_14:58:40.00,1288.0,-85.99,-80.38,3
2016-08-14_14:58:40.00,1290.0,-85.95,-82.37,3
2016-08-14_14:58:40.00,1292.0,-89.04,-86.9,2
2016-08-14_14:58:40.00,1294.0,-86.42,-79.5,3
2016-08-14_14:58:40.00,1296.0,-88.08,-82.76,3
2016-08-14_14:58:40.00,1298.0,-86.15,-79.8,3
2016-08-14_14:58:40.00,1300.0,-85.77,-80.55,3
2016-08-14_14:58:40.00,1302.0,-87.01,-78.13,3
2016-08-14_14:58:40.00,1304.0,-86.04,-80.18,3
2016-08-14_14:58:40.00,1306.0,-86.85,-79.68,3
2016-08-14_14:58:40.00,1308.0,-89.07,-82.93,3
2016-08-14_14:58:40.00,1310.0,-84.86,-79.78,3
2016-08-14_14:58:40.00,1312.0,-79.24,-82.14,2
2016-08-14_14:58:40.00,1314.0,-85.8,-82.99,2
2016-08-14_14:58:40.00,1316.0,-89.02,-79.63,3
2016-08-14_14:58:40.00,1318.0,-86.41,-82.79,3
2016-08-14_14:58:40.00,1320.0,-86.22,-80.04,3
2016-08-14_14:58:40.00,1322.0,-86.19,-80.75,3
2016-08-14_14:58:40.00,1324.0,-82.99,-78.98,3
2016-08-14_14:58:40.00,1326.0,-85.4,-77.59,3
2016-08-14_14:58:40.00,1328.0,-82.69,-79.77,2
2016-08-14_14:58:40.00,1330.0,-85.92,-83.02,2
2016-08-14_14:58:50.00,1272.0,-91.74,-83.07,3
2016-08-14_14:58:50.00,1274.0,-92.62,-80.63,3
2016-08-14_14:58:50.00,1276.0,-92.34,-82.24,3
2016-08-14_14:58:50.00,1278.0,-94.7,-81.85,3
2016-08-14_14:58:50.00,1280.0,-90.41,-80.11,3
2016-08-14_14:58:50.00,1282.0,-92.12,-82.17,3
2016-08-14_14:58:50.00,1284.0,-92.98,-78.58,3
2016-08-14_14:58:50.00,1286.0,-88.04,-80.17,3
2016-08-14_14:58:50.00,1288.0,-93.54,-80.06,3
2016-08-14_14:58:50.00,1290.0,-93.94,-80.74,3
2016-08-14_14:58:50.00,1292.0,-90.53,-78.44,3
2016-08-14_14:58:50.00,1294.0,-91.45,-79.66,3
2016-08-14_14:58:50.00,1296.0,-90.31,-79.5,3
2016-08-14_14:58:50.00,1298.0,-88.24,-80.65,3
2016-08-14_14:58:50.00,1300.0,-92.37,-79.73,3
2016-08-14_14:58:50.00,1302.0,-88.61,-81.73,3
2016-08-14_14:58:50.00,1304.0,-90.18,-83.13,3
2016-08-14_14:58:50.00,1306.0,-92.36,-81.08,3
2016-08-14_14:58:50.00,1308.0,-89.66,-83.71,3
2016-08-14_14:58:50.00,1310.0,-91.45,-79.34,3
2016-08-14_14:58:50.00,1312.0,-90.12,-79.39,3
2016-08-14_14:58:50.00,1314.0,-89.42,-82.21,3
2016-08-14_14:58:50.00,1316.0,-91.91,-82.84,3
2016-08-14_14:58:50.00,1318.0,-92.09,-79.8,3
2016-08-14_14:58:50.00,1320.0,-92.09,-81.6,3
2016-08-14_14:58:50.00,1322.0,-89.7,-81.0,3
2016-08-14_14:58:50.00,1324.0,-90.38,-78.41,3
2016-08-14_14:58:50.00,1326.0,-90.57,-83.43,3
2016-08-14_14:58:50.00,1328.0,-89.84,-82.07,3
2016-08-14_14:58:50.00,1330.0,-93.25,-83.31,3
2016-08-14_14:58:50.00,1332.0,-90.04,-82.52,3
2016-08-14_14:58:50.00,1334.0,-86.83,-81.31,3
2016-08-14_14:58:50.00,1336.0,-88.14,-81.89,3
2016-08-14_14:58:50.00,1338.0,-89.51,-81.07,3
2016-08-14_14:58:50.00,1340.0,-89.67,-77.61,3
2016-08-14_14:58:50.00,1342.0,-89.68,-82.37,3
2016-08-14_14:58:50.00,1344.0,-87.26,-79.92,3
2016-08-14_14:58:50.00,1346.0,-89.2,-82.86,3
2016-08-14_14:58:50.00,1348.0,-91.5,-81.39,3
2016-08-14_14:58:50.00,1350.0,-93.12,-79.81,3
2016-08-14_14:58:50.00,1352.0,-89.47,-78.75,3
2016-08-14_14:58:50.00,1354.0,-88.1,-78.75,3
2016-08-14_14:58:50.00,1356.0,-88.91,-79.76,3
2016-08-14_14:58:50.00,1358.0,-90.29,-77.49,3
2016-08-14_14:58:50.00,1360.0,-92.85,-79.28,3
2016-08-14_14:58:50.00,1362.0,-90.26,-79.07,3
2016-08-14_14:58:50.00,1364.0,-87.31,-79.27,3
2016-08-14_14:58:50.00,1366.0,-88.8,-78.54,3
2016-08-14_14:58:50.00,1368.0,-93.78,-80.92,3
2016-08-14_14:58:50.00,1370.0,-87.04,-78.52,3
2016-08-14_14:58:50.00,1372.0,-90.88,-81.84,3
2016-08-14_14:58:50.00,1374.0,-91.96,-80.15,3
2016-08-14_14:58:50.00,1376.0,-90.52,-77.3,3
2016-08-14_14:58:50.00,1378.0,-86.85,-79.43,3
2016-08-14_14:58:50.00,1380.0,-87.41,-79.1,3
2016-08-14_14:58:50.00,1382.0,-87.77,-77.67,3
2016-08-14_14:58:50.00,1384.0,-83.35,-79.66,3
2016-08-14_14:58:50.00,1386.0,-78.73,-80.04,2
2016-08-14_14:58:50.00,1388.0,-87.23,-83.71,3
2016-08-14_14:58:50.00,1390.0,-92.38,-77.43,3
2016-08-14_14:58:50.00,1392.0,-89.42,-80.04,3
2016-08-14_14:59:00.00,1282.0,-89.12,-82.88,3
2016-08-14_14:59:00.00,1284.0,-88.26,-81.47,3
2016-08-14_14:59:00.00,1286.0,-86.99,-82.82,3
2016-08-14_14:59:00.00,1288.0,-88.31,-82.75,3
2016-08-14_14:59:00.00,1290.0,-90.3,-84.11,3
2016-08-14_14:59:00.00,1292.0,-91.5,-82.56,3
2016-08-14_14:59:00.00,1294.0,-89.49,-82.88,3
2016-08-14_14:59:00.00,1296.0,-85.76,-81.2,3
2016-08-14_14:59:00.00,1298.0,-88.76,-81.81,3
2016-08-14_14:59:00.00,1300.0,-89.9,-81.41,3
2016-08-14_14:59:00.00,1302.0,-87.88,-81.48,3
2016-08-14_14:59:00.00,1304.0,-87.87,-79.5,3
2016-08-14_14:59:00.00,1306.0,-87.88,-83.42,3
2016-08-14_14:59:00.00,1308.0,-90.04,-81.03,3
2016-08-14_14:59:00.00,1310.0,-88.66,-82.25,3
2016-08-14_14:59:00.00,1312.0,-84.93,-80.33,3
2016-08-14_14:59:00.00,1314.0,-85.77,-80.29,3
2016-08-14_14:59:00.00,1316.0,-77.68,-81.72,1
2016-08-14_14:59:00.00,1318.0,-87.76,-81.64,3
2016-08-14_14:59:00.00,1320.0,-86.34,-81.83,3
2016-08-14_14:59:00.00,1322.0,-88.58,-82.32,3
2016-08-14_14:59:00.00,1324.0,-90.64,-82.5,3
2016-08-14_14:59:00.00,1326.0,-88.25,-80.97,3
2016-08-14_14:59:00.00,1328.0,-87.71,-80.91,3
2016-08-14_14:59:00.00,1330.0,-87.16,-82.04,3
2016-08-14_14:59:00.00,1332.0,-87.85,-81.63,3
2016-08-14_14:59:00.00,1334.0,-79.94,-79.62,2
2016-08-14_14:59:00.00,1336.0,-85.24,-83.1,2
2016-08-14_14:59:00.00,1338.0,-86.71,-82.36,3
2016-08-14_14:59:00.00,1340.0,-86.86,-82.61,3
2016-08-14_14:59:00.00,1342.0,-86.11,-79.36,3
2016-08-14_14:59:00.00,1344.0,-87.49,-79.43,3
2016-08-14_14:59:00.00,1346.0,-88.31,-81.23,3
2016-08-14_14:59:00.00,1348.0,-87.5,-77.69,3
2016-08-14_14:59:00.00,1350.0,-89.72,-79.38,3
2016-08-14_14:59:00.00,1352.0,-89.55,-81.3,3
2016-08-14_14:59:00.00,1354.0,-90.75,-83.11,3
2016-08-14_14:59:00.00,1356.0,-83.15,-80.32,2
2016-08-14_14:59:00.00,1358.0,-84.85,-79.61,3
2016-08-14_14:59:00.00,1360.0,-88.65,-80.71,3
2016-08-14_14:59:00.00,1362.0,-89.01,-81.01,3
2016-08-14_14:59:00.00,1364.0,-87.82,-80.8,3
2016-08-14_14:59:00.00,1366.0,-88.66,-80.12,3
2016-08-14_14:59:00.00,1368.0,-89.95,-79.45,3
2016-08-14_14:59:00.00,1370.0,-88.26,-81.31,3
2016-08-14_14:59:00.00,1372.0,-86.52,-80.4,3
2016-08-14_14:59:00.00,1374.0,-87.7,-80.59,3
2016-08-14_14:59:00.00,1376.0,-86.85,-80.56,3
2016-08-14_14:59:00.00,1378.0,-86.01,-79.91,3
2016-08-14_14:59:00.00,1380.0,-87.33,-79.8,3
2016-08-14_14:59:00.00,1382.0,-87.13,-79.22,3
2016-08-14_14:59:00.00,1384.0,-87.67,-79.77,3
2016-08-14_14:59:00.00,1386.0,-88.29,-77.26,3
2016-08-14_14:59:00.00,1388.0,-89.01,-80.13,3
2016-08-14_14:59:00.00,1390.0,-89.26,-81.35,3
2016-08-14_14:59:00.00,1392.0,-87.46,-78.9,3
2016-08-14_14:59:00.00,1394.0,-87.52,-81.03,3
2016-08-14_14:59:00.00,1396.0,-89.17,-79.65,3
2016-08-14_14:59:00.00,1398.0,-87.66,-80.05,3
2016-08-14_14:59:00.00,1400.0,-89.19,-79.93,3
2016-08-14_14:59:00.00,1402.0,-88.94,-79.55,3
2016-08-14_14:59:00.00,1404.0,-88.4,-80.97,3
2016-08-14_14:59:00.00,1406.0,-87.29,-80.33,3
2016-08-14_14:59:10.00,1280.0,-86.4,-80.44,3
2016-08-14_14:59:10.00,1282.0,-89.79,-85.25,3
2016-08-14_14:59:10.00,1284.0,-93.64,-83.49,3
2016-08-14_14:59:10.00,1286.0,-90.0,-80.29,3
2016-08-14_14:59:10.00,1288.0,-90.79,-84.73,3
2016-08-14_14:59:10.00,1290.0,-93.47,-83.15,3
2016-08-14_14:59:10.00,1292.0,-91.33,-82.78,3
2016-08-14_14:59:10.00,1294.0,-87.01,-83.38,3
2016-08-14_14:59:10.00,1296.0,-90.64,-80.09,3
2016-08-14_14:59:10.00,1298.0,-88.95,-82.2,3
2016-08-14_14:59:10.00,1300.0,-92.85,-82.09,3
2016-08-14_14:59:10.00,1302.0,-90.68,-84.44,3
2016-08-14_14:59:10.00,1304.0,-92.94,-81.2,3
2016-08-14_14:59:10.00,1306.0,-92.57,-82.3,3
2016-08-14_14:59:10.00,1308.0,-92.3,-79.5,3
2016-08-14_14:59:10.00,1310.0,-89.16,-83.88,3
2016-08-14_14:59:10.00,1312.0,-90.88,-80.79,3
2016-08-14_14:59:10.00,1314.0,-92.98,-78.35,3
2016-08-14_14:59:10.00,1316.0,-93.73,-78.57,3
2016-08-14_14:59:10.00,1318.0,-91.91,-81.13,3
2016-08-14_14:59:10.00,1320.0,-90.51,-78.06,3
2016-08-14_14:59:10.00,1322.0,-92.02,-83.23,3
2016-08-14_14:59:10.00,1324.0,-90.41,-79.16,3
2016-08-14_14:59:10.00,1326.0,-90.42,-83.46,3
2016-08-14_14:59:10.00,1328.0,-85.54,-80.29,3
2016-08-14_14:59:10.00,1330.0,-91.37,-78.59,3
2016-08-14_14:59:10.00,1332.0,-89.76,-79.68,3
2016-08-14_14:59:10.00,1334.0,-90.73,-79.38,3
2016-08-14_14:59:10.00,1336.0,-87.94,-81.29,3
2016-08-14_14:59:10.00,1338.0,-91.55,-76.82,3
2016-08-14_14:59:10.00,1340.0,-92.23,-81.42,3
2016-08-14_14:59:10.00,1342.0,-91.64,-79.7,3
2016-08-14_14:59:10.00,1344.0,-96.05,-80.95,3
2016-08-14_14:59:10.00,1346.0,-91.9,-79.07,3
2016-08-14_14:59:10.00,1348.0,-75.96,-81.24,1
2016-08-14_14:59:10.00,1350.0,-75.04,-75.61,2
2016-08-14_14:59:10.00,1352.0,-81.17,-79.33,2
2016-08-14_14:59:10.00,1354.0,-86.22,-79.03,3
2016-08-14_14:59:10.00,1356.0,-89.33,-76.98,3
2016-08-14_14:59:10.00,1358.0,-87.27,-80.03,3
2016-08-14_14:59:10.00,1360.0,-87.21,-81.15,3
2016-08-14_14:59:10.00,1362.0,-92.15,-79.71,3
2016-08-14_14:59:10.00,1364.0,-90.81,-79.53,3
2016-08-14_14:59:10.00,1366.0,-88.65,-81.77,3
2016-08-14_14:59:10.00,1368.0,-89.77,-81.34,3
2016-08-14_14:59:10.00,1370.0,-92.91,-81.92,3
2016-08-14_14:59:10.00,1372.0,-89.68,-78.67,3
2016-08-14_14:59:10.00,1374.0,-93.39,-79.95,3
2016-08-14_14:59:10.00,1376.0,-92.14,-80.55,3
2016-08-14_14:59:10.00,1378.0,-85.73,-79.6,3
2016-08-14_14:59:10.00,1380.0,-89.79,-81.14,3
2016-08-14_14:59:10.00,1382.0,-88.37,-79.63,3
2016-08-14_14:59:10.00,1384.0,-89.06,-80.05,3
2016-08-14_14:59:10.00,1386.0,-85.94,-79.71,3
2016-08-14_14:59:10.00,1388.0,-90.56,-82.25,3
2016-08-14_14:59:10.00,1390.0,-89.94,-78.57,3
2016-08-14_14:59:10.00,1392.0,-91.07,-77.46,3
2016-08-14_14:59:10.00,1394.0,-91.02,-77.43,3
2016-08-14_14:59:10.00,1396.0,-88.71,-80.39,3
2016-08-14_14:59:10.00,1398.0,-91.32,-78.75,3
2016-08-14_14:59:20.00,1268.0,-91.02,-84.02,3
2016-08-14_14:59:20.00,1270.0,-92.75,-83.89,3
2016-08-14_14:59:20.00,1272.0,-91.53,-81.24,3
2016-08-14_14:59:20.00,1274.0,-88.86,-79.98,3
2016-08-14_14:59:20.00,1276.0,-89.21,-82.52,3
2016-08-14_14:59:20.00,1278.0,-92.71,-81.73,3
2016-08-14_14:59:20.00,1280.0,-87.51,-84.72,2
2016-08-14_14:59:20.00,1282.0,-85.39,-79.96,3
2016-08-14_14:59:20.00,1284.0,-91.52,-85.72,3
2016-08-14_14:59:20.00,1286.0,-91.94,-82.95,3
2016-08-14_14:59:20.00,1288.0,-92.98,-82.85,3
2016-08-14_14:59:20.00,1290.0,-89.58,-84.17,3
2016-08-14_14:59:20.00,1292.0,-76.6,-81.85,1
2016-08-14_14:59:20.00,1294.0,-86.12,-81.55,3
2016-08-14_14:59:20.00,1296.0,-89.98,-88.81,2
2016-08-14_14:59:20.00,1298.0,-88.96,-81.64,3
2016-08-14_14:59:20.00,1300.0,-92.84,-83.07,3
2016-08-14_14:59:20.00,1302.0,-95.34,-87.75,3
2016-08-14_14:59:20.00,1304.0,-92.02,-81.11,3
2016-08-14_14:59:20.00,1306.0,-90.83,-82.04,3
2016-08-14_14:59:20.00,1308.0,-94.14,-83.11,3
2016-08-14_14:59:20.00,1310.0,-88.3,-82.97,3
2016-08-14_14:59:20.00,1312.0,-87.69,-83.2,3
2016-08-14_14:59:20.00,1314.0,-90.58,-79.05,3
2016-08-14_14:59:20.00,1316.0,-91.64,-85.06,3
2016-08-14_14:59:20.00,1318.0,-76.9,-85.37,1
2016-08-14_14:59:20.00,1320.0,-83.99,-80.91,3
2016-08-14_14:59:20.00,1322.0,-89.99,-82.83,3
2016-08-14_14:59:20.00,1324.0,-90.12,-82.38,3
2016-08-14_14:59:20.00,1326.0,-87.46,-80.71,3
2016-08-14_14:59:20.00,1328.0,-87.6,-83.29,3
2016-08-14_14:59:20.00,1330.0,-91.44,-84.0,3
2016-08-14_14:59:20.00,1332.0,-91.38,-81.1,3
2016-08-14_14:59:20.00,1334.0,-90.29,-81.1,3
2016-08-14_14:59:20.00,1336.0,-90.74,-81.44,3
2016-08-14_14:59:20.00,1338.0,-90.42,-83.2,3
2016-08-14_14:59:20.00,1340.0,-91.17,-80.54,3
2016-08-14_14:59:20.00,1342.0,-91.07,-82.08,3
2016-08-14_14:59:20.00,1344.0,-90.0,-83.43,3
2016-08-14_14:59:20.00,1346.0,-91.27,-83.16,3
2016-08-14_14:59:20.00,1348.0,-91.47,-83.48,3
2016-08-14_14:59:20.00,1350.0,-90.02,-82.56,3
2016-08-14_14:59:20.00,1352.0,-93.87,-82.15,3
2016-08-14_14:59:20.00,1354.0,-91.2,-80.83,3
2016-08-14_14:59:20.00,1356.0,-94.71,-79.36,3
2016-08-14_14:59:20.00,1358.0,-88.2,-77.46,3
2016-08-14_14:59:20.00,1360.0,-89.06,-82.62,3
2016-08-14_14:59:20.00,1362.0,-90.66,-78.28,3
2016-08-14_14:59:20.00,1364.0,-92.88,-82.14,3
2016-08-14_14:59:20.00,1366.0,-87.76,-79.35,3
2016-08-14_14:59:20.00,1368.0,-87.26,-81.38,3
2016-08-14_14:59:20.00,1370.0,-92.37,-78.62,3
2016-08-14_14:59:20.00,1372.0,-89.56,-79.64,3
2016-08-14_14:59:20.00,1374.0,-89.44,-80.14,3
2016-08-14_14:59:20.00,1376.0,-92.5,-84.74,3
2016-08-14_14:59:30.00,1268.0,-95.11,-79.37,3
2016-08-14_14:59:30.00,1270.0,-90.18,-84.24,3
2016-08-14_14:59:30.00,1272.0,-90.58,-81.9,3
2016-08-14_14:59:30.00,1274.0,-87.07,-79.57,3
2016-08-14_14:59:30.00,1276.0,-87.01,-82.05,3
2016-08-14_14:59:30.00,1278.0,-85.45,-77.47,3
2016-08-14_14:59:30.00,1280.0,-89.69,-84.68,3
2016-08-14_14:59:30.00,1282.0,-87.55,-76.56,3
2016-08-14_14:59:30.00,1284.0,-89.16,-80.16,3
2016-08-14_14:59:30.00,1286.0,-88.86,-83.94,3
2016-08-14_14:59:30.00,1288.0,-93.61,-80.74,3
2016-08-14_14:59:30.00,1290.0,-93.56,-79.62,3
2016-08-14_14:59:30.00,1292.0,-95.78,-82.67,3
2016-08-14_14:59:30.00,1294.0,-91.21,-75.32,3
2016-08-14_14:59:30.00,1296.0,-90.23,-84.65,3
2016-08-14_14:59:30.00,1298.0,-89.4,-81.65,3
2016-08-14_14:59:30.00,1300.0,-92.85,-85.73,3
2016-08-14_14:59:30.00,1302.0,-92.57,-83.17,3
2016-08-14_14:59:30.00,1304.0,-94.9,-81.55,3
2016-08-14_14:59:30.00,1306.0,-92.25,-81.5,3
2016-08-14_14:59:30.00,1308.0,-92.15,-79.8,3
2016-08-14_14:59:30.00,1310.0,-90.2,-79.69,3
2016-08-14_14:59:30.00,1312.0,-87.2,-80.01,3
2016-08-14_14:59:30.00,1314.0,-90.58,-80.7,3
2016-08-14_14:59:30.00,1316.0,-90.45,-79.88,3
2016-08-14_14:59:30.00,1318.0,-75.01,-76.72,2
2016-08-14_14:59:30.00,1320.0,-80.87,-78.06,2
2016-08-14_14:59:30.00,1322.0,-84.83,-78.52,3
2016-08-14_14:59:30.00,1324.0,-90.26,-83.87,3
2016-08-14_14:59:30.00,1326.0,-88.68,-78.93,3
2016-08-14_14:59:30.00,1328.0,-90.45,-81.11,3
2016-08-14_14:59:30.00,1330.0,-88.47,-81.51,3
2016-08-14_14:59:30.00,1332.0,-92.02,-80.24,3
2016-08-14_14:59:30.00,1334.0,-95.6,-80.13,3
2016-08-14_14:59:30.00,1336.0,-93.38,-77.16,3
2016-08-14_14:59:30.00,1338.0,-92.15,-79.87,3
2016-08-14_14:59:30.00,1340.0,-89.16,-78.57,3
2016-08-14_14:59:30.00,1342.0,-91.66,-78.24,3
2016-08-14_14:59:30.00,1344.0,-88.44,-78.81,3
2016-08-14_14:59:30.00,1346.0,-89.78,-80.12,3
2016-08-14_14:59:30.00,1348.0,-92.12,-76.99,3
2016-08-14_14:59:30.00,1350.0,-92.41,-78.73,3
2016-08-14_14:59:30.00,1352.0,-87.74,-80.1,3
2016-08-14_14:59:30.00,1354.0,-92.0,-78.03,3
2016-08-14_14:59:30.00,1356.0,-92.96,-79.95,3
2016-08-14_14:59:30.00,1358.0,-90.07,-79.52,3
2016-08-14_14:59:30.00,1360.0,-93.01,-79.96,3
2016-08-14_14:59:30.00,1362.0,-87.71,-80.77,3
2016-08-14_14:59:30.00,1364.0,-90.18,-78.23,3
2016-08-14_14:59:30.00,1366.0,-90.04,-78.81,3
2016-08-14_14:59:30.00,1368.0,-81.4,-77.56,3
2016-08-14_14:59:30.00,1370.0,-86.04,-81.23,3
2016-08-14_14:59:30.00,1372.0,-89.06,-81.71,3
2016-08-14_14:59:30.00,1374.0,-87.93,-82.27,3
2016-08-14_14:59:30.00,1376.0,-86.05,-78.33,3
2016-08-14_14:59:40.00,1174.0,-83.28,-79.39,3
2016-08-14_14:59:40.00,1176.0,-87.15,-82.76,3
2016-08-14_14:59:40.00,1178.0,-86.68,-82.49,3
2016-08-14_14:59:40.00,1180.0,-87.7,-79.86,3
2016-08-14_14:59:40.00,1182.0,-89.22,-83.46,3
2016-08-14_14:59:40.00,1184.0,-90.69,-80.41,3
2016-08-14_14:59:40.00,1186.0,-88.52,-81.71,3
2016-08-14_14:59:40.00,1188.0,-86.49,-79.45,3
2016-08-14_14:59:40.00,1190.0,-89.36,-83.22,3
2016-08-14_14:59:40.00,1192.0,-89.42,-80.71,3
2016-08-14_14:59:40.00,1194.0,-92.16,-82.09,3
2016-08-14_14:59:40.00,1196.0,-89.89,-82.7,3
2016-08-14_14:59:40.00,1198.0,-93.11,-83.06,3
2016-08-14_14:59:40.00,1200.0,-89.86,-83.98,3
2016-08-14_14:59:40.00,1202.0,-90.32,-84.46,3
2016-08-14_14:59:40.00,1204.0,-92.63,-83.93,3
2016-08-14_14:59:40.00,1206.0,-90.21,-83.51,3
2016-08-14_14:59:40.00,1208.0,-93.0,-85.11,3
2016-08-14_14:59:40.00,1210.0,-90.81,-81.39,3
2016-08-14_14:59:40.00,1212.0,-90.63,-81.91,3
2016-08-14_14:59:40.00,1214.0,-88.2,-82.91,3
2016-08-14_14:59:40.00,1216.0,-89.01,-82.64,3
2016-08-14_14:59:40.00,1218.0,-91.31,-78.96,3
2016-08-14_14:59:40.00,1220.0,-90.19,-82.13,3
2016-08-14_14:59:40.00,1222.0,-88.2,-80.99,3
2016-08-14_14:59:40.00,1224.0,-88.79,-81.08,3
2016-08-14_14:59:40.00,1226.0,-90.75,-84.64,3
2016-08-14_14:59:40.00,1228.0,-88.71,-82.53,3
2016-08-14_14:59:40.00,1230.0,-87.24,-82.9,3
2016-08-14_14:59:40.00,1232.0,-87.78,-82.56,3
2016-08-14_14:59:40.00,1234.0,-79.06,-79.24,2
2016-08-14_14:59:40.00,1236.0,-91.62,-81.66,3
2016-08-14_14:59:40.00,1238.0,-88.92,-80.62,3
2016-08-14_14:59:40.00,1240.0,-89.61,-81.75,3
2016-08-14_14:59:40.00,1242.0,-89.19,-80.57,3
2016-08-14_14:59:40.00,1244.0,-91.63,-84.07,3
2016-08-14_14:59:40.00,1246.0,-91.42,-83.3,3
2016-08-14_14:59:40.00,1248.0,-89.86,-82.45,3
2016-08-14_14:59:40.00,1250.0,-88.98,-82.97,3
2016-08-14_14:59:40.00,1252.0,-88.86,-82.39,3
2016-08-14_14:59:40.00,1254.0,-92.33,-82.86,3
2016-08-14_14:59:40.00,1256.0,-87.54,-83.49,3
2016-08-14_14:59:40.00,1258.0,-89.66,-79.09,3
2016-08-14_14:59:40.00,1260.0,-89.41,-81.36,3
2016-08-14_14:59:40.00,1262.0,-92.14,-82.42,3
2016-08-14_14:59:40.00,1264.0,-91.36,-84.66,3
2016-08-14_14:59:40.00,1266.0,-88.37,-83.01,3
2016-08-14_14:59:40.00,1268.0,-88.73,-82.61,3
2016-08-14_14:59:50.00,1174.0,-83.93,-84.66,2
2016-08-14_14:59:50.00,1176.0,-87.77,-80.41,3
2016-08-14_14:59:50.00,1178.0,-90.03,-85.45,3
2016-08-14_14:59:50.00,1180.0,-89.01,-85.18,3
2016-08-14_14:59:50.00,1182.0,-87.58,-87.0,2
2016-08-14_14:59:50.00,1184.0,-91.11,-83.8,3
2016-08-14_14:59:50.00,1186.0,-86.49,-82.84,3
2016-08-14_14:59:50.00,1188.0,-91.68,-81.18,3
2016-08-14_14:59:50.00,1190.0,-92.4,-80.84,3
2016-08-14_14:59:50.00,1192.0,-90.14,-82.8,3
2016-08-14_14:59:50.00,1194.0,-88.79,-83.06,3
2016-08-14_14:59:50.00,1196.0,-94.66,-82.91,3
2016-08-14_14:59:50.00,1198.0,-93.87,-83.2,3
2016-08-14_14:59:50.00,1200.0,-90.86,-86.01,3
2016-08-14_14:59:50.00,1202.0,-89.47,-81.65,3
2016-08-14_14:59:50.00,1204.0,-92.69,-84.2,3
2016-08-14_14:59:50.00,1206.0,-92.21,-84.93,3
2016-08-14_14:59:50.00,1208.0,-88.21,-82.91,3
2016-08-14_14:59:50.00,1210.0,-94.61,-80.47,3
2016-08-14_14:59:50.00,1212.0,-92.16,-85.34,3
2016-08-14_14:59:50.00,1214.0,-87.39,-83.9,3
2016-08-14_14:59:50.00,1216.0,-89.42,-82.96,3
2016-08-14_14:59:50.00,1218.0,-88.4,-82.59,3
2016-08-14_14:59:50.00,1220.0,-88.22,-83.87,3
2016-08-14_14:59:50.00,1222.0,-93.09,-84.43,3
2016-08-14_14:59:50.00,1224.0,-92.16,-84.8,3
2016-08-14_14:59:50.00,1226.0,-91.94,-83.19,3
2016-08-14_14:59:50.00,1228.0,-85.01,-84.38,2
2016-08-14_14:59:50.00,1230.0,-85.02,-84.99,2
2016-08-14_14:59:50.00,1232.0,-88.47,-85.0,3
2016-08-14_14:59:50.00,1234.0,-89.27,-84.83,3
2016-08-14_14:59:50.00,1236.0,-90.99,-81.77,3
2016-08-14_14:59:50.00,1238.0,-94.91,-86.91,3
2016-08-14_14:59:50.00,1240.0,-91.95,-81.23,3
2016-08-14_14:59:50.00,1242.0,-88.44,-81.56,3
2016-08-14_14:59:50.00,1244.0,-88.31,-81.13,3
2016-08-14_14:59:50.00,1246.0,-90.9,-82.32,3
2016-08-14_14:59:50.00,1248.0,-87.23,-80.72,3
2016-08-14_14:59:50.00,1250.0,-88.51,-81.97,3
2016-08-14_14:59:50.00,1252.0,-89.35,-81.08,3
2016-08-14_14:59:50.00,1254.0,-90.62,-84.48,3
2016-08-14_14:59:50.00,1256.0,-91.76,-82.56,3
2016-08-14_14:59:50.00,1258.0,-90.19,-83.01,3
2016-08-14_14:59:50.00,1260.0,-89.77,-81.36,3
2016-08-14_14:59:50.00,1262.0,-89.9,-84.18,3
2016-08-14_14:59:50.00,1264.0,-90.95,-84.97,3
2016-08-14_15:00:00.00,1192.0,-87.31,-86.72,2
2016-08-14_15:00:00.00,1194.0,-82.55,-83.83,2
2016-08-14_15:00:00.00,1196.0,-88.87,-84.14,3
2016-08-14_15:00:00.00,1198.0,-86.73,-83.73,2
2016-08-14_15:00:00.00,1200.0,-94.01,-83.08,3
2016-08-14_15:00:00.00,1202.0,-90.8,-86.64,3
2016-08-14_15:00:00.00,1204.0,-95.4,-85.11,3
2016-08-14_15:00:00.00,1206.0,-89.74,-82.34,3
2016-08-14_15:00:00.00,1208.0,-97.31,-82.86,3
2016-08-14_15:00:00.00,1210.0,-93.28,-86.2,3
2016-08-14_15:00:00.00,1212.0,-90.87,-85.78,3
2016-08-14_15:00:00.00,1214.0,-93.49,-84.73,3
2016-08-14_15:00:00.00,1216.0,-90.35,-83.39,3
2016-08-14_15:00:00.00,1218.0,-90.24,-81.99,3
2016-08-14_15:00:00.00,1220.0,-91.79,-82.8,3
2016-08-14_15:00:00.00,1222.0,-92.37,-83.22,3
2016-08-14_15:00:00.00,1224.0,-86.77,-80.19,3
2016-08-14_15:00:00.00,1226.0,-90.15,-85.14,3
2016-08-14_15:00:00.00,1228.0,-92.28,-84.32,3
2016-08-14_15:00:00.00,1230.0,-84.76,-79.19,3
2016-08-14_15:00:00.00,1232.0,-89.0,-85.98,3
2016-08-14_15:00:00.00,1234.0,-91.22,-83.72,3
2016-08-14_15:00:00.00,1236.0,-94.19,-86.1,3
2016-08-14_15:00:00.00,1238.0,-89.7,-85.22,3
2016-08-14_15:00:00.00,1240.0,-93.93,-85.67,3
2016-08-14_15:00:00.00,1242.0,-95.58,-85.66,3
2016-08-14_15:00:00.00,1244.0,-91.87,-84.05,3
2016-08-14_15:00:00.00,1246.0,-96.36,-82.14,3
2016-08-14_15:00:00.00,1248.0,-94.28,-82.68,3
2016-08-14_15:00:00.00,1250.0,-91.25,-84.08,3
2016-08-14_15:00:00.00,1252.0,-93.91,-84.62,3
2016-08-14_15:00:00.00,1254.0,-91.05,-79.21,3
2016-08-14_15:00:00.00,1256.0,-91.21,-84.48,3
2016-08-14_15:00:00.00,1258.0,-93.04,-82.96,3
2016-08-14_15:00:00.00,1260.0,-91.74,-85.25,3
2016-08-14_15:00:00.00,1262.0,-90.05,-85.82,3
2016-08-14_15:00:00.00,1264.0,-93.1,-80.01,3
2016-08-14_15:00:00.00,1266.0,-91.7,-81.71,3
2016-08-14_15:00:10.00,1216.0,-88.27,-80.26,3
2016-08-14_15:00:10.00,1218.0,-87.08,-83.29,3
2016-08-14_15:00:10.00,1220.0,-82.37,-84.23,2
2016-08-14_15:00:10.00,1222.0,-87.76,-80.3,3
2016-08-14_15:00:10.00,1224.0,-87.69,-80.72,3
2016-08-14_15:00:10.00,1226.0,-87.81,-82.14,3
2016-08-14_15:00:10.00,1228.0,-87.01,-84.71,2
2016-08-14_15:00:10.00,1230.0,-87.58,-81.07,3
2016-08-14_15:00:10.00,1232.0,-90.92,-82.24,3
2016-08-14_15:00:10.00,1234.0,-89.49,-82.72,3
2016-08-14_15:00:10.00,1236.0,-88.81,-81.62,3
2016-08-14_15:00:10.00,1238.0,-91.8,-79.59,3
2016-08-14_15:00:10.00,1240.0,-87.78,-83.7,3
2016-08-14_15:00:10.00,1242.0,-90.3,-82.43,3
2016-08-14_15:00:10.00,1244.0,-85.83,-83.91,2
2016-08-14_15:00:10.00,1246.0,-93.1,-83.63,3
2016-08-14_15:00:10.00,1248.0,-93.26,-83.61,3
2016-08-14_15:00:10.00,1250.0,-90.32,-81.15,3
2016-08-14_15:00:10.00,1252.0,-90.85,-82.72,3
2016-08-14_15:00:10.00,1254.0,-89.42,-82.64,3
2016-08-14_15:00:10.00,1256.0,-88.29,-80.51,3
2016-08-14_15:00:10.00,1258.0,-90.98,-82.26,3
2016-08-14_15:00:10.00,1260.0,-89.57,-84.21,3
2016-08-14_15:00:10.00,1262.0,-95.35,-85.47,3
2016-08-14_15:00:10.00,1264.0,-94.37,-79.41,3
2016-08-14_15:00:10.00,1266.0,-94.28,-86.92,3
2016-08-14_15:00:10.00,1268.0,-93.89,-83.03,3
2016-08-14_15:00:10.00,1270.0,-91.81,-82.86,3
2016-08-14_15:00:10.00,1272.0,-91.44,-83.58,3
2016-08-14_15:00:10.00,1274.0,-94.94,-85.91,3
2016-08-14_15:00:10.00,1276.0,-90.43,-78.67,3
2016-08-14_15:00:10.00,1278.0,-87.65,-83.29,3
2016-08-14_15:00:10.00,1280.0,-88.67,-81.44,3
2016-08-14_15:00:10.00,1282.0,-88.16,-81.71,3
2016-08-14_15:00:10.00,1284.0,-90.61,-80.46,3
2016-08-14_15:00:10.00,1286.0,-88.68,-81.56,3
2016-08-14_15:00:20.00,1226.0,-89.91,-83.03,3
2016-08-14_15:00:20.00,1228.0,-91.49,-81.35,3
2016-08-14_15:00:20.00,1230.0,-89.41,-82.19,3
2016-08-14_15:00:20.00,1232.0,-86.4,-83.78,2
2016-08-14_15:00:20.00,1234.0,-88.24,-82.2,3
2016-08-14_15:00:20.00,1236.0,-89.66,-81.29,3
2016-08-14_15:00:20.00,1238.0,-87.89,-81.75,3
2016-08-14_15:00:20.00,1240.0,-89.85,-82.72,3
2016-08-14_15:00:20.00,1242.0,-90.03,-82.77,3
2016-08-14_15:00:20.00,1244.0,-88.09,-83.57,3
2016-08-14_15:00:20.00,1246.0,-90.15,-81.59,3
2016-08-14_15:00:20.00,1248.0,-88.82,-82.75,3
2016-08-14_15:00:20.00,1250.0,-82.83,-74.38,3
2016-08-14_15:00:20.00,1252.0,-80.13,-82.99,2
2016-08-14_15:00:20.00,1254.0,-87.37,-83.25,3
2016-08-14_15:00:20.00,1256.0,-89.76,-81.52,3
2016-08-14_15:00:20.00,1258.0,-89.04,-83.16,3
2016-08-14_15:00:20.00,1260.0,-89.3,-81.84,3
2016-08-14_15:00:20.00,1262.0,-88.87,-83.31,3
2016-08-14_15:00:20.00,1264.0,-87.28,-82.93,3
2016-08-14_15:00:20.00,1266.0,-89.38,-84.7,3
2016-08-14_15:00:20.00,1268.0,-87.73,-81.19,3
2016-08-14_15:00:20.00,1270.0,-87.74,-84.02,3
2016-08-14_15:00:20.00,1272.0,-90.45,-82.71,3
2016-08-14_15:00:20.00,1274.0,-88.92,-82.74,3
2016-08-14_15:00:20.00,1276.0,-88.05,-84.01,3
2016-08-14_15:00:20.00,1278.0,-89.74,-81.98,3
2016-08-14_15:00:20.00,1280.0,-87.54,-83.59,3
2016-08-14_15:00:20.00,1282.0,-90.95,-79.84,3
2016-08-14_15:00:20.00,1284.0,-88.72,-82.57,3
2016-08-14_15:00:20.00,1286.0,-88.31,-83.01,3
2016-08-14_15:00:20.00,1288.0,-89.44,-81.38,3
2016-08-14_15:00:20.00,1290.0,-89.73,-81.5,3
2016-08-14_15:00:20.00,1292.0,-88.04,-79.63,3
2016-08-14_15:00:20.00,1294.0,-91.14,-79.53,3
2016-08-14_15:00:20.00,1296.0,-89.48,-82.28,3
2016-08-14_15:00:20.00,1298.0,-89.59,-83.29,3
2016-08-14_15:00:20.00,1300.0,-90.98,-81.95,3
2016-08-14_15:00:20.00,1302.0,-90.76,-81.45,3
2016-08-14_15:00:20.00,1304.0,-87.41,-81.88,3
2016-08-14_15:00:20.00,1306.0,-86.82,-82.45,3
2016-08-14_15:00:30.00,1226.0,-89.37,-85.13,3
2016-08-14_15:00:30.00,1228.0,-91.63,-84.29,3
2016-08-14_15:00:30.00,1230.0,-89.63,-84.36,3
2016-08-14_15:00:30.00,1232.0,-90.62,-84.29,3
2016-08-14_15:00:30.00,1234.0,-90.01,-83.32,3
2016-08-14_15:00:30.00,1236.0,-89.23,-81.51,3
2016-08-14_15:00:30.00,1238.0,-92.75,-81.4,3
2016-08-14_15:00:30.00,1240.0,-95.01,-84.04,3
2016-08-14_15:00:30.00,1242.0,-92.13,-81.96,3
2016-08-14_15:00:30.00,1244.0,-84.15,-81.1,3
2016-08-14_15:00:30.00,1246.0,-81.7,-82.55,2
2016-08-14_15:00:30.00,1248.0,-93.41,-81.87,3
2016-08-14_15:00:30.00,1250.0,-98.67,-79.53,3
2016-08-14_15:00:30.00,1252.0,-89.8,-81.28,3
2016-08-14_15:00:30.00,1254.0,-93.41,-82.5,3
2016-08-14_15:00:30.00,1256.0,-88.91,-81.76,3
2016-08-14_15:00:30.00,1258.0,-93.08,-83.28,3
2016-08-14_15:00:30.00,1260.0,-91.78,-83.27,3
2016-08-14_15:00:30.00,1262.0,-95.49,-85.11,3
2016-08-14_15:00:30.00,1264.0,-93.15,-82.02,3
2016-08-14_15:00:30.00,1266.0,-94.27,-78.77,3
2016-08-14_15:00:30.00,1268.0,-91.46,-82.34,3
2016-08-14_15:00:30.00,1270.0,-93.64,-83.63,3
2016-08-14_15:00:30.00,1272.0,-93.05,-80.04,3
2016-08-14_15:00:30.00,1274.0,-91.35,-79.07,3
2016-08-14_15:00:30.00,1276.0,-92.52,-81.01,3
2016-08-14_15:00:30.00,1278.0,-90.56,-82.48,3
2016-08-14_15:00:30.00,1280.0,-93.4,-79.94,3
2016-08-14_15:00:30.00,1282.0,-91.86,-79.17,3
2016-08-14_15:00:30.00,1284.0,-88.44,-81.0,3
2016-08-14_15:00:30.00,1286.0,-90.75,-80.79,3
2016-08-14_15:00:30.00,1288.0,-89.35,-82.77,3
2016-08-14_15:00:30.00,1290.0,-87.46,-79.89,3
2016-08-14_15:00:30.00,1292.0,-90.6,-81.58,3
2016-08-14_15:00:30.00,1294.0,-89.4,-77.98,3
2016-08-14_15:00:30.00,1296.0,-88.96,-80.68,3
2016-08-14_15:00:30.00,1298.0,-91.86,-81.71,3
2016-08-14_15:00:30.00,1300.0,-90.5,-82.24,3
2016-08-14_15:00:30.00,1302.0,-90.05,-80.64,3
2016-08-14_15:00:30.00,1304.0,-85.76,-82.58,3
2016-08-14_15:00:30.00,1306.0,-89.84,-77.89,3
2016-08-14_15:00:30.00,1308.0,-88.02,-80.14,3
2016-08-14_15:00:30.00,1310.0,-92.74,-79.19,3
2016-08-14_15:00:30.00,1312.0,-89.68,-77.47,3
2016-08-14_15:00:30.00,1314.0,-87.32,-81.62,3
2016-08-14_15:00:40.00,1210.0,-95.25,-82.41,3
2016-08-14_15:00:40.00,1212.0,-90.41,-82.91,3
2016-08-14_15:00:40.00,1214.0,-88.01,-81.97,3
2016-08-14_15:00:40.00,1216.0,-88.36,-84.36,3
2016-08-14_15:00:40.00,1218.0,-91.3,-82.61,3
2016-08-14_15:00:40.00,1220.0,-93.24,-84.11,3
2016-08-14_15:00:40.00,1222.0,-91.96,-82.83,3
2016-08-14_15:00:40.00,1224.0,-89.29,-83.22,3
2016-08-14_15:00:40.00,1226.0,-89.25,-82.33,3
2016-08-14_15:00:40.00,1228.0,-87.35,-82.44,3
2016-08-14_15:00:40.00,1230.0,-89.61,-83.48,3
2016-08-14_15:00:40.00,1232.0,-89.98,-85.09,3
2016-08-14_15:00:40.00,1234.0,-85.81,-80.3,3
2016-08-14_15:00:40.00,1236.0,-90.35,-81.98,3
2016-08-14_15:00:40.00,1238.0,-71.45,-83.71,1
2016-08-14_15:00:40.00,1240.0,-80.74,-84.78,1
2016-08-14_15:00:40.00,1242.0,-85.77,-81.21,3
2016-08-14_15:00:40.00,1244.0,-90.32,-80.29,3
2016-08-14_15:00:40.00,1246.0,-90.2,-85.01,3
2016-08-14_15:00:40.00,1248.0,-90.19,-82.76,3
2016-08-14_15:00:40.00,1250.0,-89.8,-81.45,3
2016-08-14_15:00:40.00,1252.0,-89.8,-83.23,3
2016-08-14_15:00:40.00,1254.0,-93.19,-81.54,3
2016-08-14_15:00:40.00,1256.0,-92.41,-81.64,3
2016-08-14_15:00:40.00,1258.0,-91.37,-84.18,3
2016-08-14_15:00:40.00,1260.0,-90.01,-81.56,3
2016-08-14_15:00:40.00,1262.0,-90.67,-83.01,3
2016-08-14_15:00:40.00,1264.0,-91.74,-83.04,3
2016-08-14_15:00:40.00,1266.0,-96.02,-83.43,3
2016-08-14_15:00:40.00,1268.0,-91.28,-82.7,3
2016-08-14_15:00:40.00,1270.0,-94.22,-80.72,3
2016-08-14_15:00:40.00,1272.0,-90.96,-82.49,3
2016-08-14_15:00:40.00,1274.0,-92.03,-81.65,3
2016-08-14_15:00:40.00,1276.0,-91.45,-83.01,3
2016-08-14_15:00:40.00,1278.0,-91.78,-78.14,3
2016-08-14_15:00:40.00,1280.0,-88.43,-84.63,3
2016-08-14_15:00:40.00,1282.0,-92.47,-81.67,3
2016-08-14_15:00:40.00,1284.0,-92.96,-84.76,3
2016-08-14_15:00:40.00,1286.0,-92.18,-80.11,3
2016-08-14_15:00:40.00,1288.0,-91.09,-79.81,3
2016-08-14_15:00:40.00,1290.0,-91.56,-79.74,3
2016-08-14_15:00:40.00,1292.0,-89.86,-80.19,3
2016-08-14_15:00:40.00,1294.0,-86.88,-80.53,3
2016-08-14_15:00:40.00,1296.0,-90.76,-81.48,3
2016-08-14_15:00:40.00,1298.0,-87.69,-82.42,3
2016-08-14_15:00:40.00,1300.0,-91.99,-82.49,3
2016-08-14_15:00:40.00,1302.0,-92.65,-80.65,3
2016-08-14_15:00:40.00,1304.0,-90.24,-79.18,3
2016-08-14_15:00:40.00,1306.0,-87.53,-80.35,3
2016-08-14_15:00:40.00,1308.0,-84.39,-80.86,3
2016-08-14_15:00:50.00,1180.0,-89.36,-82.22,3
2016-08-14_15:00:50.00,1182.0,-94.84,-83.55,3
2016-08-14_15:00:50.00,1184.0,-88.37,-83.89,3
2016-08-14_15:00:50.00,1186.0,-86.54,-82.39,3
2016-08-14_15:00:50.00,1188.0,-89.21,-84.85,3
2016-08-14_15:00:50.00,1190.0,-87.98,-84.76,3
2016-08-14_15:00:50.00,1192.0,-86.03,-83.96,2
2016-08-14_15:00:50.00,1194.0,-92.3,-83.27,3
2016-08-14_15:00:50.00,1196.0,-91.52,-84.96,3
2016-08-14_15:00:50.00,1198.0,-88.05,-83.78,3
2016-08-14_15:00:50.00,1200.0,-90.19,-85.28,3
2016-08-14_15:00:50.00,1202.0,-88.04,-85.09,2
2016-08-14_15:00:50.00,1204.0,-93.66,-83.75,3
2016-08-14_15:00:50.00,1206.0,-94.36,-82.84,3
2016-08-14_15:00:50.00,1208.0,-91.98,-85.43,3
2016-08-14_15:00:50.00,1210.0,-94.12,-82.76,3
2016-08-14_15:00:50.00,1212.0,-92.72,-84.86,3
2016-08-14_15:00:50.00,1214.0,-96.26,-75.58,3
2016-08-14_15:00:50.00,1216.0,-89.6,-83.62,3
2016-08-14_15:00:50.00,1218.0,-87.38,-82.72,3
2016-08-14_15:00:50.00,1220.0,-91.61,-84.97,3
2016-08-14_15:00:50.00,1222.0,-91.99,-84.96,3
2016-08-14_15:00:50.00,1224.0,-91.35,-80.61,3
2016-08-14_15:00:50.00,1226.0,-88.83,-85.76,3
2016-08-14_15:00:50.00,1228.0,-92.42,-79.38,3
2016-08-14_15:00:50.00,1230.0,-92.44,-81.85,3
2016-08-14_15:00:50.00,1232.0,-90.83,-83.69,3
2016-08-14_15:00:50.00,1234.0,-93.89,-81.29,3
2016-08-14_15:00:50.00,1236.0,-91.63,-84.35,3
2016-08-14_15:00:50.00,1238.0,-89.13,-81.41,3
2016-08-14_15:00:50.00,1240.0,-76.71,-84.83,1
2016-08-14_15:00:50.00,1242.0,-86.32,-85.66,2
2016-08-14_15:00:50.00,1244.0,-89.48,-83.59,3
2016-08-14_15:00:50.00,1246.0,-89.55,-84.25,3
2016-08-14_15:00:50.00,1248.0,-90.31,-81.4,3
2016-08-14_15:00:50.00,1250.0,-92.68,-84.13,3
2016-08-14_15:00:50.00,1252.0,-93.41,-81.95,3
2016-08-14_15:00:50.00,1254.0,-92.36,-81.85,3
2016-08-14_15:00:50.00,1256.0,-91.3,-82.55,3
2016-08-14_15:00:50.00,1258.0,-91.5,-81.69,3
2016-08-14_15:00:50.00,1260.0,-93.13,-83.6,3
2016-08-14_15:00:50.00,1262.0,-92.22,-84.6,3
2016-08-14_15:00:50.00,1264.0,-94.09,-82.48,3
2016-08-14_15:00:50.00,1266.0,-94.32,-83.11,3
2016-08-14_15:00:50.00,1268.0,-93.02,-82.59,3
2016-08-14_15:00:50.00,1270.0,-90.56,-84.37,3
2016-08-14_15:00:50.00,1272.0,-73.0,-86.13,1
2016-08-14_15:00:50.00,1274.0,-89.19,-87.39,2
2016-08-14_15:00:50.00,1276.0,-88.53,-82.13,3
2016-08-14_15:00:50.00,1278.0,-90.34,-86.69,3
2016-08-14_15:00:50.00,1280.0,-92.01,-78.94,3
2016-08-14_15:00:50.00,1282.0,-90.99,-86.01,3
2016-08-14_15:00:50.00,1284.0,-91.43,-83.3,3
2016-08-14_15:00:50.00,1286.0,-90.92,-81.29,3
2016-08-14_15:00:50.00,1288.0,-94.26,-81.49,3
2016-08-14_15:00:50.00,1290.0,-91.52,-80.32,3
2016-08-14_15:01:00.00,1170.0,-90.57,-82.47,3
2016-08-14_15:01:00.00,1172.0,-85.85,-83.79,2
2016-08-14_15:01:00.00,1174.0,-86.23,-83.36,2
2016-08-14_15:01:00.00,1176.0,-87.79,-82.48,3
2016-08-14_15:01:00.00,1178.0,-88.55,-80.67,3
2016-08-14_15:01:00.00,1180.0,-88.06,-83.1,3
2016-08-14_15:01:00.00,1182.0,-87.03,-82.35,3
2016-08-14_15:01:00.00,1184.0,-87.01,-82.3,3
2016-08-14_15:01:00.00,1186.0,-82.76,-82.08,2
2016-08-14_15:01:00.00,1188.0,-88.04,-83.6,3
2016-08-14_15:01:00.00,1190.0,-86.99,-83.63,3
2016-08-14_15:01:00.00,1192.0,-89.18,-84.12,3
2016-08-14_15:01:00.00,1194.0,-89.56,-82.33,3
2016-08-14_15:01:00.00,1196.0,-79.19,-82.76,1
2016-08-14_15:01:00.00,1198.0,-87.02,-82.54,3
2016-08-14_15:01:00.00,1200.0,-88.28,-81.19,3
2016-08-14_15:01:00.00,1202.0,-91.41,-82.52,3
2016-08-14_15:01:00.00,1204.0,-78.64,-82.65,1
2016-08-14_15:01:00.00,1206.0,-89.41,-84.48,3
2016-08-14_15:01:00.00,1208.0,-90.3,-83.54,3
2016-08-14_15:01:00.00,1210.0,-88.77,-83.6,3
2016-08-14_15:01:00.00,1212.0,-89.19,-82.36,3
2016-08-14_15:01:00.00,1214.0,-88.54,-81.78,3
2016-08-14_15:01:00.00,1216.0,-88.8,-82.49,3
2016-08-14_15:01:00.00,1218.0,-88.12,-82.21,3
2016-08-14_15:01:00.00,1220.0,-88.59,-83.32,3
2016-08-14_15:01:00.00,1222.0,-89.86,-84.62,3
2016-08-14_15:01:00.00,1224.0,-90.77,-82.38,3
2016-08-14_15:01:00.00,1226.0,-89.64,-82.1,3
2016-08-14_15:01:00.00,1228.0,-92.94,-83.25,3
2016-08-14_15:01:00.00,1230.0,-90.29,-80.59,3
2016-08-14_15:01:00.00,1232.0,-90.7,-81.38,3
2016-08-14_15:01:00.00,1234.0,-92.53,-84.28,3
2016-08-14_15:01:00.00,1236.0,-91.45,-83.99,3
2016-08-14_15:01:00.00,1238.0,-84.88,-81.38,3
2016-08-14_15:01:00.00,1240.0,-81.19,-80.72,2
2016-08-14_15:01:00.00,1242.0,-89.2,-81.96,3
2016-08-14_15:01:00.00,1244.0,-89.31,-79.33,3
2016-08-14_15:01:00.00,1246.0,-78.23,-80.79,2
2016-08-14_15:01:00.00,1248.0,-81.39,-79.83,2
2016-08-14_15:01:00.00,1250.0,-86.26,-74.8,3
2016-08-14_15:01:00.00,1252.0,-91.51,-78.85,3
2016-08-14_15:01:00.00,1254.0,-84.65,-82.28,2
2016-08-14_15:01:00.00,1256.0,-87.96,-83.64,3
2016-08-14_15:01:00.00,1258.0,-94.31,-82.72,3
2016-08-14_15:01:00.00,1260.0,-81.96,-81.43,2
2016-08-14_15:01:00.00,1262.0,-85.51,-81.86,3
2016-08-14_15:01:00.00,1264.0,-88.47,-81.92,3
2016-08-14_15:01:00.00,1266.0,-76.23,-80.98,1
2016-08-14_15:01:00.00,1268.0,-89.81,-80.64,3
2016-08-14_15:01:00.00,1270.0,-90.74,-80.22,3
2016-08-14_15:01:00.00,1272.0,-90.76,-80.6,3
2016-08-14_15:01:00.00,1274.0,-90.89,-82.4,3
2016-08-14_15:01:00.00,1276.0,-88.85,-80.52,3
2016-08-14_15:01:00.00,1278.0,-89.47,-85.77,3
2016-08-14_15:01:00.00,1280.0,-87.7,-81.95,3
2016-08-14_15:01:10.00,1160.0,-87.4,-81.65,3
2016-08-14_15:01:10.00,1162.0,-88.44,-81.43,3
2016-08-14_15:01:10.00,1164.0,-86.32,-86.12,2
2016-08-14_15:01:10.00,1166.0,-89.8,-84.03,3
2016-08-14_15:01:10.00,1168.0,-92.8,-85.46,3
2016-08-14_15:01:10.00,1170.0,-88.9,-85.61,3
2016-08-14_15:01:10.00,1172.0,-90.06,-84.81,3
2016-08-14_15:01:10.00,1174.0,-93.72,-81.65,3
2016-08-14_15:01:10.00,1176.0,-91.31,-83.33,3
2016-08-14_15:01:10.00,1178.0,-86.82,-84.07,2
2016-08-14_15:01:10.00,1180.0,-90.11,-84.36,3
2016-08-14_15:01:10.00,1182.0,-86.27,-83.29,2
2016-08-14_15:01:10.00,1184.0,-88.97,-84.84,3
2016-08-14_15:01:10.00,1186.0,-91.35,-83.04,3
2016-08-14_15:01:10.00,1188.0,-92.23,-82.92,3
2016-08-14_15:01:10.00,1190.0,-89.47,-83.55,3
2016-08-14_15:01:10.00,1192.0,-88.72,-84.29,3
2016-08-14_15:01:10.00,1194.0,-88.77,-84.65,3
2016-08-14_15:01:10.00,1196.0,-87.43,-83.38,3
2016-08-14_15:01:10.00,1198.0,-94.29,-85.2,3
2016-08-14_15:01:10.00,1200.0,-92.23,-85.54,3
2016-08-14_15:01:10.00,1202.0,-90.43,-83.51,3
2016-08-14_15:01:10.00,1204.0,-93.11,-85.09,3
2016-08-14_15:01:10.00,1206.0,-93.11,-85.46,3
2016-08-14_15:01:10.00,1208.0,-87.87,-83.57,3
2016-08-14_15:01:10.00,1210.0,-89.74,-87.23,2
2016-08-14_15:01:10.00,1212.0,-86.18,-83.57,2
2016-08-14_15:01:10.00,1214.0,-91.69,-81.83,3
2016-08-14_15:01:10.00,1216.0,-88.75,-81.8,3
2016-08-14_15:01:10.00,1218.0,-89.6,-82.53,3
2016-08-14_15:01:10.00,1220.0,-89.04,-84.5,3
2016-08-14_15:01:10.00,1222.0,-90.88,-82.87,3
2016-08-14_15:01:10.00,1224.0,-89.68,-82.99,3
2016-08-14_15:01:10.00,1226.0,-92.67,-85.38,3
2016-08-14_15:01:10.00,1228.0,-91.38,-82.3,3
2016-08-14_15:01:10.00,1230.0,-92.68,-80.92,3
2016-08-14_15:01:10.00,1232.0,-92.34,-82.11,3
2016-08-14_15:01:10.00,1234.0,-90.14,-80.31,3
2016-08-14_15:01:10.00,1236.0,-90.28,-86.77,3
2016-08-14_15:01:10.00,1238.0,-92.74,-84.9,3
2016-08-14_15:01:10.00,1240.0,-96.82,-80.63,3
2016-08-14_15:01:10.00,1242.0,-92.76,-83.57,3
2016-08-14_15:01:10.00,1244.0,-89.52,-82.56,3
2016-08-14_15:01:10.00,1246.0,-91.9,-83.63,3
2016-08-14_15:01:10.00,1248.0,-91.1,-83.09,3
2016-08-14_15:01:10.00,1250.0,-92.87,-83.17,3
2016-08-14_15:01:10.00,1252.0,-89.12,-82.78,3
2016-08-14_15:01:10.00,1254.0,-94.68,-83.19,3
2016-08-14_15:01:10.00,1256.0,-86.62,-85.8,2
2016-08-14_15:01:10.00,1258.0,-90.15,-81.76,3
2016-08-14_15:01:10.00,1260.0,-91.17,-80.87,3
2016-08-14_15:01:10.00,1262.0,-91.37,-79.59,3
2016-08-14_15:01:10.00,1264.0,-89.27,-81.99,3
2016-08-14_15:01:10.00,1266.0,-92.28,-80.7,3
2016-08-14_15:01:10.00,1268.0,-96.31,-84.86,3
2016-08-14_15:01:10.00,1270.0,-94.09,-83.22,3
2016-08-14_15:01:10.00,1272.0,-90.66,-83.79,3
2016-08-14_15:01:20.00,1146.0,-85.31,-83.4,2
2016-08-14_15:01:20.00,1148.0,-90.32,-86.48,3
2016-08-14_15:01:20.00,1150.0,-89.47,-84.22,3
2016-08-14_15:01:20.00,1152.0,-86.55,-82.48,3
2016-08-14_15:01:20.00,1154.0,-89.57,-84.25,3
2016-08-14_15:01:20.00,1156.0,-87.65,-85.94,2
2016-08-14_15:01:20.00,1158.0,-90.64,-84.23,3
2016-08-14_15:01:20.00,1160.0,-91.2,-84.5,3
2016-08-14_15:01:20.00,1162.0,-90.29,-85.67,3
2016-08-14_15:01:20.00,1164.0,-87.51,-85.81,2
2016-08-14_15:01:20.00,1166.0,-90.44,-86.48,3
2016-08-14_15:01:20.00,1168.0,-90.88,-82.54,3
2016-08-14_15:01:20.00,1170.0,-87.84,-84.7,3
2016-08-14_15:01:20.00,1172.0,-91.51,-83.69,3
2016-08-14_15:01:20.00,1174.0,-87.49,-84.75,2
2016-08-14_15:01:20.00,1176.0,-86.17,-83.46,2
2016-08-14_15:01:20.00,1178.0,-90.49,-81.5,3
2016-08-14_15:01:20.00,1180.0,-85.36,-84.6,2
2016-08-14_15:01:20.00,1182.0,-91.37,-85.46,3
2016-08-14_15:01:20.00,1184.0,-90.24,-81.1,3
2016-08-14_15:01:20.00,1186.0,-93.97,-82.61,3
2016-08-14_15:01:20.00,1188.0,-88.98,-76.42,3
2016-08-14_15:01:20.00,1190.0,-87.31,-82.77,3
2016-08-14_15:01:20.00,1192.0,-85.23,-82.99,2
2016-08-14_15:01:20.00,1194.0,-86.2,-81.64,3
2016-08-14_15:01:20.00,1196.0,-89.02,-81.73,3
2016-08-14_15:01:20.00,1198.0,-93.2,-85.65,3
2016-08-14_15:01:20.00,1200.0,-92.06,-85.93,3
2016-08-14_15:01:20.00,1202.0,-89.94,-84.93,3
2016-08-14_15:01:20.00,1204.0,-93.32,-84.78,3
2016-08-14_15:01:20.00,1206.0,-90.79,-82.99,3
2016-08-14_15:01:20.00,1208.0,-92.5,-83.5,3
2016-08-14_15:01:20.00,1210.0,-92.07,-82.31,3
2016-08-14_15:01:20.00,1212.0,-86.98,-85.72,2
2016-08-14_15:01:20.00,1214.0,-86.78,-83.59,3
2016-08-14_15:01:20.00,1216.0,-89.53,-83.96,3
2016-08-14_15:01:20.00,1218.0,-86.45,-75.85,3
2016-08-14_15:01:20.00,1220.0,-90.86,-84.11,3
2016-08-14_15:01:20.00,1222.0,-87.79,-83.49,3
2016-08-14_15:01:20.00,1224.0,-89.97,-84.05,3
2016-08-14_15:01:20.00,1226.0,-90.49,-81.55,3
2016-08-14_15:01:20.00,1228.0,-94.69,-80.75,3
2016-08-14_15:01:20.00,1230.0,-94.53,-81.5,3
2016-08-14_15:01:20.00,1232.0,-93.13,-78.91,3
2016-08-14_15:01:20.00,1234.0,-88.65,-83.17,3
2016-08-14_15:01:20.00,1236.0,-88.19,-83.46,3
2016-08-14_15:01:20.00,1238.0,-91.06,-83.62,3
2016-08-14_15:01:20.00,1240.0,-93.88,-82.01,3
2016-08-14_15:01:20.00,1242.0,-93.29,-79.66,3
2016-08-14_15:01:20.00,1244.0,-89.95,-81.81,3
2016-08-14_15:01:20.00,1246.0,-92.39,-83.24,3
2016-08-14_15:01:20.00,1248.0,-89.49,-83.49,3
2016-08-14_15:01:20.00,1250.0,-90.48,-79.35,3
2016-08-14_15:01:20.00,1252.0,-95.0,-82.18,3
2016-08-14_15:01:20.00,1254.0,-92.74,-78.25,3
2016-08-14_15:01:20.00,1256.0,-89.03,-80.95,3
2016-08-14_15:01:20.00,1258.0,-90.53,-82.76,3
2016-08-14_15:01:20.00,1260.0,-94.49,-83.3,3
2016-08-14_15:01:20.00,1262.0,-88.29,-81.56,3
2016-08-14_15:01:20.00,1264.0,-91.87,-81.01,3
2016-08-14_15:01:20.00,1266.0,-94.41,-80.0,3
2016-08-14_15:01:20.00,1268.0,-87.6,-82.0,3
2016-08-14_15:01:30.00,1132.0,-87.59,-86.39,2
2016-08-14_15:01:30.00,1134.0,-87.09,-85.77,2
2016-08-14_15:01:30.00,1136.0,-85.46,-83.07,2
2016-08-14_15:01:30.00,1138.0,-90.1,-81.94,3
2016-08-14_15:01:30.00,1140.0,-82.91,-81.35,2
2016-08-14_15:01:30.00,1142.0,-85.61,-83.7,2
2016-08-14_15:01:30.00,1144.0,-85.56,-84.61,2
2016-08-14_15:01:30.00,1146.0,-87.33,-81.35,3
2016-08-14_15:01:30.00,1148.0,-90.11,-82.85,3
2016-08-14_15:01:30.00,1150.0,-87.71,-81.85,3
2016-08-14_15:01:30.00,1152.0,-89.33,-83.25,3
2016-08-14_15:01:30.00,1154.0,-89.44,-86.29,3
2016-08-14_15:01:30.00,1156.0,-90.57,-87.81,2
2016-08-14_15:01:30.00,1158.0,-88.63,-83.74,3
2016-08-14_15:01:30.00,1160.0,-82.38,-84.52,2
2016-08-14_15:01:30.00,1162.0,-82.58,-82.29,2
2016-08-14_15:01:30.00,1164.0,-88.57,-86.77,2
2016-08-14_15:01:30.00,1166.0,-90.21,-82.11,3
2016-08-14_15:01:30.00,1168.0,-90.83,-77.35,3
2016-08-14_15:01:30.00,1170.0,-83.59,-84.31,2
2016-08-14_15:01:30.00,1172.0,-85.7,-82.58,3
2016-08-14_15:01:30.00,1174.0,-90.59,-82.69,3
2016-08-14_15:01:30.00,1176.0,-88.28,-83.9,3
2016-08-14_15:01:30.00,1178.0,-87.6,-83.29,3
2016-08-14_15:01:30.00,1180.0,-92.94,-82.93,3
2016-08-14_15:01:30.00,1182.0,-90.6,-81.72,3
2016-08-14_15:01:30.00,1184.0,-90.57,-82.44,3
2016-08-14_15:01:30.00,1186.0,-87.69,-83.71,3
2016-08-14_15:01:30.00,1188.0,-87.65,-82.15,3
2016-08-14_15:01:30.00,1190.0,-93.85,-86.07,3
2016-08-14_15:01:30.00,1192.0,-86.19,-84.3,2
2016-08-14_15:01:30.00,1194.0,-87.77,-81.01,3
2016-08-14_15:01:30.00,1196.0,-91.47,-82.43,3
2016-08-14_15:01:30.00,1198.0,-91.34,-82.74,3
2016-08-14_15:01:30.00,1200.0,-90.25,-85.04,3
2016-08-14_15:01:30.00,1202.0,-94.79,-81.33,3
2016-08-14_15:01:30.00,1204.0,-89.88,-85.77,3
2016-08-14_15:01:30.00,1206.0,-92.15,-85.44,3
2016-08-14_15:01:30.00,1208.0,-89.78,-86.68,3
2016-08-14_15:01:30.00,1210.0,-89.75,-86.59,3
2016-08-14_15:01:30.00,1212.0,-92.14,-85.03,3
2016-08-14_15:01:30.00,1214.0,-92.24,-82.64,3
2016-08-14_15:01:30.00,1216.0,-89.33,-87.25,2
2016-08-14_15:01:30.00,1218.0,-89.64,-83.32,3
2016-08-14_15:01:30.00,1220.0,-89.42,-82.21,3
2016-08-14_15:01:30.00,1222.0,-89.2,-82.34,3
2016-08-14_15:01:30.00,1224.0,-90.4,-84.94,3
2016-08-14_15:01:30.00,1226.0,-89.46,-84.88,3
2016-08-14_15:01:30.00,1228.0,-90.13,-84.33,3
2016-08-14_15:01:30.00,1230.0,-89.14,-82.79,3
2016-08-14_15:01:30.00,1232.0,-88.46,-83.89,3
2016-08-14_15:01:30.00,1234.0,-87.01,-82.1,3
2016-08-14_15:01:30.00,1236.0,-92.13,-82.47,3
2016-08-14_15:01:30.00,1238.0,-87.72,-81.24,3
2016-08-14_15:01:30.00,1240.0,-88.27,-78.31,3
2016-08-14_15:01:30.00,1242.0,-91.47,-81.59,3
2016-08-14_15:01:30.00,1244.0,-89.63,-79.71,3
2016-08-14_15:01:30.00,1246.0,-86.97,-85.76,2
2016-08-14_15:01:30.00,1248.0,-90.79,-81.66,3
2016-08-14_15:01:30.00,1250.0,-91.68,-83.11,3
2016-08-14_15:01:30.00,1252.0,-91.92,-81.67,3
2016-08-14_15:01:30.00,1254.0,-92.48,-83.97,3
2016-08-14_15:01:30.00,1256.0,-89.06,-83.17,3
2016-08-14_15:01:30.00,1258.0,-89.92,-78.38,3
2016-08-14_15:01:30.00,1260.0,-87.55,-84.02,3
2016-08-14_15:01:30.00,1262.0,-89.93,-83.51,3
2016-08-14_15:01:30.00,1264.0,-89.83,-83.83,3
2016-08-14_15:01:30.00,1266.0,-91.58,-84.25,3
2016-08-14_15:01:40.00,1132.0,-85.76,-82.14,3
2016-08-14_15:01:40.00,1134.0,-86.22,-83.64,2
2016-08-14_15:01:40.00,1136.0,-85.56,-81.61,3
2016-08-14_15:01:40.00,1138.0,-86.21,-82.73,3
2016-08-14_15:01:40.00,1140.0,-85.77,-81.67,3
2016-08-14_15:01:40.00,1142.0,-86.87,-73.0,3
2016-08-14_15:01:40.00,1144.0,-84.98,-82.42,2
2016-08-14_15:01:40.00,1146.0,-85.76,-84.53,2
2016-08-14_15:01:40.00,1148.0,-87.71,-81.5,3
2016-08-14_15:01:40.00,1150.0,-88.03,-84.57,3
2016-08-14_15:01:40.00,1152.0,-91.63,-82.76,3
2016-08-14_15:01:40.00,1154.0,-89.98,-81.3,3
2016-08-14_15:01:40.00,1156.0,-85.67,-82.96,2
2016-08-14_15:01:40.00,1158.0,-87.25,-84.89,2
2016-08-14_15:01:40.00,1160.0,-91.03,-79.18,3
2016-08-14_15:01:40.00,1162.0,-86.77,-82.18,3
2016-08-14_15:01:40.00,1164.0,-88.44,-85.08,3
2016-08-14_15:01:40.00,1166.0,-88.98,-83.57,3
2016-08-14_15:01:40.00,1168.0,-81.92,-82.85,2
2016-08-14_15:01:40.00,1170.0,-85.26,-81.59,3
2016-08-14_15:01:40.00,1172.0,-87.53,-82.79,3
2016-08-14_15:01:40.00,1174.0,-86.88,-81.77,3
2016-08-14_15:01:40.00,1176.0,-87.97,-82.79,3
2016-08-14_15:01:40.00,1178.0,-88.81,-83.99,3
2016-08-14_15:01:40.00,1180.0,-91.07,-85.2,3
2016-08-14_15:01:40.00,1182.0,-92.73,-85.38,3
2016-08-14_15:01:40.00,1184.0,-88.14,-84.06,3
2016-08-14_15:01:40.00,1186.0,-91.62,-84.09,3
2016-08-14_15:01:40.00,1188.0,-91.83,-81.71,3
2016-08-14_15:01:40.00,1190.0,-90.43,-83.61,3
2016-08-14_15:01:40.00,1192.0,-86.36,-81.3,3
2016-08-14_15:01:40.00,1194.0,-87.51,-83.08,3
2016-08-14_15:01:40.00,1196.0,-90.62,-83.32,3
2016-08-14_15:01:40.00,1198.0,-90.4,-84.71,3
2016-08-14_15:01:40.00,1200.0,-90.83,-83.3,3
2016-08-14_15:01:40.00,1202.0,-95.24,-83.46,3
2016-08-14_15:01:40.00,1204.0,-89.84,-82.37,3
2016-08-14_15:01:40.00,1206.0,-89.87,-81.0,3
2016-08-14_15:01:40.00,1208.0,-90.93,-82.75,3
2016-08-14_15:01:40.00,1210.0,-89.85,-83.29,3
2016-08-14_15:01:40.00,1212.0,-90.06,-82.62,3
2016-08-14_15:01:40.00,1214.0,-89.11,-81.05,3
2016-08-14_15:01:40.00,1216.0,-89.46,-80.11,3
2016-08-14_15:01:40.00,1218.0,-88.44,-82.67,3
2016-08-14_15:01:40.00,1220.0,-89.26,-83.0,3
2016-08-14_15:01:40.00,1222.0,-79.91,-81.67,2
2016-08-14_15:01:40.00,1224.0,-86.37,-83.62,2
2016-08-14_15:01:40.00,1226.0,-87.0,-82.9,3
2016-08-14_15:01:40.00,1228.0,-90.62,-83.76,3
2016-08-14_15:01:40.00,1230.0,-89.47,-81.95,3
2016-08-14_15:01:40.00,1232.0,-91.29,-84.34,3
2016-08-14_15:01:40.00,1234.0,-92.32,-83.78,3
2016-08-14_15:01:40.00,1236.0,-87.26,-82.98,3
2016-08-14_15:01:40.00,1238.0,-89.89,-81.17,3
2016-08-14_15:01:40.00,1240.0,-66.68,-80.43,1
2016-08-14_15:01:40.00,1242.0,-72.11,-82.37,1
2016-08-14_15:01:40.00,1244.0,-87.81,-81.09,3
2016-08-14_15:01:40.00,1246.0,-83.72,-81.58,2
2016-08-14_15:01:40.00,1248.0,-87.52,-82.01,3
2016-08-14_15:01:40.00,1250.0,-91.12,-82.51,3
2016-08-14_15:01:40.00,1252.0,-88.96,-81.51,3
2016-08-14_15:01:40.00,1254.0,-91.7,-80.76,3
2016-08-14_15:01:40.00,1256.0,-83.56,-79.9,3
2016-08-14_15:01:40.00,1258.0,-88.94,-83.53,3
2016-08-14_15:01:40.00,1260.0,-89.35,-80.89,3
2016-08-14_15:01:40.00,1262.0,-87.33,-82.06,3
2016-08-14_15:01:40.00,1264.0,-89.86,-80.78,3
2016-08-14_15:01:40.00,1266.0,-81.3,-81.08,2
2016-08-14_15:01:50.00,1132.0,-81.59,-83.73,2
2016-08-14_15:01:50.00,1134.0,-83.52,-83.91,2
2016-08-14_15:01:50.00,1136.0,-85.79,-85.84,2
2016-08-14_15:01:50.00,1138.0,-90.18,-83.63,3
2016-08-14_15:01:50.00,1140.0,-91.54,-81.22,3
2016-08-14_15:01:50.00,1142.0,-87.86,-84.81,3
2016-08-14_15:01:50.00,1144.0,-86.64,-81.84,3
2016-08-14_15:01:50.00,1146.0,-86.16,-85.29,2
2016-08-14_15:01:50.00,1148.0,-87.86,-85.84,2
2016-08-14_15:01:50.00,1150.0,-87.18,-83.07,3
2016-08-14_15:01:50.00,1152.0,-85.85,-83.72,2
2016-08-14_15:01:50.00,1154.0,-92.41,-81.26,3
2016-08-14_15:01:50.00,1156.0,-89.95,-81.12,3
2016-08-14_15:01:50.00,1158.0,-88.75,-81.64,3
2016-08-14_15:01:50.00,1160.0,-85.28,-86.76,2
2016-08-14_15:01:50.00,1162.0,-89.21,-82.25,3
2016-08-14_15:01:50.00,1164.0,-92.04,-83.27,3
2016-08-14_15:01:50.00,1166.0,-89.22,-85.3,3
2016-08-14_15:01:50.00,1168.0,-87.73,-89.64,2
2016-08-14_15:01:50.00,1170.0,-93.54,-85.59,3
2016-08-14_15:01:50.00,1172.0,-88.02,-84.06,3
2016-08-14_15:01:50.00,1174.0,-85.58,-82.91,2
2016-08-14_15:01:50.00,1176.0,-91.11,-84.21,3
2016-08-14_15:01:50.00,1178.0,-90.42,-83.18,3
2016-08-14_15:01:50.00,1180.0,-90.66,-83.79,3
2016-08-14_15:01:50.00,1182.0,-94.48,-86.11,3
2016-08-14_15:01:50.00,1184.0,-91.68,-85.49,3
2016-08-14_15:01:50.00,1186.0,-90.78,-84.81,3
2016-08-14_15:01:50.00,1188.0,-89.13,-83.28,3
2016-08-14_15:01:50.00,1190.0,-88.26,-84.35,3
2016-08-14_15:01:50.00,1192.0,-91.11,-83.25,3
2016-08-14_15:01:50.00,1194.0,-86.29,-83.1,3
2016-08-14_15:01:50.00,1196.0,-94.4,-83.43,3
2016-08-14_15:01:50.00,1198.0,-83.88,-81.39,2
2016-08-14_15:01:50.00,1200.0,-84.47,-83.68,2
2016-08-14_15:01:50.00,1202.0,-88.78,-83.94,3
2016-08-14_15:01:50.00,1204.0,-88.3,-84.83,3
2016-08-14_15:01:50.00,1206.0,-83.43,-79.61,3
2016-08-14_15:01:50.00,1208.0,-59.6,-83.96,1
2016-08-14_15:01:50.00,1210.0,-79.4,-84.66,1
2016-08-14_15:01:50.00,1212.0,-86.63,-79.46,3
2016-08-14_15:01:50.00,1214.0,-85.07,-83.28,2
2016-08-14_15:01:50.00,1216.0,-92.59,-84.41,3
2016-08-14_15:01:50.00,1218.0,-91.06,-82.94,3
2016-08-14_15:01:50.00,1220.0,-79.65,-85.74,1
2016-08-14_15:01:50.00,1222.0,-89.94,-84.4,3
2016-08-14_15:01:50.00,1224.0,-90.91,-82.62,3
2016-08-14_15:01:50.00,1226.0,-88.83,-84.88,3
2016-08-14_15:01:50.00,1228.0,-85.19,-82.03,3
2016-08-14_15:01:50.00,1230.0,-87.76,-81.04,3
2016-08-14_15:01:50.00,1232.0,-91.38,-82.38,3
2016-08-14_15:01:50.00,1234.0,-93.61,-85.34,3
2016-08-14_15:01:50.00,1236.0,-91.25,-82.29,3
2016-08-14_15:01:50.00,1238.0,-91.61,-81.22,3
2016-08-14_15:01:50.00,1240.0,-95.02,-82.08,3
2016-08-14_15:01:50.00,1242.0,-94.04,-79.65,3
2016-08-14_15:01:50.00,1244.0,-92.77,-78.08,3
2016-08-14_15:01:50.00,1246.0,-88.87,-87.5,2
2016-08-14_15:01:50.00,1248.0,-89.47,-82.05,3
2016-08-14_15:01:50.00,1250.0,-91.29,-81.83,3
2016-08-14_15:01:50.00,1252.0,-88.65,-81.09,3
2016-08-14_15:01:50.00,1254.0,-92.72,-84.79,3
2016-08-14_15:01:50.00,1256.0,-93.7,-83.15,3
2016-08-14_15:01:50.00,1258.0,-88.63,-79.84,3
2016-08-14_15:01:50.00,1260.0,-92.35,-83.05,3
2016-08-14_15:01:50.00,1262.0,-89.17,-80.55,3
2016-08-14_15:01:50.00,1264.0,-94.28,-83.89,3
2016-08-14_15:01:50.00,1266.0,-96.06,-82.66,3
2016-08-14_15:02:00.00,1066.0,-85.43,-86.62,2
2016-08-14_15:02:00.00,1068.0,-86.83,-86.73,2
2016-08-14_15:02:00.00,1070.0,-91.04,-84.38,3
2016-08-14_15:02:00.00,1072.0,-89.36,-83.3,3
2016-08-14_15:02:00.00,1074.0,-82.51,-85.58,1
2016-08-14_15:02:00.00,1076.0,-83.51,-87.25,1
2016-08-14_15:02:00.00,1078.0,-93.93,-84.68,3
2016-08-14_15:02:00.00,1080.0,-85.91,-80.96,3
2016-08-14_15:02:00.00,1082.0,-92.3,-84.24,3
2016-08-14_15:02:00.00,1084.0,-93.76,-84.19,3
2016-08-14_15:02:00.00,1086.0,-93.18,-85.8,3
2016-08-14_15:02:00.00,1088.0,-86.63,-83.74,2
2016-08-14_15:02:00.00,1090.0,-89.98,-85.92,3
2016-08-14_15:02:00.00,1092.0,-92.78,-85.66,3
2016-08-14_15:02:00.00,1094.0,-87.82,-83.63,3
2016-08-14_15:02:00.00,1096.0,-88.94,-85.12,3
2016-08-14_15:02:00.00,1098.0,-86.54,-82.42,3
2016-08-14_15:02:00.00,1100.0,-88.3,-82.47,3
2016-08-14_15:02:00.00,1102.0,-89.01,-83.34,3
2016-08-14_15:02:00.00,1104.0,-89.96,-82.02,3
2016-08-14_15:02:00.00,1106.0,-85.07,-85.24,2
2016-08-14_15:02:00.00,1108.0,-86.57,-85.02,2
2016-08-14_15:02:00.00,1110.0,-90.54,-83.83,3
2016-08-14_15:02:00.00,1112.0,-86.82,-78.99,3
2016-08-14_15:02:00.00,1114.0,-87.07,-86.06,2
2016-08-14_15:02:00.00,1116.0,-84.54,-81.43,3
2016-08-14_15:02:00.00,1118.0,-82.13,-86.65,1
2016-08-14_15:02:00.00,1120.0,-86.71,-83.28,3
2016-08-14_15:02:00.00,1122.0,-87.42,-82.91,3
2016-08-14_15:02:00.00,1124.0,-86.88,-83.77,3
2016-08-14_15:02:00.00,1126.0,-86.39,-83.85,2
2016-08-14_15:02:00.00,1128.0,-85.2,-81.47,3
2016-08-14_15:02:00.00,1130.0,-86.23,-84.87,2
2016-08-14_15:02:00.00,1132.0,-87.77,-85.69,2
2016-08-14_15:02:00.00,1134.0,-86.29,-84.61,2
2016-08-14_15:02:00.00,1136.0,-83.03,-86.29,1
2016-08-14_15:02:00.00,1138.0,-82.88,-84.97,2
2016-08-14_15:02:00.00,1140.0,-88.1,-82.45,3
2016-08-14_15:02:00.00,1142.0,-89.05,-81.86,3
2016-08-14_15:02:00.00,1144.0,-89.48,-82.87,3
2016-08-14_15:02:00.00,1146.0,-85.31,-86.97,2
2016-08-14_15:02:00.00,1148.0,-85.86,-86.35,2
2016-08-14_15:02:00.00,1150.0,-84.31,-80.2,3
2016-08-14_15:02:00.00,1152.0,-85.39,-84.23,2
2016-08-14_15:02:00.00,1154.0,-86.14,-83.97,2
2016-08-14_15:02:00.00,1156.0,-86.97,-84.24,2
2016-08-14_15:02:00.00,1158.0,-85.52,-83.23,2
2016-08-14_15:02:00.00,1160.0,-91.22,-84.3,3
2016-08-14_15:02:00.00,1162.0,-89.79,-87.35,2
2016-08-14_15:02:00.00,1164.0,-88.06,-84.38,3
2016-08-14_15:02:00.00,1166.0,-88.4,-84.49,3
2016-08-14_15:02:00.00,1168.0,-91.73,-83.01,3
2016-08-14_15:02:00.00,1170.0,-86.55,-81.11,3
2016-08-14_15:02:00.00,1172.0,-92.08,-81.54,3
2016-08-14_15:02:00.00,1174.0,-88.9,-73.96,3
2016-08-14_15:02:00.00,1176.0,-88.93,-84.19,3
2016-08-14_15:02:00.00,1178.0,-93.12,-81.22,3
2016-08-14_15:02:00.00,1180.0,-92.44,-80.5,3
2016-08-14_15:02:00.00,1182.0,-92.66,-79.16,3
2016-08-14_15:02:00.00,1184.0,-92.05,-86.41,3
2016-08-14_15:02:00.00,1186.0,-91.08,-84.36,3
2016-08-14_15:02:00.00,1188.0,-87.09,-80.83,3
2016-08-14_15:02:00.00,1190.0,-87.65,-85.54,2
2016-08-14_15:02:00.00,1192.0,-92.17,-83.76,3
2016-08-14_15:02:10.00,1066.0,-84.86,-83.11,2
2016-08-14_15:02:10.00,1068.0,-85.85,-83.16,2
2016-08-14_15:02:10.00,1070.0,-90.45,-81.58,3
2016-08-14_15:02:10.00,1072.0,-87.98,-83.43,3
2016-08-14_15:02:10.00,1074.0,-90.36,-85.15,3
2016-08-14_15:02:10.00,1076.0,-87.79,-84.08,3
2016-08-14_15:02:10.00,1078.0,-85.11,-80.78,3
2016-08-14_15:02:10.00,1080.0,-89.18,-85.62,3
2016-08-14_15:02:10.00,1082.0,-82.76,-82.52,2
2016-08-14_15:02:10.00,1084.0,-88.05,-83.25,3
2016-08-14_15:02:10.00,1086.0,-85.73,-82.17,3
2016-08-14_15:02:10.00,1088.0,-90.48,-81.33,3
2016-08-14_15:02:10.00,1090.0,-87.43,-84.57,2
2016-08-14_15:02:10.00,1092.0,-91.18,-84.59,3
2016-08-14_15:02:10.00,1094.0,-86.22,-87.24,2
2016-08-14_15:02:10.00,1096.0,-85.01,-82.09,2
2016-08-14_15:02:10.00,1098.0,-87.3,-83.86,3
2016-08-14_15:02:10.00,1100.0,-89.98,-84.2,3
2016-08-14_15:02:10.00,1102.0,-93.47,-85.07,3
2016-08-14_15:02:10.00,1104.0,-88.4,-85.29,3
2016-08-14_15:02:10.00,1106.0,-88.65,-86.35,2
2016-08-14_15:02:10.00,1108.0,-85.92,-88.7,2
2016-08-14_15:02:10.00,1110.0,-80.31,-85.64,1
2016-08-14_15:02:10.00,1112.0,-74.65,-84.54,1
2016-08-14_15:02:10.00,1114.0,-75.28,-87.03,1
2016-08-14_15:02:10.00,1116.0,-68.56,-83.2,1
2016-08-14_15:02:10.00,1118.0,-62.7,-82.48,1
2016-08-14_15:02:10.00,1120.0,-78.14,-82.7,1
2016-08-14_15:02:10.00,1122.0,-83.1,-82.07,2
2016-08-14_15:02:10.00,1124.0,-76.97,-84.86,1
2016-08-14_15:02:10.00,1126.0,-77.84,-82.02,1
2016-08-14_15:02:10.00,1128.0,-80.26,-81.59,2
2016-08-14_15:02:10.00,1130.0,-76.8,-80.49,1
2016-08-14_15:02:10.00,1132.0,-75.63,-79.05,1
2016-08-14_15:02:10.00,1134.0,-74.14,-80.64,1
2016-08-14_15:02:10.00,1136.0,-73.89,-80.95,1
2016-08-14_15:02:10.00,1138.0,-73.78,-76.57,2
2016-08-14_15:02:10.00,1140.0,-74.16,-79.35,1
2016-08-14_15:02:10.00,1142.0,-73.77,-75.59,2
2016-08-14_15:02:10.00,1144.0,-71.72,-75.25,1
2016-08-14_15:02:10.00,1146.0,-72.68,-78.55,1
2016-08-14_15:02:10.00,1148.0,-70.95,-76.07,1
2016-08-14_15:02:10.00,1150.0,-71.55,-77.32,1
2016-08-14_15:02:10.00,1152.0,-76.41,-79.78,1
2016-08-14_15:02:10.00,1154.0,-74.17,-80.44,1
2016-08-14_15:02:10.00,1156.0,-76.1,-81.81,1
2016-08-14_15:02:10.00,1158.0,-79.93,-85.94,1
2016-08-14_15:02:10.00,1160.0,-79.1,-81.09,2
2016-08-14_15:02:10.00,1162.0,-79.46,-83.47,1
2016-08-14_15:02:10.00,1164.0,-83.6,-82.96,2
2016-08-14_15:02:10.00,1166.0,-84.39,-81.96,2
2016-08-14_15:02:10.00,1168.0,-82.23,-81.18,2
2016-08-14_15:02:10.00,1170.0,-85.2,-81.92,3
2016-08-14_15:02:10.00,1172.0,-81.41,-81.62,2
2016-08-14_15:02:10.00,1174.0,-84.19,-80.68,3
2016-08-14_15:02:10.00,1176.0,-85.25,-81.42,3
2016-08-14_15:02:10.00,1178.0,-82.97,-84.43,2
2016-08-14_15:02:10.00,1180.0,-83.79,-85.65,2
2016-08-14_15:02:10.00,1182.0,-86.76,-82.94,3
2016-08-14_15:02:10.00,1184.0,-86.44,-82.92,3
2016-08-14_15:02:10.00,1186.0,-87.75,-84.37,3
2016-08-14_15:02:10.00,1188.0,-88.6,-84.54,3
2016-08-14_15:02:10.00,1190.0,-84.97,-81.81,3
2016-08-14_15:02:10.00,1192.0,-86.42,-80.03,3
2016-08-14_15:02:20.00,1066.0,-85.2,-83.15,2
2016-08-14_15:02:20.00,1068.0,-85.69,-85.42,2
2016-08-14_15:02:20.00,1070.0,-88.88,-83.83,3
2016-08-14_15:02:20.00,1072.0,-85.85,-82.09,3
2016-08-14_15:02:20.00,1074.0,-87.15,-85.93,2
2016-08-14_15:02:20.00,1076.0,-88.12,-84.78,3
2016-08-14_15:02:20.00,1078.0,-89.16,-83.63,3
2016-08-14_15:02:20.00,1080.0,-92.58,-85.48,3
2016-08-14_15:02:20.00,1082.0,-89.83,-86.7,3
2016-08-14_15:02:20.00,1084.0,-89.73,-87.19,2
2016-08-14_15:02:20.00,1086.0,-87.98,-82.43,3
2016-08-14_15:02:20.00,1088.0,-86.34,-82.75,3
2016-08-14_15:02:20.00,1090.0,-89.43,-86.24,3
2016-08-14_15:02:20.00,1092.0,-82.45,-85.49,1
2016-08-14_15:02:20.00,1094.0,-86.44,-85.14,2
2016-08-14_15:02:20.00,1096.0,-89.83,-85.0,3
2016-08-14_15:02:20.00,1098.0,-88.63,-84.74,3
2016-08-14_15:02:20.00,1100.0,-90.61,-84.82,3
2016-08-14_15:02:20.00,1102.0,-86.84,-85.81,2
2016-08-14_15:02:20.00,1104.0,-94.02,-83.68,3
2016-08-14_15:02:20.00,1106.0,-85.97,-84.9,2
2016-08-14_15:02:20.00,1108.0,-89.88,-84.26,3
2016-08-14_15:02:20.00,1110.0,-88.42,-83.1,3
2016-08-14_15:02:20.00,1112.0,-86.15,-82.95,3
2016-08-14_15:02:20.00,1114.0,-84.81,-82.27,2
2016-08-14_15:02:20.00,1116.0,-83.72,-82.92,2
2016-08-14_15:02:20.00,1118.0,-86.48,-84.77,2
2016-08-14_15:02:20.00,1120.0,-88.46,-83.49,3
2016-08-14_15:02:20.00,1122.0,-84.79,-83.57,2
2016-08-14_15:02:20.00,1124.0,-83.47,-83.08,2
2016-08-14_15:02:20.00,1126.0,-83.54,-81.5,2
2016-08-14_15:02:20.00,1128.0,-86.01,-84.07,2
2016-08-14_15:02:20.00,1130.0,-85.91,-84.58,2
2016-08-14_15:02:20.00,1132.0,-86.4,-85.17,2
2016-08-14_15:02:20.00,1134.0,-90.82,-79.29,3
2016-08-14_15:02:20.00,1136.0,-87.67,-81.31,3
2016-08-14_15:02:20.00,1138.0,-88.6,-84.4,3
2016-08-14_15:02:20.00,1140.0,-88.5,-82.72,3
2016-08-14_15:02:20.00,1142.0,-91.66,-82.61,3
2016-08-14_15:02:20.00,1144.0,-87.41,-84.94,2
2016-08-14_15:02:20.00,1146.0,-88.89,-86.14,2
2016-08-14_15:02:20.00,1148.0,-87.47,-84.88,2
2016-08-14_15:02:20.00,1150.0,-91.7,-84.05,3
2016-08-14_15:02:20.00,1152.0,-87.32,-82.75,3
2016-08-14_15:02:20.00,1154.0,-86.67,-81.59,3
2016-08-14_15:02:20.00,1156.0,-88.25,-85.83,2
2016-08-14_15:02:20.00,1158.0,-89.85,-82.91,3
2016-08-14_15:02:20.00,1160.0,-89.81,-82.59,3
2016-08-14_15:02:20.00,1162.0,-88.9,-83.3,3
2016-08-14_15:02:20.00,1164.0,-88.59,-81.78,3
2016-08-14_15:02:20.00,1166.0,-87.41,-82.28,3
2016-08-14_15:02:20.00,1168.0,-82.84,-83.39,2
2016-08-14_15:02:20.00,1170.0,-86.83,-84.1,2
2016-08-14_15:02:20.00,1172.0,-89.2,-84.27,3
2016-08-14_15:02:20.00,1174.0,-90.63,-82.11,3
2016-08-14_15:02:20.00,1176.0,-89.34,-83.71,3
2016-08-14_15:02:20.00,1178.0,-89.94,-82.75,3
2016-08-14_15:02:20.00,1180.0,-90.62,-83.9,3
2016-08-14_15:02:20.00,1182.0,-91.87,-84.84,3
2016-08-14_15:02:20.00,1184.0,-91.6,-81.14,3
2016-08-14_15:02:20.00,1186.0,-91.55,-81.29,3
2016-08-14_15:02:20.00,1188.0,-89.1,-82.87,3
2016-08-14_15:02:20.00,1190.0,-92.36,-80.23,3
2016-08-14_15:02:20.00,1192.0,-85.86,-83.37,2
2016-08-14_15:02:30.00,1000.0,-82.34,-80.68,2
2016-08-14_15:02:30.00,1002.0,-81.77,-85.14,1
2016-08-14_15:02:30.00,1004.0,-83.6,-84.76,2
2016-08-14_15:02:30.00,1006.0,-83.51,-85.23,2
2016-08-14_15:02:30.00,1008.0,-81.73,-81.88,2
2016-08-14_15:02:30.00,1010.0,-85.23,-85.41,2
2016-08-14_15:02:30.00,1012.0,-81.51,-81.44,2
2016-08-14_15:02:30.00,1014.0,-82.38,-87.32,1
2016-08-14_15:02:30.00,1016.0,-86.21,-87.07,2
2016-08-14_15:02:30.00,1018.0,-83.92,-88.33,1
2016-08-14_15:02:30.00,1020.0,-91.52,-87.85,3
2016-08-14_15:02:30.00,1022.0,-82.31,-88.52,1
2016-08-14_15:02:30.00,1024.0,-76.83,-85.68,1
2016-08-14_15:02:30.00,1026.0,-82.8,-87.62,1
2016-08-14_15:02:30.00,1028.0,-80.65,-84.96,1
2016-08-14_15:02:30.00,1030.0,-80.47,-86.95,1
2016-08-14_15:02:30.00,1032.0,-88.01,-84.84,3
2016-08-14_15:02:30.00,1034.0,-87.36,-85.43,2
2016-08-14_15:02:30.00,1036.0,-81.85,-81.58,2
2016-08-14_15:02:30.00,1038.0,-85.51,-82.48,3
2016-08-14_15:02:30.00,1040.0,-89.27,-84.02,3
2016-08-14_15:02:30.00,1042.0,-81.79,-81.08,2
2016-08-14_15:02:30.00,1044.0,-82.96,-81.46,2
2016-08-14_15:02:30.00,1046.0,-90.54,-85.04,3
2016-08-14_15:02:30.00,1048.0,-84.12,-83.34,2
2016-08-14_15:02:30.00,1050.0,-86.55,-88.49,2
2016-08-14_15:02:30.00,1052.0,-88.08,-83.7,3
2016-08-14_15:02:30.00,1054.0,-82.92,-85.01,2
2016-08-14_15:02:30.00,1056.0,-80.0,-84.05,1
2016-08-14_15:02:30.00,1058.0,-83.11,-85.21,2
2016-08-14_15:02:30.00,1060.0,-82.39,-80.45,2
2016-08-14_15:02:30.00,1062.0,-83.41,-86.97,1
2016-08-14_15:02:30.00,1064.0,-84.81,-82.58,2
2016-08-14_15:02:30.00,1066.0,-85.58,-86.1,2
2016-08-14_15:02:30.00,1068.0,-86.95,-83.63,3
2016-08-14_15:02:30.00,1070.0,-83.78,-85.95,2
2016-08-14_15:02:30.00,1072.0,-84.98,-82.65,2
2016-08-14_15:02:30.00,1074.0,-84.91,-85.2,2
2016-08-14_15:02:30.00,1076.0,-90.57,-85.14,3
2016-08-14_15:02:30.00,1078.0,-85.99,-84.69,2
2016-08-14_15:02:30.00,1080.0,-90.34,-88.16,2
2016-08-14_15:02:30.00,1082.0,-93.34,-88.44,3
2016-08-14_15:02:30.00,1084.0,-89.81,-86.01,3
2016-08-14_15:02:30.00,1086.0,-89.16,-82.86,3
2016-08-14_15:02:30.00,1088.0,-86.43,-80.38,3
2016-08-14_15:02:30.00,1090.0,-86.86,-82.16,3
2016-08-14_15:02:30.00,1092.0,-85.09,-87.89,2
2016-08-14_15:02:30.00,1094.0,-84.29,-88.71,1
2016-08-14_15:02:30.00,1096.0,-87.62,-84.01,3
2016-08-14_15:02:30.00,1098.0,-84.53,-83.26,2
2016-08-14_15:02:30.00,1100.0,-88.95,-86.53,2
2016-08-14_15:02:30.00,1102.0,-94.1,-86.92,3
2016-08-14_15:02:30.00,1104.0,-86.38,-85.36,2
2016-08-14_15:02:30.00,1106.0,-87.24,-86.98,2
2016-08-14_15:02:30.00,1108.0,-87.48,-85.29,2
2016-08-14_15:02:30.00,1110.0,-88.06,-87.18,2
2016-08-14_15:02:30.00,1112.0,-86.91,-84.32,2
2016-08-14_15:02:30.00,1114.0,-88.5,-82.6,3
2016-08-14_15:02:30.00,1116.0,-87.89,-86.03,2
2016-08-14_15:02:30.00,1118.0,-88.87,-84.16,3
2016-08-14_15:02:40.00,1000.0,-87.4,-85.42,2
2016-08-14_15:02:40.00,1002.0,-82.9,-82.31,2
2016-08-14_15:02:40.00,1004.0,-78.98,-79.22,2
2016-08-14_15:02:40.00,1006.0,-87.9,-84.98,2
2016-08-14_15:02:40.00,1008.0,-87.38,-83.17,3
2016-08-14_15:02:40.00,1010.0,-82.5,-82.98,2
2016-08-14_15:02:40.00,1012.0,-81.63,-82.96,2
2016-08-14_15:02:40.00,1014.0,-84.14,-84.63,2
2016-08-14_15:02:40.00,1016.0,-80.2,-84.61,1
2016-08-14_15:02:40.00,1018.0,-87.27,-85.79,2
2016-08-14_15:02:40.00,1020.0,-81.74,-85.33,1
2016-08-14_15:02:40.00,1022.0,-82.74,-85.81,1
2016-08-14_15:02:40.00,1024.0,-81.25,-82.93,2
2016-08-14_15:02:40.00,1026.0,-86.24,-84.62,2
2016-08-14_15:02:40.00,1028.0,-87.71,-83.08,3
2016-08-14_15:02:40.00,1030.0,-87.15,-82.19,3
2016-08-14_15:02:40.00,1032.0,-90.89,-84.1,3
2016-08-14_15:02:40.00,1034.0,-84.72,-82.11,2
2016-08-14_15:02:40.00,1036.0,-92.76,-82.9,3
2016-08-14_15:02:40.00,1038.0,-85.15,-82.35,2
2016-08-14_15:02:40.00,1040.0,-87.02,-84.63,2
2016-08-14_15:02:40.00,1042.0,-82.91,-80.68,2
2016-08-14_15:02:40.00,1044.0,-88.49,-84.19,3
2016-08-14_15:02:40.00,1046.0,-81.18,-83.61,2
2016-08-14_15:02:40.00,1048.0,-85.11,-83.59,2
2016-08-14_15:02:40.00,1050.0,-92.63,-85.3,3
2016-08-14_15:02:40.00,1052.0,-85.7,-83.24,2
2016-08-14_15:02:40.00,1054.0,-89.15,-83.73,3
2016-08-14_15:02:40.00,1056.0,-84.71,-86.38,2
2016-08-14_15:02:40.00,1058.0,-84.6,-85.14,2
2016-08-14_15:02:40.00,1060.0,-87.07,-87.45,2
2016-08-14_15:02:40.00,1062.0,-84.96,-83.45,2
2016-08-14_15:02:40.00,1064.0,-87.21,-84.93,2
2016-08-14_15:02:40.00,1066.0,-83.48,-82.35,2
2016-08-14_15:02:40.00,1068.0,-84.4,-85.09,2
2016-08-14_15:02:40.00,1070.0,-89.83,-86.19,3
2016-08-14_15:02:40.00,1072.0,-84.75,-85.08,2
2016-08-14_15:02:40.00,1074.0,-93.17,-84.83,3
2016-08-14_15:02:40.00,1076.0,-84.06,-86.08,2
2016-08-14_15:02:40.00,1078.0,-87.46,-86.28,2
2016-08-14_15:02:40.00,1080.0,-85.49,-85.97,2
2016-08-14_15:02:40.00,1082.0,-89.54,-83.75,3
2016-08-14_15:02:40.00,1084.0,-96.84,-83.57,3
2016-08-14_15:02:40.00,1086.0,-87.7,-85.33,2
2016-08-14_15:02:40.00,1088.0,-86.36,-81.82,3
2016-08-14_15:02:40.00,1090.0,-85.26,-81.22,3
2016-08-14_15:02:40.00,1092.0,-86.88,-87.12,2
2016-08-14_15:02:40.00,1094.0,-87.82,-82.77,3
2016-08-14_15:02:40.00,1096.0,-83.06,-84.71,2
2016-08-14_15:02:40.00,1098.0,-86.66,-84.27,2
2016-08-14_15:02:40.00,1100.0,-84.05,-83.29,2
2016-08-14_15:02:40.00,1102.0,-83.43,-87.19,1
2016-08-14_15:02:40.00,1104.0,-85.65,-85.53,2
2016-08-14_15:02:40.00,1106.0,-83.37,-87.2,1
2016-08-14_15:02:40.00,1108.0,-83.81,-84.21,2
2016-08-14_15:02:40.00,1110.0,-83.87,-85.49,2
2016-08-14_15:02:40.00,1112.0,-86.17,-84.71,2
2016-08-14_15:02:40.00,1114.0,-83.72,-84.26,2
2016-08-14_15:02:40.00,1116.0,-84.39,-82.24,2
2016-08-14_15:02:40.00,1118.0,-86.89,-84.72,2
2016-08-14_15:02:50.00,974.0,-77.14,-87.52,1
2016-08-14_15:02:50.00,976.0,-86.67,-81.78,3
2016-08-14_15:02:50.00,978.0,-82.38,-82.51,2
2016-08-14_15:02:50.00,980.0,-83.57,-83.64,2
2016-08-14_15:02:50.00,982.0,-82.58,-82.06,2
2016-08-14_15:02:50.00,984.0,-83.59,-79.34,3
2016-08-14_15:02:50.00,986.0,-88.42,-86.16,2
2016-08-14_15:02:50.00,988.0,-84.09,-82.66,2
2016-08-14_15:02:50.00,990.0,-82.05,-84.34,2
2016-08-14_15:02:50.00,992.0,-85.3,-84.03,2
2016-08-14_15:02:50.00,994.0,-79.33,-83.23,1
2016-08-14_15:02:50.00,996.0,-82.13,-86.05,1
2016-08-14_15:02:50.00,998.0,-81.36,-85.01,1
2016-08-14_15:02:50.00,1000.0,-81.55,-85.3,1
2016-08-14_15:02:50.00,1002.0,-83.02,-82.22,2
2016-08-14_15:02:50.00,1004.0,-81.44,-83.91,2
2016-08-14_15:02:50.00,1006.0,-84.27,-85.75,2
2016-08-14_15:02:50.00,1008.0,-85.36,-78.98,3
2016-08-14_15:02:50.00,1010.0,-81.71,-81.1,2
2016-08-14_15:02:50.00,1012.0,-84.49,-87.26,2
2016-08-14_15:02:50.00,1014.0,-83.13,-83.58,2
2016-08-14_15:02:50.00,1016.0,-83.26,-81.87,2
2016-08-14_15:02:50.00,1018.0,-85.19,-82.13,3
2016-08-14_15:02:50.00,1020.0,-83.02,-82.77,2
2016-08-14_15:02:50.00,1022.0,-83.67,-83.99,2
2016-08-14_15:02:50.00,1024.0,-85.11,-83.21,2
2016-08-14_15:02:50.00,1026.0,-85.19,-85.29,2
2016-08-14_15:02:50.00,1028.0,-86.04,-87.21,2
2016-08-14_15:02:50.00,1030.0,-86.95,-85.19,2
2016-08-14_15:02:50.00,1032.0,-87.75,-86.32,2
2016-08-14_15:02:50.00,1034.0,-90.66,-83.88,3
2016-08-14_15:02:50.00,1036.0,-82.92,-85.78,2
2016-08-14_15:02:50.00,1038.0,-90.94,-82.58,3
2016-08-14_15:02:50.00,1040.0,-86.91,-85.85,2
2016-08-14_15:02:50.00,1042.0,-80.89,-85.07,1
2016-08-14_15:02:50.00,1044.0,-82.04,-83.38,2
2016-08-14_15:02:50.00,1046.0,-89.12,-81.31,3
2016-08-14_15:02:50.00,1048.0,-89.48,-83.51,3
2016-08-14_15:02:50.00,1050.0,-88.19,-87.7,2
2016-08-14_15:02:50.00,1052.0,-88.0,-84.91,3
2016-08-14_15:02:50.00,1054.0,-84.33,-82.84,2
2016-08-14_15:02:50.00,1056.0,-83.04,-82.48,2
2016-08-14_15:02:50.00,1058.0,-87.79,-88.48,2
2016-08-14_15:02:50.00,1060.0,-87.33,-83.18,3
2016-08-14_15:02:50.00,1062.0,-86.55,-83.75,2
2016-08-14_15:02:50.00,1064.0,-87.73,-83.33,3
2016-08-14_15:02:50.00,1066.0,-86.98,-85.47,2
2016-08-14_15:02:50.00,1068.0,-84.85,-83.73,2
2016-08-14_15:02:50.00,1070.0,-89.63,-84.81,3
2016-08-14_15:02:50.00,1072.0,-88.24,-86.71,2
2016-08-14_15:02:50.00,1074.0,-84.91,-88.03,1
2016-08-14_15:02:50.00,1076.0,-91.84,-82.13,3
2016-08-14_15:02:50.00,1078.0,-86.42,-85.68,2
2016-08-14_15:02:50.00,1080.0,-89.8,-85.83,3
2016-08-14_15:02:50.00,1082.0,-89.58,-83.28,3
2016-08-14_15:02:50.00,1084.0,-86.0,-80.72,3
2016-08-14_15:02:50.00,1086.0,-91.27,-85.45,3
2016-08-14_15:02:50.00,1088.0,-87.55,-83.78,3
2016-08-14_15:02:50.00,1090.0,-88.65,-82.29,3
2016-08-14_15:03:00.00,916.0,-80.0,-83.91,1
2016-08-14_15:03:00.00,918.0,-78.69,-81.84,1
2016-08-14_15:03:00.00,920.0,-78.37,-82.29,1
2016-08-14_15:03:00.00,922.0,-81.29,-81.73,2
2016-08-14_15:03:00.00,924.0,-76.44,-81.87,1
2016-08-14_15:03:00.00,926.0,-78.02,-81.8,1
2016-08-14_15:03:00.00,928.0,-77.81,-76.99,2
2016-08-14_15:03:00.00,930.0,-77.29,-78.49,2
2016-08-14_15:03:00.00,932.0,-78.38,-82.36,1
2016-08-14_15:03:00.00,934.0,-80.87,-80.71,2
2016-08-14_15:03:00.00,936.0,-78.07,-80.14,2
2016-08-14_15:03:00.00,938.0,-79.79,-82.5,2
2016-08-14_15:03:00.00,940.0,-78.17,-81.45,1
2016-08-14_15:03:00.00,942.0,-77.17,-83.03,1
2016-08-14_15:03:00.00,944.0,-80.16,-86.58,1
2016-08-14_15:03:00.00,946.0,-83.51,-79.33,3
2016-08-14_15:03:00.00,948.0,-81.14,-83.19,2
2016-08-14_15:03:00.00,950.0,-79.25,-79.59,2
2016-08-14_15:03:00.00,952.0,-78.8,-82.18,1
2016-08-14_15:03:00.00,954.0,-82.37,-81.39,2
2016-08-14_15:03:00.00,956.0,-83.68,-81.34,2
2016-08-14_15:03:00.00,958.0,-80.6,-80.56,2
2016-08-14_15:03:00.00,960.0,-82.53,-83.32,2
2016-08-14_15:03:00.00,962.0,-80.41,-82.67,2
2016-08-14_15:03:00.00,964.0,-79.77,-82.59,2
2016-08-14_15:03:00.00,966.0,-81.07,-84.18,1
2016-08-14_15:03:00.00,968.0,-79.82,-83.33,1
2016-08-14_15:03:00.00,970.0,-82.15,-84.98,2
2016-08-14_15:03:00.00,972.0,-81.55,-85.19,1
2016-08-14_15:03:00.00,974.0,-78.93,-84.25,1
2016-08-14_15:03:00.00,976.0,-76.47,-84.7,1
2016-08-14_15:03:00.00,978.0,-82.77,-81.74,2
2016-08-14_15:03:00.00,980.0,-80.8,-83.46,2
2016-08-14_15:03:00.00,982.0,-83.24,-81.44,2
2016-08-14_15:03:00.00,984.0,-83.86,-82.96,2
2016-08-14_15:03:00.00,986.0,-80.8,-80.0,2
2016-08-14_15:03:00.00,988.0,-81.8,-81.75,2
2016-08-14_15:03:00.00,990.0,-83.6,-83.49,2
2016-08-14_15:03:00.00,992.0,-83.97,-79.02,3
2016-08-14_15:03:00.00,994.0,-80.84,-83.29,2
2016-08-14_15:03:00.00,996.0,-79.73,-81.6,2
2016-08-14_15:03:00.00,998.0,-82.88,-82.66,2
2016-08-14_15:03:00.00,1000.0,-83.5,-87.16,1
2016-08-14_15:03:00.00,1002.0,-82.9,-85.99,1
2016-08-14_15:03:00.00,1004.0,-81.6,-84.39,2
2016-08-14_15:03:00.00,1006.0,-84.56,-81.37,3
2016-08-14_15:03:00.00,1008.0,-82.49,-85.49,2
2016-08-14_15:03:00.00,1010.0,-81.84,-83.66,2
2016-08-14_15:03:00.00,1012.0,-84.3,-82.63,2
2016-08-14_15:03:00.00,1014.0,-82.01,-83.47,2
2016-08-14_15:03:00.00,1016.0,-84.59,-82.04,2
2016-08-14_15:03:00.00,1018.0,-86.08,-83.42,2
2016-08-14_15:03:00.00,1020.0,-87.76,-83.95,3
2016-08-14_15:03:00.00,1022.0,-84.97,-84.75,2
2016-08-14_15:03:00.00,1024.0,-81.97,-85.34,1
2016-08-14_15:03:00.00,1026.0,-87.15,-86.66,2
2016-08-14_15:03:10.00,886.0,-84.13,-84.37,2
2016-08-14_15:03:10.00,888.0,-85.25,-77.95,3
2016-08-14_15:03:10.00,890.0,-78.28,-86.36,1
2016-08-14_15:03:10.00,892.0,-82.2,-80.24,2
2016-08-14_15:03:10.00,894.0,-82.41,-84.22,2
2016-08-14_15:03:10.00,896.0,-80.2,-84.18,1
2016-08-14_15:03:10.00,898.0,-82.98,-85.29,2
2016-08-14_15:03:10.00,900.0,-85.0,-84.18,2
2016-08-14_15:03:10.00,902.0,-78.63,-84.94,1
2016-08-14_15:03:10.00,904.0,-82.09,-83.74,2
2016-08-14_15:03:10.00,906.0,-81.53,-82.83,2
2016-08-14_15:03:10.00,908.0,-87.34,-85.83,2
2016-08-14_15:03:10.00,910.0,-81.95,-85.42,1
2016-08-14_15:03:10.00,912.0,-75.71,-87.93,1
2016-08-14_15:03:10.00,914.0,-79.48,-81.96,2
2016-08-14_15:03:10.00,916.0,-75.63,-81.44,1
2016-08-14_15:03:10.00,918.0,-80.68,-80.55,2
2016-08-14_15:03:10.00,920.0,-80.57,-85.53,1
2016-08-14_15:03:10.00,922.0,-74.5,-78.9,1
2016-08-14_15:03:10.00,924.0,-79.08,-81.78,2
2016-08-14_15:03:10.00,926.0,-80.16,-78.23,2
2016-08-14_15:03:10.00,928.0,-76.02,-79.33,1
2016-08-14_15:03:10.00,930.0,-75.8,-79.66,1
2016-08-14_15:03:10.00,932.0,-79.54,-81.59,2
2016-08-14_15:03:10.00,934.0,-80.26,-80.05,2
2016-08-14_15:03:10.00,936.0,-79.32,-85.24,1
2016-08-14_15:03:10.00,938.0,-83.9,-77.88,3
2016-08-14_15:03:10.00,940.0,-80.63,-81.01,2
2016-08-14_15:03:10.00,942.0,-83.17,-81.12,2
2016-08-14_15:03:10.00,944.0,-80.64,-82.71,2
2016-08-14_15:03:10.00,946.0,-83.8,-81.1,2
2016-08-14_15:03:10.00,948.0,-82.2,-82.67,2
2016-08-14_15:03:10.00,950.0,-80.89,-80.42,2
2016-08-14_15:03:10.00,952.0,-82.3,-82.33,2
2016-08-14_15:03:10.00,954.0,-77.71,-83.15,1
2016-08-14_15:03:10.00,956.0,-80.76,-79.34,2
2016-08-14_15:03:10.00,958.0,-82.74,-82.88,2
2016-08-14_15:03:10.00,960.0,-81.88,-81.74,2
2016-08-14_15:03:10.00,962.0,-77.94,-81.41,1
2016-08-14_15:03:10.00,964.0,-75.37,-82.74,1
2016-08-14_15:03:10.00,966.0,-83.89,-84.03,2
2016-08-14_15:03:10.00,968.0,-81.36,-81.38,2
2016-08-14_15:03:10.00,970.0,-85.52,-81.94,3
2016-08-14_15:03:10.00,972.0,-81.23,-80.55,2
2016-08-14_15:03:10.00,974.0,-84.17,-83.66,2
2016-08-14_15:03:10.00,976.0,-77.89,-82.27,1
2016-08-14_15:03:10.00,978.0,-79.03,-80.65,2
2016-08-14_15:03:10.00,980.0,-80.9,-84.56,1
2016-08-14_15:03:10.00,982.0,-85.48,-80.61,3
2016-08-14_15:03:10.00,984.0,-83.64,-83.53,2
2016-08-14_15:03:10.00,986.0,-85.8,-86.9,2
2016-08-14_15:03:10.00,988.0,-80.91,-80.97,2
2016-08-14_15:03:10.00,990.0,-85.98,-82.6,3
2016-08-14_15:03:10.00,992.0,-81.84,-79.95,2
2016-08-14_15:03:10.00,994.0,-85.01,-85.15,2
2016-08-14_15:03:20.00,810.0,-76.87,-81.66,1
2016-08-14_15:03:20.00,812.0,-79.06,-81.87,2
2016-08-14_15:03:20.00,814.0,-76.61,-77.42,2
2016-08-14_15:03:20.00,816.0,-83.12,-78.36,3
2016-08-14_15:03:20.00,818.0,-81.18,-80.53,2
2016-08-14_15:03:20.00,820.0,-84.09,-79.02,3
2016-08-14_15:03:20.00,822.0,-83.59,-83.66,2
2016-08-14_15:03:20.00,824.0,-78.49,-83.09,1
2016-08-14_15:03:20.00,826.0,-76.8,-84.09,1
2016-08-14_15:03:20.00,828.0,-83.58,-84.99,2
2016-08-14_15:03:20.00,830.0,-80.63,-86.02,1
2016-08-14_15:03:20.00,832.0,-80.34,-80.65,2
2016-08-14_15:03:20.00,834.0,-79.97,-78.79,2
2016-08-14_15:03:20.00,836.0,-74.77,-81.1,1
2016-08-14_15:03:20.00,838.0,-74.57,-81.62,1
2016-08-14_15:03:20.00,840.0,-84.94,-83.9,2
2016-08-14_15:03:20.00,842.0,-76.46,-83.64,1
2016-08-14_15:03:20.00,844.0,-74.87,-81.19,1
2016-08-14_15:03:20.00,846.0,-74.33,-80.19,1
2016-08-14_15:03:20.00,848.0,-76.02,-80.76,1
2016-08-14_15:03:20.00,850.0,-79.62,-81.5,2
2016-08-14_15:03:20.00,852.0,-79.24,-80.66,2
2016-08-14_15:03:20.00,854.0,-77.99,-83.03,1
2016-08-14_15:03:20.00,856.0,-75.03,-82.45,1
2016-08-14_15:03:20.00,858.0,-76.75,-84.31,1
2016-08-14_15:03:20.00,860.0,-81.12,-79.45,2
2016-08-14_15:03:20.00,862.0,-75.98,-84.2,1
2016-08-14_15:03:20.00,864.0,-79.78,-83.76,1
2016-08-14_15:03:20.00,866.0,-80.2,-81.9,2
2016-08-14_15:03:20.00,868.0,-77.06,-78.87,2
2016-08-14_15:03:20.00,870.0,-79.03,-79.18,2
2016-08-14_15:03:20.00,872.0,-76.78,-81.46,1
2016-08-14_15:03:20.00,874.0,-76.95,-78.72,2
2016-08-14_15:03:20.00,876.0,-77.2,-86.3,1
2016-08-14_15:03:20.00,878.0,-78.46,-86.1,1
2016-08-14_15:03:20.00,880.0,-77.66,-80.55,2
2016-08-14_15:03:20.00,882.0,-81.13,-81.73,2
2016-08-14_15:03:20.00,884.0,-83.12,-77.33,3
2016-08-14_15:03:20.00,886.0,-78.93,-85.27,1
2016-08-14_15:03:20.00,888.0,-76.17,-79.67,1
2016-08-14_15:03:20.00,890.0,-79.09,-84.73,1
2016-08-14_15:03:20.00,892.0,-84.12,-82.47,2
2016-08-14_15:03:20.00,894.0,-86.57,-84.04,2
2016-08-14_15:03:20.00,896.0,-79.51,-90.34,1
2016-08-14_15:03:20.00,898.0,-78.29,-87.76,1
2016-08-14_15:03:20.00,900.0,-79.87,-86.16,1
2016-08-14_15:03:20.00,902.0,-79.75,-86.49,1
2016-08-14_15:03:20.00,904.0,-84.03,-84.04,2
2016-08-14_15:03:20.00,906.0,-78.11,-83.03,1
2016-08-14_15:03:20.00,908.0,-81.0,-85.15,1
2016-08-14_15:03:30.00,772.0,-80.57,-81.37,2
2016-08-14_15:03:30.00,774.0,-75.97,-86.39,1
2016-08-14_15:03:30.00,776.0,-79.64,-81.15,2
2016-08-14_15:03:30.00,778.0,-78.55,-84.82,1
2016-08-14_15:03:30.00,780.0,-81.93,-84.3,2
2016-08-14_15:03:30.00,782.0,-82.34,-86.58,1
2016-08-14_15:03:30.00,784.0,-83.18,-82.6,2
2016-08-14_15:03:30.00,786.0,-76.34,-79.2,2
2016-08-14_15:03:30.00,788.0,-78.37,-79.6,2
2016-08-14_15:03:30.00,790.0,-79.85,-84.04,1
2016-08-14_15:03:30.00,792.0,-83.06,-80.96,2
2016-08-14_15:03:30.00,794.0,-74.06,-78.74,1
2016-08-14_15:03:30.00,796.0,-79.38,-83.8,1
2016-08-14_15:03:30.00,798.0,-75.91,-84.44,1
2016-08-14_15:03:30.00,800.0,-79.36,-81.23,2
2016-08-14_15:03:30.00,802.0,-80.38,-77.1,3
2016-08-14_15:03:30.00,804.0,-84.16,-86.4,2
2016-08-14_15:03:30.00,806.0,-78.01,-82.63,1
2016-08-14_15:03:30.00,808.0,-78.89,-78.72,2
2016-08-14_15:03:30.00,810.0,-80.03,-80.86,2
2016-08-14_15:03:30.00,812.0,-77.01,-82.39,1
2016-08-14_15:03:30.00,814.0,-79.77,-82.2,2
2016-08-14_15:03:30.00,816.0,-82.39,-79.2,3
2016-08-14_15:03:30.00,818.0,-76.64,-80.11,1
2016-08-14_15:03:30.00,820.0,-79.79,-82.58,2
2016-08-14_15:03:30.00,822.0,-75.24,-79.35,1
2016-08-14_15:03:30.00,824.0,-76.18,-78.47,2
2016-08-14_15:03:30.00,826.0,-71.1,-83.24,1
2016-08-14_15:03:30.00,828.0,-72.48,-74.2,2
2016-08-14_15:03:30.00,830.0,-73.29,-81.21,1
2016-08-14_15:03:30.00,832.0,-75.4,-88.8,1
2016-08-14_15:03:30.00,834.0,-73.6,-80.27,1
2016-08-14_15:03:30.00,836.0,-78.6,-77.28,2
2016-08-14_15:03:30.00,838.0,-75.73,-79.75,1
2016-08-14_15:03:30.00,840.0,-76.02,-80.38,1
2016-08-14_15:03:30.00,842.0,-74.54,-79.33,1
2016-08-14_15:03:30.00,844.0,-77.14,-88.16,1
2016-08-14_15:03:30.00,846.0,-79.6,-83.27,1
2016-08-14_15:03:30.00,848.0,-80.99,-84.74,1
2016-08-14_15:03:30.00,850.0,-74.69,-79.35,1
2016-08-14_15:03:30.00,852.0,-75.63,-81.37,1
2016-08-14_15:03:30.00,854.0,-76.42,-80.11,1
2016-08-14_15:03:30.00,856.0,-76.49,-81.76,1
2016-08-14_15:03:30.00,858.0,-76.33,-81.79,1
2016-08-14_15:03:30.00,860.0,-77.17,-80.76,1
2016-08-14_15:03:30.00,862.0,-76.41,-78.66,2
2016-08-14_15:03:30.00,864.0,-75.19,-84.41,1
2016-08-14_15:03:40.00,704.0,-83.45,-79.05,3
2016-08-14_15:03:40.00,706.0,-80.87,-78.04,2
2016-08-14_15:03:40.00,708.0,-81.24,-75.68,3
2016-08-14_15:03:40.00,710.0,-78.22,-72.87,3
2016-08-14_15:03:40.00,712.0,-77.95,-75.5,2
2016-08-14_15:03:40.00,714.0,-80.91,-75.68,3
2016-08-14_15:03:40.00,716.0,-77.45,-78.94,2
2016-08-14_15:03:40.00,718.0,-77.57,-80.52,2
2016-08-14_15:03:40.00,720.0,-79.54,-78.46,2
2016-08-14_15:03:40.00,722.0,-76.99,-79.68,2
2016-08-14_15:03:40.00,724.0,-78.11,-77.42,2
2016-08-14_15:03:40.00,726.0,-78.56,-82.55,1
2016-08-14_15:03:40.00,728.0,-79.86,-80.64,2
2016-08-14_15:03:40.00,730.0,-79.49,-80.08,2
2016-08-14_15:03:40.00,732.0,-79.05,-77.5,2
2016-08-14_15:03:40.00,734.0,-79.09,-78.9,2
2016-08-14_15:03:40.00,736.0,-75.72,-78.17,2
2016-08-14_15:03:40.00,738.0,-76.39,-77.41,2
2016-08-14_15:03:40.00,740.0,-76.39,-83.12,1
2016-08-14_15:03:40.00,742.0,-81.32,-78.21,3
2016-08-14_15:03:40.00,744.0,-76.87,-86.41,1
2016-08-14_15:03:40.00,746.0,-80.98,-85.02,1
2016-08-14_15:03:40.00,748.0,-82.51,-83.34,2
2016-08-14_15:03:40.00,750.0,-77.49,-79.94,2
2016-08-14_15:03:40.00,752.0,-80.7,-80.92,2
2016-08-14_15:03:40.00,754.0,-81.14,-82.22,2
2016-08-14_15:03:40.00,756.0,-79.86,-84.07,1
2016-08-14_15:03:40.00,758.0,-80.08,-81.93,2
2016-08-14_15:03:40.00,760.0,-79.11,-83.1,1
2016-08-14_15:03:40.00,762.0,-78.54,-85.86,1
2016-08-14_15:03:40.00,764.0,-82.07,-83.1,2
2016-08-14_15:03:40.00,766.0,-85.47,-85.32,2
2016-08-14_15:03:40.00,768.0,-85.74,-85.39,2
2016-08-14_15:03:40.00,770.0,-82.89,-82.63,2
2016-08-14_15:03:40.00,772.0,-82.1,-82.35,2
2016-08-14_15:03:40.00,774.0,-78.13,-82.21,1
2016-08-14_15:03:40.00,776.0,-79.75,-82.9,1
2016-08-14_15:03:40.00,778.0,-79.47,-83.67,1
2016-08-14_15:03:40.00,780.0,-77.34,-79.45,2
2016-08-14_15:03:40.00,782.0,-79.78,-81.75,2
2016-08-14_15:03:40.00,784.0,-78.29,-84.21,1
2016-08-14_15:03:40.00,786.0,-77.94,-78.71,2
2016-08-14_15:03:50.00,672.0,-72.52,-79.18,1
2016-08-14_15:03:50.00,674.0,-71.9,-71.44,2
2016-08-14_15:03:50.00,676.0,-73.63,-77.91,1
2016-08-14_15:03:50.00,678.0,-72.66,-76.38,1
2016-08-14_15:03:50.00,680.0,-75.18,-75.44,2
2016-08-14_15:03:50.00,682.0,-78.09,-77.13,2
2016-08-14_15:03:50.00,684.0,-80.18,-76.15,3
2016-08-14_15:03:50.00,686.0,-80.47,-78.21,2
2016-08-14_15:03:50.00,688.0,-78.66,-76.75,2
2016-08-14_15:03:50.00,690.0,-79.89,-73.03,3
2016-08-14_15:03:50.00,692.0,-80.85,-77.18,3
2016-08-14_15:03:50.00,694.0,-79.94,-79.98,2
2016-08-14_15:03:50.00,696.0,-79.61,-81.76,2
2016-08-14_15:03:50.00,698.0,-74.38,-77.11,2
2016-08-14_15:03:50.00,700.0,-74.18,-76.27,2
2016-08-14_15:03:50.00,702.0,-81.56,-80.77,2
2016-08-14_15:03:50.00,704.0,-79.85,-81.7,2
2016-08-14_15:03:50.00,706.0,-85.27,-80.64,3
2016-08-14_15:03:50.00,708.0,-81.35,-80.02,2
2016-08-14_15:03:50.00,710.0,-78.15,-83.76,1
2016-08-14_15:03:50.00,712.0,-82.03,-78.7,3
2016-08-14_15:03:50.00,714.0,-82.33,-73.6,3
2016-08-14_15:03:50.00,716.0,-79.94,-77.65,2
2016-08-14_15:03:50.00,718.0,-82.13,-75.87,3
2016-08-14_15:03:50.00,720.0,-84.33,-73.31,3
2016-08-14_15:03:50.00,722.0,-78.28,-76.59,2
2016-08-14_15:03:50.00,724.0,-75.54,-81.51,1
2016-08-14_15:03:50.00,726.0,-75.02,-81.4,1
2016-08-14_15:03:50.00,728.0,-79.3,-84.15,1
2016-08-14_15:03:50.00,730.0,-80.25,-85.94,1
2016-08-14_15:03:50.00,732.0,-81.0,-83.74,2
2016-08-14_15:03:50.00,734.0,-76.17,-77.42,2
2016-08-14_15:03:50.00,736.0,-79.89,-80.17,2
2016-08-14_15:03:50.00,738.0,-80.05,-76.79,3
2016-08-14_15:03:50.00,740.0,-76.14,-80.65,1
2016-08-14_15:03:50.00,742.0,-79.55,-82.59,1
2016-08-14_15:03:50.00,744.0,-77.77,-80.52,2
2016-08-14_15:03:50.00,746.0,-76.72,-80.82,1
2016-08-14_15:03:50.00,748.0,-79.24,-79.59,2
2016-08-14_15:03:50.00,750.0,-79.07,-79.24,2
2016-08-14_15:03:50.00,752.0,-78.6,-91.61,1
2016-08-14_15:04:00.00,668.0,-67.04,-73.69,1
2016-08-14_15:04:00.00,670.0,-66.74,-71.01,1
2016-08-14_15:04:00.00,672.0,-70.78,-76.99,1
2016-08-14_15:04:00.00,674.0,-73.36,-77.56,1
2016-08-14_15:04:00.00,676.0,-69.37,-76.46,1
2016-08-14_15:04:00.00,678.0,-78.46,-76.79,2
2016-08-14_15:04:00.00,680.0,-75.36,-77.39,2
2016-08-14_15:04:00.00,682.0,-78.44,-73.53,3
2016-08-14_15:04:00.00,684.0,-81.3,-72.92,3
2016-08-14_15:04:00.00,686.0,-82.24,-75.87,3
2016-08-14_15:04:00.00,688.0,-78.99,-73.63,3
2016-08-14_15:04:00.00,690.0,-79.67,-74.28,3
2016-08-14_15:04:00.00,692.0,-78.89,-75.98,2
2016-08-14_15:04:00.00,694.0,-73.26,-78.5,1
2016-08-14_15:04:00.00,696.0,-79.02,-81.41,2
2016-08-14_15:04:00.00,698.0,-78.71,-76.42,2
2016-08-14_15:04:00.00,700.0,-76.76,-81.92,1
2016-08-14_15:04:00.00,702.0,-81.23,-84.41,1
2016-08-14_15:04:00.00,704.0,-87.62,-84.49,3
2016-08-14_15:04:00.00,706.0,-82.03,-79.43,2
2016-08-14_15:04:00.00,708.0,-82.75,-77.09,3
2016-08-14_15:04:00.00,710.0,-82.29,-79.57,2
2016-08-14_15:04:00.00,712.0,-84.19,-77.43,3
2016-08-14_15:04:00.00,714.0,-80.68,-76.9,3
2016-08-14_15:04:00.00,716.0,-77.03,-75.71,2
2016-08-14_15:04:00.00,718.0,-82.77,-82.05,2
2016-08-14_15:04:00.00,720.0,-75.63,-81.6,1
2016-08-14_15:04:00.00,722.0,-78.6,-78.57,2
2016-08-14_15:04:00.00,724.0,-80.63,-80.82,2
2016-08-14_15:04:00.00,726.0,-79.62,-88.3,1
2016-08-14_15:04:00.00,728.0,-79.11,-80.74,2
2016-08-14_15:04:00.00,730.0,-77.18,-85.88,1
2016-08-14_15:04:00.00,732.0,-80.78,-77.85,2
2016-08-14_15:04:00.00,734.0,-78.31,-77.92,2
2016-08-14_15:04:00.00,736.0,-74.94,-81.39,1
2016-08-14_15:04:00.00,738.0,-82.03,-81.43,2
2016-08-14_15:04:00.00,740.0,-77.66,-80.48,2
2016-08-14_15:04:00.00,742.0,-78.33,-80.31,2
2016-08-14_15:04:00.00,744.0,-83.83,-80.72,3
2016-08-14_15:04:00.00,746.0,-80.26,-79.11,2
2016-08-14_15:04:00.00,748.0,-77.6,-86.23,1
2016-08-14_15:04:00.00,750.0,-81.7,-83.38,2
2016-08-14_15:04:10.00,668.0,-72.14,-76.8,1
2016-08-14_15:04:10.00,670.0,-71.81,-72.01,2
2016-08-14_15:04:10.00,672.0,-71.96,-74.55,2
2016-08-14_15:04:10.00,674.0,-74.28,-76.84,2
2016-08-14_15:04:10.00,676.0,-74.42,-77.38,2
2016-08-14_15:04:10.00,678.0,-77.01,-74.41,2
2016-08-14_15:04:10.00,680.0,-73.23,-71.47,2
2016-08-14_15:04:10.00,682.0,-77.28,-82.11,1
2016-08-14_15:04:10.00,684.0,-80.26,-73.69,3
2016-08-14_15:04:10.00,686.0,-78.61,-73.76,3
2016-08-14_15:04:10.00,688.0,-86.15,-79.39,3
2016-08-14_15:04:10.00,690.0,-83.45,-80.16,3
2016-08-14_15:04:10.00,692.0,-81.75,-74.79,3
2016-08-14_15:04:10.00,694.0,-75.48,-76.07,2
2016-08-14_15:04:10.00,696.0,-81.32,-78.91,2
2016-08-14_15:04:10.00,698.0,-76.99,-80.85,1
2016-08-14_15:04:10.00,700.0,-83.12,-81.84,2
2016-08-14_15:04:10.00,702.0,-79.53,-79.49,2
2016-08-14_15:04:10.00,704.0,-85.76,-78.02,3
2016-08-14_15:04:10.00,706.0,-83.51,-78.55,3
2016-08-14_15:04:10.00,708.0,-81.92,-78.61,3
2016-08-14_15:04:10.00,710.0,-81.6,-79.27,2
2016-08-14_15:04:10.00,712.0,-77.64,-77.48,2
2016-08-14_15:04:10.00,714.0,-80.76,-76.07,3
2016-08-14_15:04:10.00,716.0,-78.07,-76.95,2
2016-08-14_15:04:10.00,718.0,-77.19,-76.59,2
2016-08-14_15:04:10.00,720.0,-77.14,-75.3,2
2016-08-14_15:04:10.00,722.0,-81.8,-76.73,3
2016-08-14_15:04:10.00,724.0,-79.81,-80.77,2
2016-08-14_15:04:10.00,726.0,-79.34,-83.92,1
2016-08-14_15:04:10.00,728.0,-74.81,-81.9,1
2016-08-14_15:04:10.00,730.0,-77.08,-80.55,1
2016-08-14_15:04:10.00,732.0,-75.8,-78.97,1
2016-08-14_15:04:10.00,734.0,-80.98,-81.33,2
2016-08-14_15:04:10.00,736.0,-81.71,-83.68,2
2016-08-14_15:04:10.00,738.0,-79.04,-80.5,2
2016-08-14_15:04:10.00,740.0,-74.6,-80.21,1
2016-08-14_15:04:10.00,742.0,-81.13,-82.71,2
2016-08-14_15:04:10.00,744.0,-75.61,-83.76,1
2016-08-14_15:04:10.00,746.0,-82.57,-85.51,2
2016-08-14_15:04:10.00,748.0,-81.31,-82.74,2
2016-08-14_15:04:10.00,750.0,-77.16,-80.11,2
2016-08-14_15:04:10.00,752.0,-81.11,-80.73,2
2016-08-14_15:04:10.00,754.0,-81.13,-88.45,1
2016-08-14_15:04:10.00,756.0,-81.06,-85.09,1
2016-08-14_15:04:20.00,660.0,-71.89,-75.99,1
2016-08-14_15:04:20.00,662.0,-74.12,-76.9,2
2016-08-14_15:04:20.00,664.0,-69.48,-74.58,1
2016-08-14_15:04:20.00,666.0,-72.44,-73.15,2
2016-08-14_15:04:20.00,668.0,-70.96,-75.38,1
2016-08-14_15:04:20.00,670.0,-72.3,-76.66,1
2016-08-14_15:04:20.00,672.0,-71.66,-73.88,2
2016-08-14_15:04:20.00,674.0,-71.41,-75.74,1
2016-08-14_15:04:20.00,676.0,-75.09,-74.1,2
2016-08-14_15:04:20.00,678.0,-75.46,-76.94,2
2016-08-14_15:04:20.00,680.0,-73.16,-76.67,1
2016-08-14_15:04:20.00,682.0,-75.21,-74.19,2
2016-08-14_15:04:20.00,684.0,-78.49,-72.08,3
2016-08-14_15:04:20.00,686.0,-78.54,-71.65,3
2016-08-14_15:04:20.00,688.0,-79.93,-77.09,2
2016-08-14_15:04:20.00,690.0,-76.03,-73.88,2
2016-08-14_15:04:20.00,692.0,-76.53,-78.52,2
2016-08-14_15:04:20.00,694.0,-77.49,-75.66,2
2016-08-14_15:04:20.00,696.0,-77.62,-75.71,2
2016-08-14_15:04:20.00,698.0,-80.44,-80.54,2
2016-08-14_15:04:20.00,700.0,-81.28,-80.15,2
2016-08-14_15:04:20.00,702.0,-78.79,-78.08,2
2016-08-14_15:04:20.00,704.0,-78.21,-81.19,2
2016-08-14_15:04:20.00,706.0,-77.14,-78.89,2
2016-08-14_15:04:20.00,708.0,-77.64,-80.59,2
2016-08-14_15:04:20.00,710.0,-77.62,-76.74,2
2016-08-14_15:04:20.00,712.0,-84.24,-76.08,3
2016-08-14_15:04:20.00,714.0,-78.41,-76.68,2
2016-08-14_15:04:20.00,716.0,-80.88,-78.21,2
2016-08-14_15:04:20.00,718.0,-78.1,-79.32,2
2016-08-14_15:04:20.00,720.0,-81.66,-80.2,2
2016-08-14_15:04:20.00,722.0,-76.27,-78.39,2
2016-08-14_15:04:20.00,724.0,-77.79,-77.98,2
2016-08-14_15:04:20.00,726.0,-79.6,-82.24,2
2016-08-14_15:04:20.00,728.0,-76.57,-80.64,1
2016-08-14_15:04:20.00,730.0,-83.1,-81.55,2
2016-08-14_15:04:20.00,732.0,-79.33,-84.32,1
2016-08-14_15:04:20.00,734.0,-80.01,-80.92,2
2016-08-14_15:04:20.00,736.0,-80.38,-79.26,2
2016-08-14_15:04:20.00,738.0,-78.62,-81.1,2
2016-08-14_15:04:20.00,740.0,-78.51,-80.83,2
2016-08-14_15:04:20.00,742.0,-79.5,-82.14,2
2016-08-14_15:04:20.00,744.0,-77.21,-79.29,2
2016-08-14_15:04:20.00,746.0,-79.66,-81.95,2
2016-08-14_15:04:20.00,748.0,-81.56,-82.1,2
2016-08-14_15:04:20.00,750.0,-78.44,-83.45,1
2016-08-14_15:04:20.00,752.0,-80.24,-85.07,1
2016-08-14_15:04:20.00,754.0,-79.86,-85.48,1
2016-08-14_15:04:20.00,756.0,-81.59,-81.31,2
2016-08-14_15:04:20.00,758.0,-81.75,-82.64,2
2016-08-14_15:04:20.00,760.0,-80.4,-83.84,1
2016-08-14_15:04:20.00,762.0,-80.81,-84.43,1
2016-08-14_15:04:20.00,764.0,-82.94,-83.86,2
2016-08-14_15:04:30.00,606.0,-79.21,-67.04,3
2016-08-14_15:04:30.00,608.0,-78.97,-71.55,3
2016-08-14_15:04:30.00,610.0,-78.59,-74.41,3
2016-08-14_15:04:30.00,612.0,-75.19,-73.44,2
2016-08-14_15:04:30.00,614.0,-76.95,-74.73,2
2016-08-14_15:04:30.00,616.0,-74.9,-73.92,2
2016-08-14_15:04:30.00,618.0,-78.97,-71.88,3
2016-08-14_15:04:30.00,620.0,-80.1,-71.66,3
2016-08-14_15:04:30.00,622.0,-79.34,-73.55,3
2016-08-14_15:04:30.00,624.0,-80.3,-77.15,3
2016-08-14_15:04:30.00,626.0,-76.99,-71.2,3
2016-08-14_15:04:30.00,628.0,-81.36,-77.83,3
2016-08-14_15:04:30.00,630.0,-78.74,-69.93,3
2016-08-14_15:04:30.00,632.0,-79.03,-68.02,3
2016-08-14_15:04:30.00,634.0,-75.93,-66.83,3
2016-08-14_15:04:30.00,636.0,-77.87,-67.57,3
2016-08-14_15:04:30.00,638.0,-74.89,-68.56,3
2016-08-14_15:04:30.00,640.0,-74.18,-71.66,2
2016-08-14_15:04:30.00,642.0,-75.22,-70.4,3
2016-08-14_15:04:30.00,644.0,-76.19,-70.02,3
2016-08-14_15:04:30.00,646.0,-77.85,-68.78,3
2016-08-14_15:04:30.00,648.0,-73.59,-76.61,1
2016-08-14_15:04:30.00,650.0,-76.17,-74.02,2
2016-08-14_15:04:30.00,652.0,-74.17,-75.92,2
2016-08-14_15:04:30.00,654.0,-78.18,-74.3,3
2016-08-14_15:04:30.00,656.0,-74.65,-75.84,2
2016-08-14_15:04:30.00,658.0,-70.61,-73.38,2
2016-08-14_15:04:30.00,660.0,-68.26,-71.21,2
2016-08-14_15:04:30.00,662.0,-72.42,-74.12,2
2016-08-14_15:04:30.00,664.0,-67.6,-75.33,1
2016-08-14_15:04:30.00,666.0,-73.7,-72.42,2
2016-08-14_15:04:30.00,668.0,-69.91,-73.92,1
2016-08-14_15:04:30.00,670.0,-71.83,-70.98,2
2016-08-14_15:04:30.00,672.0,-78.5,-74.68,3
2016-08-14_15:04:30.00,674.0,-72.91,-74.75,2
2016-08-14_15:04:30.00,676.0,-71.79,-76.85,1
2016-08-14_15:04:30.00,678.0,-77.74,-76.03,2
2016-08-14_15:04:30.00,680.0,-78.11,-75.67,2
2016-08-14_15:04:30.00,682.0,-77.68,-75.12,2
2016-08-14_15:04:30.00,684.0,-75.63,-75.56,2
2016-08-14_15:04:30.00,686.0,-80.35,-75.45,3
2016-08-14_15:04:30.00,688.0,-82.6,-80.73,2
2016-08-14_15:04:30.00,690.0,-79.31,-77.02,2
2016-08-14_15:04:30.00,692.0,-85.08,-76.01,3
2016-08-14_15:04:30.00,694.0,-75.71,-81.17,1
2016-08-14_15:04:30.00,696.0,-76.54,-76.67,2
2016-08-14_15:04:30.00,698.0,-78.19,-82.85,1
2016-08-14_15:04:40.00,542.0,-78.57,-77.11,2
2016-08-14_15:04:40.00,544.0,-78.56,-77.31,2
2016-08-14_15:04:40.00,546.0,-77.14,-72.18,3
2016-08-14_15:04:40.00,548.0,-73.1,-72.06,2
2016-08-14_15:04:40.00,550.0,-74.54,-77.43,2
2016-08-14_15:04:40.00,552.0,-80.95,-73.36,3
2016-08-14_15:04:40.00,554.0,-77.02,-74.29,2
2016-08-14_15:04:40.00,556.0,-75.67,-77.11,2
2016-08-14_15:04:40.00,558.0,-81.93,-75.94,3
2016-08-14_15:04:40.00,560.0,-82.49,-71.12,3
2016-08-14_15:04:40.00,562.0,-81.69,-74.15,3
2016-08-14_15:04:40.00,564.0,-83.37,-73.78,3
2016-08-14_15:04:40.00,566.0,-82.59,-73.53,3
2016-08-14_15:04:40.00,568.0,-85.01,-76.31,3
2016-08-14_15:04:40.00,570.0,-77.05,-77.89,2
2016-08-14_15:04:40.00,572.0,-82.65,-77.47,3
2016-08-14_15:04:40.00,574.0,-78.97,-77.79,2
2016-08-14_15:04:40.00,576.0,-80.76,-79.75,2
2016-08-14_15:04:40.00,578.0,-82.21,-78.57,3
2016-08-14_15:04:40.00,580.0,-81.92,-75.69,3
2016-08-14_15:04:40.00,582.0,-79.31,-74.43,3
2016-08-14_15:04:40.00,584.0,-84.48,-77.59,3
2016-08-14_15:04:40.00,586.0,-80.96,-78.18,2
2016-08-14_15:04:40.00,588.0,-82.14,-72.66,3
2016-08-14_15:04:40.00,590.0,-82.13,-74.96,3
2016-08-14_15:04:40.00,592.0,-81.6,-77.92,3
2016-08-14_15:04:40.00,594.0,-77.27,-75.43,2
2016-08-14_15:04:40.00,596.0,-77.05,-76.32,2
2016-08-14_15:04:40.00,598.0,-83.94,-77.72,3
2016-08-14_15:04:40.00,600.0,-77.32,-84.65,1
2016-08-14_15:04:40.00,602.0,-81.51,-79.15,2
2016-08-14_15:04:40.00,604.0,-76.1,-76.39,2
2016-08-14_15:04:40.00,606.0,-79.97,-78.33,2
2016-08-14_15:04:40.00,608.0,-80.19,-76.88,3
2016-08-14_15:04:40.00,610.0,-81.28,-78.84,2
2016-08-14_15:04:40.00,612.0,-82.67,-80.98,2
2016-08-14_15:04:40.00,614.0,-82.84,-75.85,3
2016-08-14_15:04:40.00,616.0,-82.47,-73.22,3
2016-08-14_15:04:40.00,618.0,-80.26,-77.15,3
2016-08-14_15:04:40.00,620.0,-85.47,-74.15,3
2016-08-14_15:04:40.00,622.0,-80.53,-77.05,3
2016-08-14_15:04:40.00,624.0,-79.68,-77.59,2
2016-08-14_15:04:40.00,626.0,-81.45,-76.92,3
2016-08-14_15:04:40.00,628.0,-80.61,-73.03,3
2016-08-14_15:04:40.00,630.0,-76.91,-77.57,2
2016-08-14_15:04:40.00,632.0,-80.26,-77.6,2
2016-08-14_15:04:40.00,634.0,-77.27,-77.06,2
2016-08-14_15:04:40.00,636.0,-80.78,-77.54,3
2016-08-14_15:04:40.00,638.0,-77.55,-76.48,2
2016-08-14_15:04:40.00,640.0,-79.58,-78.3,2
2016-08-14_15:04:50.00,544.0,-76.15,-71.02,3
2016-08-14_15:04:50.00,546.0,-76.95,-66.56,3
2016-08-14_15:04:50.00,548.0,-71.5,-68.47,3
2016-08-14_15:04:50.00,550.0,-76.45,-68.3,3
2016-08-14_15:04:50.00,552.0,-80.08,-70.35,3
2016-08-14_15:04:50.00,554.0,-80.47,-66.14,3
2016-08-14_15:04:50.00,556.0,-74.6,-67.37,3
2016-08-14_15:04:50.00,558.0,-82.63,-69.92,3
2016-08-14_15:04:50.00,560.0,-76.01,-74.25,2
2016-08-14_15:04:50.00,562.0,-82.22,-71.98,3
2016-08-14_15:04:50.00,564.0,-84.55,-66.3,3
2016-08-14_15:04:50.00,566.0,-79.46,-68.47,3
2016-08-14_15:04:50.00,568.0,-81.88,-68.87,3
2016-08-14_15:04:50.00,570.0,-77.45,-70.08,3
2016-08-14_15:04:50.00,572.0,-78.46,-71.85,3
2016-08-14_15:04:50.00,574.0,-76.85,-66.85,3
2016-08-14_15:04:50.00,576.0,-73.44,-68.33,3
2016-08-14_15:04:50.00,578.0,-77.7,-70.46,3
2016-08-14_15:04:50.00,580.0,-74.67,-69.75,3
2016-08-14_15:04:50.00,582.0,-78.23,-65.71,3
2016-08-14_15:04:50.00,584.0,-80.25,-71.83,3
2016-08-14_15:04:50.00,586.0,-77.78,-67.17,3
2016-08-14_15:04:50.00,588.0,-79.89,-71.08,3
2016-08-14_15:04:50.00,590.0,-77.04,-68.07,3
2016-08-14_15:04:50.00,592.0,-80.33,-71.58,3
2016-08-14_15:04:50.00,594.0,-78.86,-74.72,3
2016-08-14_15:04:50.00,596.0,-79.68,-71.41,3
2016-08-14_15:04:50.00,598.0,-79.47,-72.44,3
2016-08-14_15:04:50.00,600.0,-78.12,-69.75,3
2016-08-14_15:04:50.00,602.0,-75.78,-76.72,2
2016-08-14_15:04:50.00,604.0,-82.41,-71.73,3
2016-08-14_15:04:50.00,606.0,-77.63,-70.28,3
2016-08-14_15:04:50.00,608.0,-79.28,-73.0,3
2016-08-14_15:04:50.00,610.0,-77.97,-75.88,2
2016-08-14_15:04:50.00,612.0,-77.38,-74.47,2
2016-08-14_15:04:50.00,614.0,-80.74,-71.07,3
2016-08-14_15:04:50.00,616.0,-83.56,-68.95,3
2016-08-14_15:04:50.00,618.0,-80.18,-71.17,3
2016-08-14_15:04:50.00,620.0,-79.74,-69.8,3
2016-08-14_15:04:50.00,622.0,-76.13,-77.32,2
2016-08-14_15:04:50.00,624.0,-78.59,-75.03,3
2016-08-14_15:04:50.00,626.0,-80.14,-73.8,3
2016-08-14_15:04:50.00,628.0,-74.95,-77.8,2
2016-08-14_15:04:50.00,630.0,-73.95,-70.61,3
2016-08-14_15:04:50.00,632.0,-74.51,-75.67,2
2016-08-14_15:04:50.00,634.0,-70.56,-67.55,3
2016-08-14_15:05:00.00,576.0,-77.08,-69.7,3
2016-08-14_15:05:00.00,578.0,-77.54,-74.33,3
2016-08-14_15:05:00.00,580.0,-78.11,-70.66,3
2016-08-14_15:05:00.00,582.0,-76.76,-71.83,3
2016-08-14_15:05:00.00,584.0,-75.92,-71.76,3
2016-08-14_15:05:00.00,586.0,-79.7,-73.16,3
2016-08-14_15:05:00.00,588.0,-78.38,-72.16,3
2016-08-14_15:05:00.00,590.0,-81.27,-71.93,3
2016-08-14_15:05:00.00,592.0,-78.07,-69.77,3
2016-08-14_15:05:00.00,594.0,-80.77,-71.73,3
2016-08-14_15:05:00.00,596.0,-82.02,-71.59,3
2016-08-14_15:05:00.00,598.0,-74.23,-69.7,3
2016-08-14_15:05:00.00,600.0,-76.11,-72.23,3
2016-08-14_15:05:00.00,602.0,-80.74,-71.41,3
2016-08-14_15:05:00.00,604.0,-78.35,-68.0,3
2016-08-14_15:05:00.00,606.0,-77.49,-71.26,3
2016-08-14_15:05:00.00,608.0,-78.32,-72.19,3
2016-08-14_15:05:00.00,610.0,-77.77,-72.27,3
2016-08-14_15:05:00.00,612.0,-82.6,-70.62,3
2016-08-14_15:05:00.00,614.0,-78.47,-69.77,3
2016-08-14_15:05:00.00,616.0,-78.16,-70.84,3
2016-08-14_15:05:00.00,618.0,-77.12,-73.51,3
2016-08-14_15:05:00.00,620.0,-76.72,-72.32,3
2016-08-14_15:05:00.00,622.0,-81.53,-69.35,3
2016-08-14_15:05:00.00,624.0,-77.11,-69.32,3
2016-08-14_15:05:00.00,626.0,-76.01,-71.14,3
2016-08-14_15:05:00.00,628.0,-78.36,-72.43,3
2016-08-14_15:05:00.00,630.0,-75.07,-69.25,3
2016-08-14_15:05:00.00,632.0,-75.91,-69.05,3
2016-08-14_15:05:00.00,634.0,-76.25,-69.98,3
2016-08-14_15:05:00.00,636.0,-73.87,-71.55,2
2016-08-14_15:05:00.00,638.0,-72.61,-67.26,3
2016-08-14_15:05:00.00,640.0,-76.13,-72.09,3
2016-08-14_15:05:00.00,642.0,-75.23,-70.67,3
2016-08-14_15:05:00.00,644.0,-75.22,-68.58,3
2016-08-14_15:05:00.00,646.0,-73.59,-71.47,2
2016-08-14_15:05:00.00,648.0,-76.05,-73.51,2
2016-08-14_15:05:00.00,650.0,-75.2,-73.93,2
2016-08-14_15:05:00.00,652.0,-74.38,-72.67,2
2016-08-14_15:05:00.00,654.0,-70.63,-71.34,2
2016-08-14_15:05:00.00,656.0,-73.7,-70.95,2
2016-08-14_15:05:00.00,658.0,-72.97,-75.41,2
2016-08-14_15:05:00.00,660.0,-71.91,-76.35,1
2016-08-14_15:05:10.00,606.0,-78.09,-72.51,3
2016-08-14_15:05:10.00,608.0,-77.08,-74.44,2
2016-08-14_15:05:10.00,610.0,-81.37,-71.79,3
2016-08-14_15:05:10.00,612.0,-74.81,-70.58,3
2016-08-14_15:05:10.00,614.0,-77.31,-70.89,3
2016-08-14_15:05:10.00,616.0,-84.15,-73.19,3
2016-08-14_15:05:10.00,618.0,-86.19,-71.75,3
2016-08-14_15:05:10.00,620.0,-77.44,-70.63,3
2016-08-14_15:05:10.00,622.0,-79.42,-67.69,3
2016-08-14_15:05:10.00,624.0,-77.36,-71.63,3
2016-08-14_15:05:10.00,626.0,-79.9,-71.22,3
2016-08-14_15:05:10.00,628.0,-78.87,-73.21,3
2016-08-14_15:05:10.00,630.0,-78.33,-68.33,3
2016-08-14_15:05:10.00,632.0,-80.76,-73.5,3
2016-08-14_15:05:10.00,634.0,-74.94,-69.46,3
2016-08-14_15:05:10.00,636.0,-74.57,-68.31,3
2016-08-14_15:05:10.00,638.0,-74.65,-72.12,2
2016-08-14_15:05:10.00,640.0,-72.81,-71.94,2
2016-08-14_15:05:10.00,642.0,-74.03,-71.66,2
2016-08-14_15:05:10.00,644.0,-73.0,-72.38,2
2016-08-14_15:05:10.00,646.0,-71.74,-73.59,2
2016-08-14_15:05:10.00,648.0,-73.12,-75.08,2
2016-08-14_15:05:10.00,650.0,-69.0,-74.72,1
2016-08-14_15:05:10.00,652.0,-73.92,-71.87,2
2016-08-14_15:05:10.00,654.0,-74.31,-70.86,3
2016-08-14_15:05:10.00,656.0,-70.72,-71.41,2
2016-08-14_15:05:10.00,658.0,-67.81,-72.84,1
2016-08-14_15:05:10.00,660.0,-77.09,-70.12,3
2016-08-14_15:05:10.00,662.0,-70.87,-69.78,2
2016-08-14_15:05:10.00,664.0,-75.63,-72.84,2
2016-08-14_15:05:10.00,666.0,-74.91,-73.22,2
2016-08-14_15:05:10.00,668.0,-77.82,-72.45,3
2016-08-14_15:05:10.00,670.0,-77.12,-78.66,2
2016-08-14_15:05:10.00,672.0,-78.9,-75.89,3
2016-08-14_15:05:10.00,674.0,-76.01,-74.31,2
2016-08-14_15:05:10.00,676.0,-75.9,-76.77,2
2016-08-14_15:05:10.00,678.0,-77.72,-79.45,2
2016-08-14_15:05:10.00,680.0,-78.41,-77.25,2
2016-08-14_15:05:10.00,682.0,-77.37,-77.29,2
2016-08-14_15:05:10.00,684.0,-76.82,-75.16,2
2016-08-14_15:05:10.00,686.0,-79.28,-76.48,2
2016-08-14_15:05:10.00,688.0,-81.19,-76.96,3
2016-08-14_15:05:10.00,690.0,-77.09,-77.66,2
2016-08-14_15:05:10.00,692.0,-72.25,-77.44,1
2016-08-14_15:05:10.00,694.0,-76.4,-78.51,2
2016-08-14_15:05:20.00,606.0,-78.93,-74.64,3
2016-08-14_15:05:20.00,608.0,-83.7,-77.24,3
2016-08-14_15:05:20.00,610.0,-84.85,-73.98,3
2016-08-14_15:05:20.00,612.0,-77.44,-70.78,3
2016-08-14_15:05:20.00,614.0,-80.14,-71.5,3
2016-08-14_15:05:20.00,616.0,-84.38,-72.69,3
2016-08-14_15:05:20.00,618.0,-78.98,-73.46,3
2016-08-14_15:05:20.00,620.0,-78.24,-76.49,2
2016-08-14_15:05:20.00,622.0,-76.63,-74.76,2
2016-08-14_15:05:20.00,624.0,-79.0,-71.98,3
2016-08-14_15:05:20.00,626.0,-78.62,-71.13,3
2016-08-14_15:05:20.00,628.0,-75.91,-70.01,3
2016-08-14_15:05:20.00,630.0,-83.03,-71.89,3
2016-08-14_15:05:20.00,632.0,-78.51,-74.1,3
2016-08-14_15:05:20.00,634.0,-78.04,-73.38,3
2016-08-14_15:05:20.00,636.0,-76.23,-71.98,3
2016-08-14_15:05:20.00,638.0,-73.16,-69.26,3
2016-08-14_15:05:20.00,640.0,-77.12,-71.36,3
2016-08-14_15:05:20.00,642.0,-74.19,-72.04,2
2016-08-14_15:05:20.00,644.0,-76.36,-72.03,3
2016-08-14_15:05:20.00,646.0,-76.34,-77.64,2
2016-08-14_15:05:20.00,648.0,-77.83,-75.27,2
2016-08-14_15:05:20.00,650.0,-75.92,-72.43,3
2016-08-14_15:05:20.00,652.0,-70.18,-77.85,1
2016-08-14_15:05:20.00,654.0,-74.45,-72.99,2
2016-08-14_15:05:20.00,656.0,-74.82,-71.55,3
2016-08-14_15:05:20.00,658.0,-71.68,-72.32,2
2016-08-14_15:05:20.00,660.0,-69.54,-72.12,2
2016-08-14_15:05:20.00,662.0,-72.15,-82.72,1
2016-08-14_15:05:20.00,664.0,-75.03,-74.78,2
2016-08-14_15:05:20.00,666.0,-76.29,-73.8,2
2016-08-14_15:05:20.00,668.0,-76.91,-75.28,2
2016-08-14_15:05:20.00,670.0,-79.81,-73.0,3
2016-08-14_15:05:20.00,672.0,-75.51,-72.08,3
2016-08-14_15:05:20.00,674.0,-75.02,-72.75,2
2016-08-14_15:05:20.00,676.0,-77.0,-73.21,3
2016-08-14_15:05:20.00,678.0,-78.48,-76.68,2
2016-08-14_15:05:20.00,680.0,-71.83,-73.9,2
2016-08-14_15:05:20.00,682.0,-72.22,-80.87,1
2016-08-14_15:05:20.00,684.0,-76.97,-80.53,1
2016-08-14_15:05:20.00,686.0,-73.6,-76.73,1
2016-08-14_15:05:20.00,688.0,-72.22,-80.71,1
2016-08-14_15:05:20.00,690.0,-75.12,-79.03,1
2016-08-14_15:05:20.00,692.0,-72.3,-78.48,1
2016-08-14_15:05:20.00,694.0,-76.36,-76.41,2
2016-08-14_15:05:20.00,696.0,-74.58,-76.95,2
2016-08-14_15:05:20.00,698.0,-78.48,-75.84,2
2016-08-14_15:05:30.00,572.0,-73.87,-71.14,2
2016-08-14_15:05:30.00,574.0,-77.75,-69.31,3
2016-08-14_15:05:30.00,576.0,-76.03,-70.32,3
2016-08-14_15:05:30.00,578.0,-82.2,-73.13,3
2016-08-14_15:05:30.00,580.0,-75.88,-68.14,3
2016-08-14_15:05:30.00,582.0,-75.45,-71.04,3
2016-08-14_15:05:30.00,584.0,-75.74,-68.69,3
2016-08-14_15:05:30.00,586.0,-73.12,-75.22,2
2016-08-14_15:05:30.00,588.0,-76.13,-73.89,2
2016-08-14_15:05:30.00,590.0,-75.28,-71.3,3
2016-08-14_15:05:30.00,592.0,-80.01,-69.5,3
2016-08-14_15:05:30.00,594.0,-79.57,-70.63,3
2016-08-14_15:05:30.00,596.0,-78.69,-70.0,3
2016-08-14_15:05:30.00,598.0,-82.43,-73.07,3
2016-08-14_15:05:30.00,600.0,-80.56,-77.0,3
2016-08-14_15:05:30.00,602.0,-77.58,-72.94,3
2016-08-14_15:05:30.00,604.0,-77.96,-72.28,3
2016-08-14_15:05:30.00,606.0,-78.14,-71.78,3
2016-08-14_15:05:30.00,608.0,-83.7,-69.84,3
2016-08-14_15:05:30.00,610.0,-81.0,-73.79,3
2016-08-14_15:05:30.00,612.0,-77.64,-71.93,3
2016-08-14_15:05:30.00,614.0,-79.87,-72.65,3
2016-08-14_15:05:30.00,616.0,-80.88,-71.46,3
2016-08-14_15:05:30.00,618.0,-79.74,-70.22,3
2016-08-14_15:05:30.00,620.0,-74.56,-68.08,3
2016-08-14_15:05:30.00,622.0,-77.49,-72.03,3
2016-08-14_15:05:30.00,624.0,-77.79,-68.03,3
2016-08-14_15:05:30.00,626.0,-76.11,-70.66,3
2016-08-14_15:05:30.00,628.0,-76.76,-71.25,3
2016-08-14_15:05:30.00,630.0,-79.07,-71.26,3
2016-08-14_15:05:30.00,632.0,-80.07,-69.44,3
2016-08-14_15:05:30.00,634.0,-79.77,-70.1,3
2016-08-14_15:05:30.00,636.0,-76.53,-71.77,3
2016-08-14_15:05:30.00,638.0,-73.29,-70.72,2
2016-08-14_15:05:30.00,640.0,-72.06,-68.38,3
2016-08-14_15:05:30.00,642.0,-73.73,-67.05,3
2016-08-14_15:05:30.00,644.0,-74.34,-73.7,2
2016-08-14_15:05:30.00,646.0,-72.57,-72.11,2
2016-08-14_15:05:30.00,648.0,-78.03,-72.12,3
2016-08-14_15:05:30.00,650.0,-74.87,-72.68,2
2016-08-14_15:05:30.00,652.0,-75.42,-70.79,3
2016-08-14_15:05:30.00,654.0,-70.66,-74.83,1
2016-08-14_15:05:30.00,656.0,-74.81,-78.1,1
2016-08-14_15:05:30.00,658.0,-75.3,-71.75,3
2016-08-14_15:05:30.00,660.0,-73.17,-74.4,2
2016-08-14_15:05:30.00,662.0,-76.19,-76.32,2
2016-08-14_15:05:30.00,664.0,-77.06,-75.48,2
2016-08-14_15:05:30.00,666.0,-73.62,-77.28,1
2016-08-14_15:05:30.00,668.0,-75.22,-77.36,2
2016-08-14_15:05:30.00,670.0,-74.98,-75.28,2
2016-08-14_15:05:40.00,544.0,-72.41,-68.06,3
2016-08-14_15:05:40.00,546.0,-74.27,-68.29,3
2016-08-14_15:05:40.00,548.0,-74.59,-67.53,3
2016-08-14_15:05:40.00,550.0,-78.74,-67.24,3
2016-08-14_15:05:40.00,552.0,-74.2,-68.52,3
2016-08-14_15:05:40.00,554.0,-73.69,-69.12,3
2016-08-14_15:05:40.00,556.0,-79.7,-66.46,3
2016-08-14_15:05:40.00,558.0,-79.35,-68.79,3
2016-08-14_15:05:40.00,560.0,-76.83,-71.09,3
2016-08-14_15:05:40.00,562.0,-77.69,-66.41,3
2016-08-14_15:05:40.00,564.0,-75.77,-65.76,3
2016-08-14_15:05:40.00,566.0,-79.57,-67.35,3
2016-08-14_15:05:40.00,568.0,-75.13,-69.96,3
2016-08-14_15:05:40.00,570.0,-77.69,-69.81,3
2016-08-14_15:05:40.00,572.0,-76.61,-68.83,3
2016-08-14_15:05:40.00,574.0,-75.67,-74.33,2
2016-08-14_15:05:40.00,576.0,-77.84,-73.31,3
2016-08-14_15:05:40.00,578.0,-80.41,-71.04,3
2016-08-14_15:05:40.00,580.0,-79.39,-70.12,3
2016-08-14_15:05:40.00,582.0,-76.98,-71.31,3
2016-08-14_15:05:40.00,584.0,-80.49,-67.9,3
2016-08-14_15:05:40.00,586.0,-79.33,-73.12,3
2016-08-14_15:05:40.00,588.0,-79.04,-68.94,3
2016-08-14_15:05:40.00,590.0,-76.34,-71.39,3
2016-08-14_15:05:40.00,592.0,-77.9,-69.02,3
2016-08-14_15:05:40.00,594.0,-74.38,-76.58,2
2016-08-14_15:05:40.00,596.0,-77.71,-72.1,3
2016-08-14_15:05:40.00,598.0,-79.58,-70.45,3
2016-08-14_15:05:40.00,600.0,-76.73,-74.25,2
2016-08-14_15:05:40.00,602.0,-76.97,-71.86,3
2016-08-14_15:05:40.00,604.0,-80.51,-70.6,3
2016-08-14_15:05:40.00,606.0,-77.63,-70.32,3
2016-08-14_15:05:40.00,608.0,-78.23,-71.65,3
2016-08-14_15:05:40.00,610.0,-81.59,-72.84,3
2016-08-14_15:05:40.00,612.0,-79.93,-73.33,3
2016-08-14_15:05:40.00,614.0,-80.88,-73.3,3
2016-08-14_15:05:40.00,616.0,-77.72,-74.26,3
2016-08-14_15:05:40.00,618.0,-78.14,-72.67,3
2016-08-14_15:05:40.00,620.0,-77.38,-70.88,3
2016-08-14_15:05:40.00,622.0,-78.22,-69.83,3
2016-08-14_15:05:40.00,624.0,-76.75,-70.56,3
2016-08-14_15:05:40.00,626.0,-78.44,-72.9,3
2016-08-14_15:05:40.00,628.0,-80.55,-70.98,3
2016-08-14_15:05:40.00,630.0,-77.1,-72.75,3
2016-08-14_15:05:50.00,516.0,-71.75,-66.91,3
2016-08-14_15:05:50.00,518.0,-72.33,-73.16,2
2016-08-14_15:05:50.00,520.0,-78.83,-64.89,3
2016-08-14_15:05:50.00,522.0,-72.39,-65.27,3
2016-08-14_15:05:50.00,524.0,-73.53,-68.48,3
2016-08-14_15:05:50.00,526.0,-69.03,-72.65,1
2016-08-14_15:05:50.00,528.0,-73.91,-69.09,3
2016-08-14_15:05:50.00,530.0,-70.72,-70.75,2
2016-08-14_15:05:50.00,532.0,-74.89,-71.73,3
2016-08-14_15:05:50.00,534.0,-76.84,-70.61,3
2016-08-14_15:05:50.00,536.0,-74.28,-73.43,2
2016-08-14_15:05:50.00,538.0,-76.44,-68.28,3
2016-08-14_15:05:50.00,540.0,-80.47,-74.14,3
2016-08-14_15:05:50.00,542.0,-74.16,-66.76,3
2016-08-14_15:05:50.00,544.0,-75.58,-70.27,3
2016-08-14_15:05:50.00,546.0,-74.1,-72.02,2
2016-08-14_15:05:50.00,548.0,-74.58,-69.68,3
2016-08-14_15:05:50.00,550.0,-79.18,-65.1,3
2016-08-14_15:05:50.00,552.0,-72.76,-68.3,3
2016-08-14_15:05:50.00,554.0,-78.94,-67.61,3
2016-08-14_15:05:50.00,556.0,-79.0,-66.57,3
2016-08-14_15:05:50.00,558.0,-80.27,-62.95,3
2016-08-14_15:05:50.00,560.0,-78.85,-65.77,3
2016-08-14_15:05:50.00,562.0,-78.3,-62.79,3
2016-08-14_15:05:50.00,564.0,-77.91,-67.42,3
2016-08-14_15:05:50.00,566.0,-75.97,-68.54,3
2016-08-14_15:05:50.00,568.0,-78.75,-66.78,3
2016-08-14_15:05:50.00,570.0,-82.35,-67.03,3
2016-08-14_15:05:50.00,572.0,-74.06,-67.63,3
2016-08-14_15:05:50.00,574.0,-79.2,-68.37,3
2016-08-14_15:05:50.00,576.0,-79.14,-74.77,3
2016-08-14_15:05:50.00,578.0,-77.72,-70.55,3
2016-08-14_15:05:50.00,580.0,-78.89,-67.41,3
2016-08-14_15:05:50.00,582.0,-83.52,-71.71,3
2016-08-14_15:05:50.00,584.0,-76.05,-69.45,3
2016-08-14_15:05:50.00,586.0,-76.86,-66.68,3
2016-08-14_15:05:50.00,588.0,-77.29,-74.62,2
2016-08-14_15:05:50.00,590.0,-81.87,-71.97,3
2016-08-14_15:05:50.00,592.0,-82.08,-68.61,3
2016-08-14_15:05:50.00,594.0,-80.16,-71.27,3
2016-08-14_15:05:50.00,596.0,-75.58,-78.26,2
2016-08-14_15:05:50.00,598.0,-75.83,-69.98,3
2016-08-14_15:06:00.00,496.0,-72.76,-66.03,3
2016-08-14_15:06:00.00,498.0,-71.84,-68.63,3
2016-08-14_15:06:00.00,500.0,-68.29,-67.68,2
2016-08-14_15:06:00.00,502.0,-67.35,-67.01,2
2016-08-14_15:06:00.00,504.0,-66.47,-73.15,1
2016-08-14_15:06:00.00,506.0,-68.38,-70.33,2
2016-08-14_15:06:00.00,508.0,-66.63,-67.65,2
2016-08-14_15:06:00.00,510.0,-65.11,-64.46,2
2016-08-14_15:06:00.00,512.0,-69.18,-68.24,2
2016-08-14_15:06:00.00,514.0,-69.57,-69.31,2
2016-08-14_15:06:00.00,516.0,-70.58,-72.93,2
2016-08-14_15:06:00.00,518.0,-66.33,-73.63,1
2016-08-14_15:06:00.00,520.0,-72.73,-68.7,3
2016-08-14_15:06:00.00,522.0,-75.5,-66.23,3
2016-08-14_15:06:00.00,524.0,-72.75,-66.38,3
2016-08-14_15:06:00.00,526.0,-73.31,-71.22,2
2016-08-14_15:06:00.00,528.0,-71.76,-72.73,2
2016-08-14_15:06:00.00,530.0,-76.65,-64.95,3
2016-08-14_15:06:00.00,532.0,-74.51,-69.73,3
2016-08-14_15:06:00.00,534.0,-78.42,-69.63,3
2016-08-14_15:06:00.00,536.0,-80.01,-69.08,3
2016-08-14_15:06:00.00,538.0,-79.3,-73.0,3
2016-08-14_15:06:00.00,540.0,-77.25,-70.37,3
2016-08-14_15:06:00.00,542.0,-72.45,-66.78,3
2016-08-14_15:06:00.00,544.0,-77.55,-68.12,3
2016-08-14_15:06:00.00,546.0,-79.08,-72.75,3
2016-08-14_15:06:00.00,548.0,-76.83,-67.36,3
2016-08-14_15:06:00.00,550.0,-75.16,-67.34,3
2016-08-14_15:06:00.00,552.0,-76.71,-67.09,3
2016-08-14_15:06:00.00,554.0,-76.12,-70.06,3
2016-08-14_15:06:00.00,556.0,-78.0,-70.97,3
2016-08-14_15:06:00.00,558.0,-79.45,-67.17,3
2016-08-14_15:06:00.00,560.0,-80.95,-73.3,3
2016-08-14_15:06:00.00,562.0,-80.51,-68.54,3
2016-08-14_15:06:00.00,564.0,-75.93,-69.76,3
2016-08-14_15:06:00.00,566.0,-77.12,-68.13,3
2016-08-14_15:06:00.00,568.0,-76.79,-67.36,3
2016-08-14_15:06:00.00,570.0,-76.68,-67.1,3
2016-08-14_15:06:00.00,572.0,-78.92,-69.79,3
2016-08-14_15:06:10.00,450.0,-69.01,-67.9,2
2016-08-14_15:06:10.00,452.0,-70.08,-67.71,2
2016-08-14_15:06:10.00,454.0,-66.15,-67.13,2
2016-08-14_15:06:10.00,456.0,-68.09,-65.06,3
2016-08-14_15:06:10.00,458.0,-69.5,-69.92,2
2016-08-14_15:06:10.00,460.0,-69.03,-66.34,2
2016-08-14_15:06:10.00,462.0,-73.59,-68.59,3
2016-08-14_15:06:10.00,464.0,-73.2,-63.8,3
2016-08-14_15:06:10.00,466.0,-73.74,-66.21,3
2016-08-14_15:06:10.00,468.0,-73.84,-64.64,3
2016-08-14_15:06:10.00,470.0,-76.11,-68.98,3
2016-08-14_15:06:10.00,472.0,-75.63,-66.78,3
2016-08-14_15:06:10.00,474.0,-69.07,-67.76,2
2016-08-14_15:06:10.00,476.0,-77.09,-68.07,3
2016-08-14_15:06:10.00,478.0,-70.77,-67.18,3
2016-08-14_15:06:10.00,480.0,-77.62,-73.85,3
2016-08-14_15:06:10.00,482.0,-72.89,-70.1,2
2016-08-14_15:06:10.00,484.0,-69.87,-69.78,2
2016-08-14_15:06:10.00,486.0,-75.63,-68.62,3
2016-08-14_15:06:10.00,488.0,-72.13,-67.54,3
2016-08-14_15:06:10.00,490.0,-67.86,-67.38,2
2016-08-14_15:06:10.00,492.0,-67.68,-70.34,2
2016-08-14_15:06:10.00,494.0,-69.8,-67.05,2
2016-08-14_15:06:10.00,496.0,-67.64,-66.65,2
2016-08-14_15:06:10.00,498.0,-69.76,-70.39,2
2016-08-14_15:06:10.00,500.0,-70.68,-69.3,2
2016-08-14_15:06:10.00,502.0,-66.98,-70.33,1
2016-08-14_15:06:10.00,504.0,-68.24,-66.05,2
2016-08-14_15:06:10.00,506.0,-73.2,-70.45,2
2016-08-14_15:06:10.00,508.0,-66.53,-68.38,2
2016-08-14_15:06:10.00,510.0,-69.15,-69.31,2
2016-08-14_15:06:10.00,512.0,-72.36,-67.41,3
2016-08-14_15:06:10.00,514.0,-68.19,-71.73,1
2016-08-14_15:06:10.00,516.0,-69.59,-67.92,2
2016-08-14_15:06:10.00,518.0,-72.13,-72.5,2
2016-08-14_15:06:10.00,520.0,-79.98,-70.3,3
2016-08-14_15:06:10.00,522.0,-72.78,-71.18,2
2016-08-14_15:06:10.00,524.0,-73.05,-66.55,3
2016-08-14_15:06:10.00,526.0,-74.62,-66.66,3
2016-08-14_15:06:10.00,528.0,-73.21,-66.28,3
2016-08-14_15:06:10.00,530.0,-72.47,-70.8,2
2016-08-14_15:06:10.00,532.0,-73.49,-70.99,2
2016-08-14_15:06:10.00,534.0,-77.13,-69.9,3
2016-08-14_15:06:10.00,536.0,-74.9,-69.12,3
2016-08-14_15:06:10.00,538.0,-79.79,-70.79,3
2016-08-14_15:06:10.00,540.0,-79.1,-66.97,3
2016-08-14_15:06:10.00,542.0,-80.54,-69.23,3
2016-08-14_15:06:10.00,544.0,-72.2,-68.39,3
2016-08-14_15:06:10.00,546.0,-75.05,-66.81,3
2016-08-14_15:06:10.00,548.0,-75.66,-64.47,3
2016-08-14_15:06:10.00,550.0,-73.48,-67.23,3
2016-08-14_15:06:10.00,552.0,-75.65,-72.14,3
2016-08-14_15:06:10.00,554.0,-75.9,-67.18,3
2016-08-14_15:06:10.00,556.0,-79.19,-67.36,3
2016-08-14_15:06:10.00,558.0,-76.31,-67.66,3
2016-08-14_15:06:10.00,560.0,-80.74,-65.85,3
2016-08-14_15:06:10.00,562.0,-77.53,-71.57,3
2016-08-14_15:06:10.00,564.0,-81.67,-68.61,3
2016-08-14_15:06:10.00,566.0,-81.86,-67.31,3
2016-08-14_15:06:10.00,568.0,-78.75,-75.93,2
